dataset,task,task_type,method,split,metric_name,metric_value,ci_lower,ci_upper,n_folds,cell_deg,feature_dim,n_samples,n_test,seed,model_name,model_target
pdfm-conus27,Percent_Person_WithHighCholesterol,regression,linear,random,r2,0.0418714577489596,0.03619913077121904,0.04754378472670015,5,10.0,4,35157,34894,0,sincos,torchgeo_bench.coordbench.models.SinCosLocationEncoder
pdfm-conus27,Percent_Person_WithPhysicalHealthNotGood,regression,linear,random,r2,0.08945601901511695,0.08170973803965863,0.09720229999057527,5,10.0,4,35157,34894,0,sincos,torchgeo_bench.coordbench.models.SinCosLocationEncoder
pdfm-conus27,Percent_Person_WithStroke,regression,linear,random,r2,0.060122827211897725,0.05322093455139452,0.06702471987240093,5,10.0,4,35157,34894,0,sincos,torchgeo_bench.coordbench.models.SinCosLocationEncoder
pdfm-conus27,Percent_Person_BingeDrinking,regression,linear,random,r2,0.1457680915154946,0.13820323257556974,0.15333295045541948,5,10.0,4,35157,34894,0,sincos,torchgeo_bench.coordbench.models.SinCosLocationEncoder
pdfm-conus27,Percent_Person_PhysicalInactivity,regression,linear,random,r2,0.19561865525185448,0.18468989960302784,0.20654741090068113,5,10.0,4,35157,34894,0,sincos,torchgeo_bench.coordbench.models.SinCosLocationEncoder
pdfm-conus27,Percent_Person_ReceivedAnnualCheckup,regression,linear,random,r2,0.5080916270655169,0.4981895749697575,0.5179936791612764,5,10.0,4,35157,34894,0,sincos,torchgeo_bench.coordbench.models.SinCosLocationEncoder
pdfm-conus27,Percent_Person_WithCancerExcludingSkinCancer,regression,linear,random,r2,0.06448651407917001,0.05538050540944238,0.07359252274889765,5,10.0,4,35157,34894,0,sincos,torchgeo_bench.coordbench.models.SinCosLocationEncoder
pdfm-conus27,Percent_Person_WithDiabetes,regression,linear,random,r2,0.1272601796706117,0.11566783655121116,0.13885252279001226,5,10.0,4,35157,34894,0,sincos,torchgeo_bench.coordbench.models.SinCosLocationEncoder
pdfm-conus27,Percent_Person_WithMentalHealthNotGood,regression,linear,random,r2,0.11098459159532484,0.1062181297217984,0.11575105346885128,5,10.0,4,35157,34894,0,sincos,torchgeo_bench.coordbench.models.SinCosLocationEncoder
pdfm-conus27,Percent_Person_WithCoronaryHeartDisease,regression,linear,random,r2,0.04280043330672567,0.037075340393197855,0.04852552622025349,5,10.0,4,35157,34894,0,sincos,torchgeo_bench.coordbench.models.SinCosLocationEncoder
pdfm-conus27,Percent_Person_WithHighBloodPressure,regression,linear,random,r2,0.1315813313780956,0.12170193872282165,0.14146072403336957,5,10.0,4,35157,34894,0,sincos,torchgeo_bench.coordbench.models.SinCosLocationEncoder
pdfm-conus27,Percent_Person_ReceivedCholesterolScreening,regression,linear,random,r2,0.06390830144636195,0.055859015195299705,0.07195758769742419,5,10.0,4,35157,34894,0,sincos,torchgeo_bench.coordbench.models.SinCosLocationEncoder
pdfm-conus27,Percent_Person_ReceivedDentalVisit,regression,linear,random,r2,0.24729599372031688,0.23460187198074856,0.2599901154598852,5,10.0,4,35157,34894,0,sincos,torchgeo_bench.coordbench.models.SinCosLocationEncoder
pdfm-conus27,Percent_Person_WithAsthma,regression,linear,random,r2,0.08564661110045706,0.08247190634679129,0.08882131585412283,5,10.0,4,35157,34894,0,sincos,torchgeo_bench.coordbench.models.SinCosLocationEncoder
pdfm-conus27,Percent_Person_WithChronicKidneyDisease,regression,linear,random,r2,0.045432753676192664,0.03888354378912949,0.05198196356325584,5,10.0,4,35157,34894,0,sincos,torchgeo_bench.coordbench.models.SinCosLocationEncoder
pdfm-conus27,Percent_Person_WithArthritis,regression,linear,random,r2,0.05879628508556047,0.05230588033398957,0.06528668983713137,5,10.0,4,35157,34894,0,sincos,torchgeo_bench.coordbench.models.SinCosLocationEncoder
pdfm-conus27,Percent_Person_WithChronicObstructivePulmonaryDisease,regression,linear,random,r2,0.07379484206521972,0.06658202761664768,0.08100765651379176,5,10.0,4,35157,34894,0,sincos,torchgeo_bench.coordbench.models.SinCosLocationEncoder
pdfm-conus27,Percent_Person_18OrMoreYears_WithHighBloodPressure_ReceivedTakingBloodPressureMedication,regression,linear,random,r2,0.10725507451973115,0.09475532052110895,0.11975482851835335,5,10.0,4,35157,34894,0,sincos,torchgeo_bench.coordbench.models.SinCosLocationEncoder
pdfm-conus27,Percent_Person_Obesity,regression,linear,random,r2,0.20601504406037807,0.1945735609618119,0.21745652715894426,5,10.0,4,35157,34894,0,sincos,torchgeo_bench.coordbench.models.SinCosLocationEncoder
pdfm-conus27,Percent_Person_SleepLessThan7Hours,regression,linear,random,r2,0.23950774074208853,0.23026610979743764,0.2487493716867394,5,10.0,4,35157,34894,0,sincos,torchgeo_bench.coordbench.models.SinCosLocationEncoder
pdfm-conus27,Percent_Person_Smoking,regression,linear,random,r2,0.13598553549610454,0.12893364440087832,0.14303742659133076,5,10.0,4,35157,34894,0,sincos,torchgeo_bench.coordbench.models.SinCosLocationEncoder
pdfm-conus27,Median_Income_Household,regression,linear,random,r2,0.08230484597074408,0.0773732117950715,0.08723648014641666,5,10.0,4,35157,34835,0,sincos,torchgeo_bench.coordbench.models.SinCosLocationEncoder
pdfm-conus27,Median_HomeValue_HousingUnit_OccupiedHousingUnit_OwnerOccupied,regression,linear,random,r2,0.2773868451495121,0.2659380460929885,0.28883564420603575,5,10.0,4,35157,34609,0,sincos,torchgeo_bench.coordbench.models.SinCosLocationEncoder
pdfm-conus27,night_lights_log10,regression,linear,random,r2,0.07427630084559414,0.06927820975436327,0.079274391936825,5,10.0,4,35157,35157,0,sincos,torchgeo_bench.coordbench.models.SinCosLocationEncoder
pdfm-conus27,population_density_log10,regression,linear,random,r2,0.16366432197664146,0.1575168693304267,0.16981177462285624,5,10.0,4,35157,35157,0,sincos,torchgeo_bench.coordbench.models.SinCosLocationEncoder
pdfm-conus27,tree_cover,regression,linear,random,r2,0.2806840847537314,0.2689549213577762,0.2924132481496866,5,10.0,4,35157,35157,0,sincos,torchgeo_bench.coordbench.models.SinCosLocationEncoder
pdfm-conus27,elevation,regression,linear,random,r2,0.27263114394114146,0.264464836072208,0.2807974518100749,5,10.0,4,35157,35157,0,sincos,torchgeo_bench.coordbench.models.SinCosLocationEncoder
pdfm-conus27,Percent_Person_WithHighCholesterol,regression,linear,spatial,r2,-0.08218436798843864,-0.12463267714138082,-0.03973605883549646,5,10.0,4,35157,34894,0,sincos,torchgeo_bench.coordbench.models.SinCosLocationEncoder
pdfm-conus27,Percent_Person_WithPhysicalHealthNotGood,regression,linear,spatial,r2,-0.19212996402481658,-0.3577109109873743,-0.026549017062258873,5,10.0,4,35157,34894,0,sincos,torchgeo_bench.coordbench.models.SinCosLocationEncoder
pdfm-conus27,Percent_Person_WithStroke,regression,linear,spatial,r2,-0.06340328948004367,-0.11338618849508299,-0.013420390465004359,5,10.0,4,35157,34894,0,sincos,torchgeo_bench.coordbench.models.SinCosLocationEncoder
pdfm-conus27,Percent_Person_BingeDrinking,regression,linear,spatial,r2,-0.15701032789355468,-0.3415738296154326,0.027553173828323202,5,10.0,4,35157,34894,0,sincos,torchgeo_bench.coordbench.models.SinCosLocationEncoder
pdfm-conus27,Percent_Person_PhysicalInactivity,regression,linear,spatial,r2,0.026776309173729196,-0.047261812024057256,0.10081443037151565,5,10.0,4,35157,34894,0,sincos,torchgeo_bench.coordbench.models.SinCosLocationEncoder
pdfm-conus27,Percent_Person_ReceivedAnnualCheckup,regression,linear,spatial,r2,0.29839090692367076,0.0755687809078186,0.5212130329395229,5,10.0,4,35157,34894,0,sincos,torchgeo_bench.coordbench.models.SinCosLocationEncoder
pdfm-conus27,Percent_Person_WithCancerExcludingSkinCancer,regression,linear,spatial,r2,0.017139520755151218,-0.039996878632333734,0.07427592014263618,5,10.0,4,35157,34894,0,sincos,torchgeo_bench.coordbench.models.SinCosLocationEncoder
pdfm-conus27,Percent_Person_WithDiabetes,regression,linear,spatial,r2,-0.023163185869081615,-0.08773154764272525,0.041405175904562025,5,10.0,4,35157,34894,0,sincos,torchgeo_bench.coordbench.models.SinCosLocationEncoder
pdfm-conus27,Percent_Person_WithMentalHealthNotGood,regression,linear,spatial,r2,-0.2420653222436112,-0.4051802664868245,-0.07895037800039789,5,10.0,4,35157,34894,0,sincos,torchgeo_bench.coordbench.models.SinCosLocationEncoder
pdfm-conus27,Percent_Person_WithCoronaryHeartDisease,regression,linear,spatial,r2,-0.08611122697846278,-0.13969937940431648,-0.03252307455260908,5,10.0,4,35157,34894,0,sincos,torchgeo_bench.coordbench.models.SinCosLocationEncoder
pdfm-conus27,Percent_Person_WithHighBloodPressure,regression,linear,spatial,r2,-0.15452400033123936,-0.27893045668044286,-0.030117543982035866,5,10.0,4,35157,34894,0,sincos,torchgeo_bench.coordbench.models.SinCosLocationEncoder
pdfm-conus27,Percent_Person_ReceivedCholesterolScreening,regression,linear,spatial,r2,-0.05419098802623394,-0.14655633838799398,0.038174362335526096,5,10.0,4,35157,34894,0,sincos,torchgeo_bench.coordbench.models.SinCosLocationEncoder
pdfm-conus27,Percent_Person_ReceivedDentalVisit,regression,linear,spatial,r2,-0.010579437037093941,-0.2642029189727318,0.2430440448985439,5,10.0,4,35157,34894,0,sincos,torchgeo_bench.coordbench.models.SinCosLocationEncoder
pdfm-conus27,Percent_Person_WithAsthma,regression,linear,spatial,r2,-0.186498354415246,-0.32297038777711085,-0.0500263210533812,5,10.0,4,35157,34894,0,sincos,torchgeo_bench.coordbench.models.SinCosLocationEncoder
pdfm-conus27,Percent_Person_WithChronicKidneyDisease,regression,linear,spatial,r2,-0.01904937054643465,-0.05171393681547389,0.01361519572260459,5,10.0,4,35157,34894,0,sincos,torchgeo_bench.coordbench.models.SinCosLocationEncoder
pdfm-conus27,Percent_Person_WithArthritis,regression,linear,spatial,r2,-0.12068875487902045,-0.23009358284720555,-0.011283926910835351,5,10.0,4,35157,34894,0,sincos,torchgeo_bench.coordbench.models.SinCosLocationEncoder
pdfm-conus27,Percent_Person_WithChronicObstructivePulmonaryDisease,regression,linear,spatial,r2,-0.2140274317174006,-0.3757208758884194,-0.0523339875463818,5,10.0,4,35157,34894,0,sincos,torchgeo_bench.coordbench.models.SinCosLocationEncoder
pdfm-conus27,Percent_Person_18OrMoreYears_WithHighBloodPressure_ReceivedTakingBloodPressureMedication,regression,linear,spatial,r2,0.06491739701632844,0.007914568557774095,0.12192022547488279,5,10.0,4,35157,34894,0,sincos,torchgeo_bench.coordbench.models.SinCosLocationEncoder
pdfm-conus27,Percent_Person_Obesity,regression,linear,spatial,r2,-0.05233350902053402,-0.17585816755239678,0.07119114951132874,5,10.0,4,35157,34894,0,sincos,torchgeo_bench.coordbench.models.SinCosLocationEncoder
pdfm-conus27,Percent_Person_SleepLessThan7Hours,regression,linear,spatial,r2,0.03289053311743011,-0.1279853875251159,0.19376645375997614,5,10.0,4,35157,34894,0,sincos,torchgeo_bench.coordbench.models.SinCosLocationEncoder
pdfm-conus27,Percent_Person_Smoking,regression,linear,spatial,r2,-0.10789863469622354,-0.22509403183904828,0.009296762446601187,5,10.0,4,35157,34894,0,sincos,torchgeo_bench.coordbench.models.SinCosLocationEncoder
pdfm-conus27,Median_Income_Household,regression,linear,spatial,r2,-0.07268243929184656,-0.17462119569911333,0.02925631711542022,5,10.0,4,35157,34835,0,sincos,torchgeo_bench.coordbench.models.SinCosLocationEncoder
pdfm-conus27,Median_HomeValue_HousingUnit_OccupiedHousingUnit_OwnerOccupied,regression,linear,spatial,r2,0.005602684567533167,-0.17572015213237116,0.18692552126743747,5,10.0,4,35157,34609,0,sincos,torchgeo_bench.coordbench.models.SinCosLocationEncoder
pdfm-conus27,night_lights_log10,regression,linear,spatial,r2,0.002870489312350988,-0.047778020978114476,0.053518999602816454,5,10.0,4,35157,35157,0,sincos,torchgeo_bench.coordbench.models.SinCosLocationEncoder
pdfm-conus27,population_density_log10,regression,linear,spatial,r2,0.03604886235945959,-0.10793708347110581,0.180034808190025,5,10.0,4,35157,35157,0,sincos,torchgeo_bench.coordbench.models.SinCosLocationEncoder
pdfm-conus27,tree_cover,regression,linear,spatial,r2,0.03947878140702958,-0.20556548972923266,0.2845230525432918,5,10.0,4,35157,35157,0,sincos,torchgeo_bench.coordbench.models.SinCosLocationEncoder
pdfm-conus27,elevation,regression,linear,spatial,r2,-0.029903691451672553,-0.28073374783548166,0.22092636493213658,5,10.0,4,35157,35157,0,sincos,torchgeo_bench.coordbench.models.SinCosLocationEncoder
satclip-air-temp,air_temperature,regression,linear,random,r2,0.8515120394119904,0.842166361604368,0.8608577172196128,5,10.0,4,3076,3076,0,sincos,torchgeo_bench.coordbench.models.SinCosLocationEncoder
satclip-air-temp,air_temperature,regression,linear,spatial,r2,0.8420558917830272,0.8006260528155624,0.883485730750492,5,10.0,4,3076,3076,0,sincos,torchgeo_bench.coordbench.models.SinCosLocationEncoder
california-housing,median_house_value,regression,linear,random,r2,0.24333432313033027,0.23865343991359372,0.2480152063470668,5,10.0,4,20640,20640,0,sincos,torchgeo_bench.coordbench.models.SinCosLocationEncoder
california-housing,median_house_value,regression,linear,spatial,r2,-1.2192166497744021,-1.2725431213508265,-1.1658901781979778,5,10.0,4,20640,20640,0,sincos,torchgeo_bench.coordbench.models.SinCosLocationEncoder
satclip-country,country,classification,knn5,random,accuracy,0.9677486543653119,0.9661528706104733,0.9693444381201505,5,10.0,4,33053,33053,0,sincos,torchgeo_bench.coordbench.models.SinCosLocationEncoder
satclip-country,country,classification,linear,random,accuracy,0.5328109860420227,0.5286687993577065,0.5369531727263389,5,10.0,4,33053,33053,0,sincos,torchgeo_bench.coordbench.models.SinCosLocationEncoder
satclip-country,country,classification,knn5,spatial,accuracy,0.8698352691065538,0.8439239382840482,0.8957465999290595,5,10.0,4,33053,33053,0,sincos,torchgeo_bench.coordbench.models.SinCosLocationEncoder
satclip-country,country,classification,linear,spatial,accuracy,0.5287154376506805,0.45964650678949937,0.5977843685118617,5,10.0,4,33053,33053,0,sincos,torchgeo_bench.coordbench.models.SinCosLocationEncoder
satclip-ecoregion,ecoregion_class_index,classification,knn5,random,accuracy,0.850966299331769,0.8462510665624907,0.8556815321010474,5,10.0,4,32798,32798,0,sincos,torchgeo_bench.coordbench.models.SinCosLocationEncoder
satclip-ecoregion,ecoregion_class_index,classification,linear,random,accuracy,0.3512711703777313,0.34774286420060146,0.35479947655486116,5,10.0,4,32798,32798,0,sincos,torchgeo_bench.coordbench.models.SinCosLocationEncoder
satclip-ecoregion,ecoregion_class_index,classification,knn5,spatial,accuracy,0.6473496421727407,0.6166031867090762,0.6780960976364052,5,10.0,4,32798,32798,0,sincos,torchgeo_bench.coordbench.models.SinCosLocationEncoder
satclip-ecoregion,ecoregion_class_index,classification,linear,spatial,accuracy,0.3375319838523865,0.27645745786768855,0.3986065098370844,5,10.0,4,32798,32798,0,sincos,torchgeo_bench.coordbench.models.SinCosLocationEncoder
satclip-biome,biome_class_index,classification,knn5,random,accuracy,0.9262149104377155,0.9240340738125611,0.92839574706287,5,10.0,4,32798,32798,0,sincos,torchgeo_bench.coordbench.models.SinCosLocationEncoder
satclip-biome,biome_class_index,classification,linear,random,accuracy,0.5846391081809997,0.5800477178471277,0.5892304985148717,5,10.0,4,32798,32798,0,sincos,torchgeo_bench.coordbench.models.SinCosLocationEncoder
satclip-biome,biome_class_index,classification,knn5,spatial,accuracy,0.820488335116764,0.8116901056152384,0.8292865646182896,5,10.0,4,32798,32798,0,sincos,torchgeo_bench.coordbench.models.SinCosLocationEncoder
satclip-biome,biome_class_index,classification,linear,spatial,accuracy,0.5562602758407593,0.5201041799732866,0.592416371708232,5,10.0,4,32798,32798,0,sincos,torchgeo_bench.coordbench.models.SinCosLocationEncoder
satclip-population,log_population,regression,linear,random,r2,0.33200476987135064,0.32808914494061714,0.33592039480208413,5,10.0,4,74512,74512,0,sincos,torchgeo_bench.coordbench.models.SinCosLocationEncoder
satclip-population,log_population,regression,linear,spatial,r2,0.2899064722621321,0.15708305043254936,0.4227298940917149,5,10.0,4,74512,74512,0,sincos,torchgeo_bench.coordbench.models.SinCosLocationEncoder
satclip-elevation,elevation,regression,linear,random,r2,0.08570775351566136,0.08241606505124693,0.08899944198007578,5,10.0,4,100000,99995,0,sincos,torchgeo_bench.coordbench.models.SinCosLocationEncoder
satclip-elevation,elevation,regression,linear,spatial,r2,0.04145793877093908,0.019715417126005563,0.0632004604158726,5,10.0,4,100000,99995,0,sincos,torchgeo_bench.coordbench.models.SinCosLocationEncoder
sustainbench-asset,asset_index,regression,linear,official,r2,0.15242753549641885,0.15242753549641885,0.15242753549641885,1,10.0,4,86936,86936,0,sincos,torchgeo_bench.coordbench.models.SinCosLocationEncoder
sustainbench-water,water_index,regression,linear,official,r2,0.07439042956458841,0.07439042956458841,0.07439042956458841,1,10.0,4,87938,87938,0,sincos,torchgeo_bench.coordbench.models.SinCosLocationEncoder
sustainbench-sanitation,sanitation_index,regression,linear,official,r2,0.13687660435526405,0.13687660435526405,0.13687660435526405,1,10.0,4,89271,89271,0,sincos,torchgeo_bench.coordbench.models.SinCosLocationEncoder
sustainbench-child_mortality,under5_mort,regression,linear,official,r2,0.005278180378120778,0.005278180378120778,0.005278180378120778,1,10.0,4,105582,105582,0,sincos,torchgeo_bench.coordbench.models.SinCosLocationEncoder
sustainbench-women_edu,women_edu,regression,linear,official,r2,0.14778187176624935,0.14778187176624935,0.14778187176624935,1,10.0,4,117062,117062,0,sincos,torchgeo_bench.coordbench.models.SinCosLocationEncoder
sustainbench-women_bmi,women_bmi,regression,linear,official,r2,0.27071101810488474,0.27071101810488474,0.27071101810488474,1,10.0,4,94866,94866,0,sincos,torchgeo_bench.coordbench.models.SinCosLocationEncoder
bt-cropharvest,crop_type,classification,knn5,random,accuracy,0.5686111111111111,0.5491349465078242,0.5880872757143979,5,10.0,4,3600,3600,0,sincos,torchgeo_bench.coordbench.models.SinCosLocationEncoder
bt-cropharvest,crop_type,classification,linear,random,accuracy,0.2977777898311615,0.28008703490784,0.315468544754483,5,10.0,4,3600,3600,0,sincos,torchgeo_bench.coordbench.models.SinCosLocationEncoder
bt-cropharvest,crop_type,classification,knn5,spatial,accuracy,0.1984061326514912,0.04027037010142126,0.35654189520156115,5,10.0,4,3600,3600,0,sincos,torchgeo_bench.coordbench.models.SinCosLocationEncoder
bt-cropharvest,crop_type,classification,linear,spatial,accuracy,0.12546052802354096,0.007079460188120876,0.24384159585896104,5,10.0,4,3600,3600,0,sincos,torchgeo_bench.coordbench.models.SinCosLocationEncoder
bt-biomass,biomass,regression,linear,random,r2,0.0860186066576805,0.08266833423422401,0.089368879081137,5,10.0,4,18393,18393,0,sincos,torchgeo_bench.coordbench.models.SinCosLocationEncoder
bt-biomass,biomass,regression,linear,spatial,r2,0.048684746267509,0.018157314526284184,0.07921217800873381,5,10.0,4,18393,18393,0,sincos,torchgeo_bench.coordbench.models.SinCosLocationEncoder
bt-landcover,water,regression,linear,random,r2,0.008179577595847398,0.003103256364097847,0.013255898827596948,5,10.0,4,10000,10000,0,sincos,torchgeo_bench.coordbench.models.SinCosLocationEncoder
bt-landcover,trees,regression,linear,random,r2,0.07171282305332849,0.0665076775181234,0.07691796858853357,5,10.0,4,10000,10000,0,sincos,torchgeo_bench.coordbench.models.SinCosLocationEncoder
bt-landcover,grass,regression,linear,random,r2,0.023758693079855498,0.016291613845469538,0.031225772314241458,5,10.0,4,10000,10000,0,sincos,torchgeo_bench.coordbench.models.SinCosLocationEncoder
bt-landcover,flooded_vegetation,regression,linear,random,r2,0.026766743960742766,0.013474912455814933,0.0400585754656706,5,10.0,4,10000,10000,0,sincos,torchgeo_bench.coordbench.models.SinCosLocationEncoder
bt-landcover,crops,regression,linear,random,r2,0.019666880000892607,0.012849433600706731,0.026484326401078482,5,10.0,4,10000,10000,0,sincos,torchgeo_bench.coordbench.models.SinCosLocationEncoder
bt-landcover,shrub_and_scrub,regression,linear,random,r2,0.1523449451046599,0.14450186045253846,0.16018802975678134,5,10.0,4,10000,10000,0,sincos,torchgeo_bench.coordbench.models.SinCosLocationEncoder
bt-landcover,built,regression,linear,random,r2,0.017263113618479698,0.013044566828264876,0.021481660408694522,5,10.0,4,10000,10000,0,sincos,torchgeo_bench.coordbench.models.SinCosLocationEncoder
bt-landcover,bare,regression,linear,random,r2,0.12352526956717398,0.11473520392414657,0.1323153352102014,5,10.0,4,10000,10000,0,sincos,torchgeo_bench.coordbench.models.SinCosLocationEncoder
bt-landcover,snow_and_ice,regression,linear,random,r2,0.7254357623846737,0.719361548204741,0.7315099765646064,5,10.0,4,10000,10000,0,sincos,torchgeo_bench.coordbench.models.SinCosLocationEncoder
bt-landcover,water,regression,linear,spatial,r2,0.004974171853399522,-0.0023246661535123916,0.012273009860311436,5,10.0,4,10000,10000,0,sincos,torchgeo_bench.coordbench.models.SinCosLocationEncoder
bt-landcover,trees,regression,linear,spatial,r2,0.045977780666300164,0.016289931024815164,0.07566563030778517,5,10.0,4,10000,10000,0,sincos,torchgeo_bench.coordbench.models.SinCosLocationEncoder
bt-landcover,grass,regression,linear,spatial,r2,0.015689326656814374,0.008270056726620095,0.023108596587008652,5,10.0,4,10000,10000,0,sincos,torchgeo_bench.coordbench.models.SinCosLocationEncoder
bt-landcover,flooded_vegetation,regression,linear,spatial,r2,0.02071322830137845,0.0013390268003841237,0.04008742980237277,5,10.0,4,10000,10000,0,sincos,torchgeo_bench.coordbench.models.SinCosLocationEncoder
bt-landcover,crops,regression,linear,spatial,r2,0.008371556114442513,-0.003584576322208405,0.02032768855109343,5,10.0,4,10000,10000,0,sincos,torchgeo_bench.coordbench.models.SinCosLocationEncoder
bt-landcover,shrub_and_scrub,regression,linear,spatial,r2,0.11891091686778976,0.012092475401567049,0.22572935833401248,5,10.0,4,10000,10000,0,sincos,torchgeo_bench.coordbench.models.SinCosLocationEncoder
bt-landcover,built,regression,linear,spatial,r2,0.006144019250222299,-0.0011079965407046503,0.013396035041149248,5,10.0,4,10000,10000,0,sincos,torchgeo_bench.coordbench.models.SinCosLocationEncoder
bt-landcover,bare,regression,linear,spatial,r2,0.08136325432773132,0.024210905642196308,0.13851560301326635,5,10.0,4,10000,10000,0,sincos,torchgeo_bench.coordbench.models.SinCosLocationEncoder
bt-landcover,snow_and_ice,regression,linear,spatial,r2,0.7059588335469333,0.645825782601176,0.7660918844926907,5,10.0,4,10000,10000,0,sincos,torchgeo_bench.coordbench.models.SinCosLocationEncoder
bt-bioclim,bioclim_01,regression,linear,random,r2,0.8862511130716321,0.883031005020918,0.8894712211223461,5,10.0,4,9681,9681,0,sincos,torchgeo_bench.coordbench.models.SinCosLocationEncoder
bt-bioclim,bioclim_02,regression,linear,random,r2,0.20734897019960155,0.1956597828530825,0.2190381575461206,5,10.0,4,9681,9681,0,sincos,torchgeo_bench.coordbench.models.SinCosLocationEncoder
bt-bioclim,bioclim_03,regression,linear,random,r2,0.7927625604935753,0.7873907069978034,0.7981344139893471,5,10.0,4,9681,9681,0,sincos,torchgeo_bench.coordbench.models.SinCosLocationEncoder
bt-bioclim,bioclim_04,regression,linear,random,r2,0.8064739823460927,0.8013599965142114,0.811587968177974,5,10.0,4,9681,9681,0,sincos,torchgeo_bench.coordbench.models.SinCosLocationEncoder
bt-bioclim,bioclim_05,regression,linear,random,r2,0.6333397621115964,0.6181368572538698,0.648542666969323,5,10.0,4,9681,9681,0,sincos,torchgeo_bench.coordbench.models.SinCosLocationEncoder
bt-bioclim,bioclim_06,regression,linear,random,r2,0.864659069934057,0.8599902690947787,0.8693278707733352,5,10.0,4,9681,9681,0,sincos,torchgeo_bench.coordbench.models.SinCosLocationEncoder
bt-bioclim,bioclim_07,regression,linear,random,r2,0.666662293569881,0.6590323439520048,0.6742922431877573,5,10.0,4,9681,9681,0,sincos,torchgeo_bench.coordbench.models.SinCosLocationEncoder
bt-bioclim,bioclim_08,regression,linear,random,r2,0.5425663604570572,0.5256993925813467,0.5594333283327677,5,10.0,4,9681,9681,0,sincos,torchgeo_bench.coordbench.models.SinCosLocationEncoder
bt-bioclim,bioclim_09,regression,linear,random,r2,0.7816368576561802,0.7757090565704332,0.7875646587419272,5,10.0,4,9681,9681,0,sincos,torchgeo_bench.coordbench.models.SinCosLocationEncoder
bt-bioclim,bioclim_10,regression,linear,random,r2,0.6949145607530323,0.6815221599724536,0.708306961533611,5,10.0,4,9681,9681,0,sincos,torchgeo_bench.coordbench.models.SinCosLocationEncoder
bt-bioclim,bioclim_11,regression,linear,random,r2,0.8980897481779309,0.8948718953656543,0.9013076009902075,5,10.0,4,9681,9681,0,sincos,torchgeo_bench.coordbench.models.SinCosLocationEncoder
bt-bioclim,bioclim_12,regression,linear,random,r2,0.203914756168611,0.19470645528403333,0.21312305705318865,5,10.0,4,9681,9681,0,sincos,torchgeo_bench.coordbench.models.SinCosLocationEncoder
bt-bioclim,bioclim_13,regression,linear,random,r2,0.2234355405513452,0.2107793499173485,0.2360917311853419,5,10.0,4,9681,9681,0,sincos,torchgeo_bench.coordbench.models.SinCosLocationEncoder
bt-bioclim,bioclim_14,regression,linear,random,r2,0.07867194442727951,0.06597743405490723,0.09136645479965179,5,10.0,4,9681,9681,0,sincos,torchgeo_bench.coordbench.models.SinCosLocationEncoder
bt-bioclim,bioclim_15,regression,linear,random,r2,0.23122666352311363,0.2141928866120672,0.24826044043416007,5,10.0,4,9681,9681,0,sincos,torchgeo_bench.coordbench.models.SinCosLocationEncoder
bt-bioclim,bioclim_16,regression,linear,random,r2,0.2216111161032856,0.2107178303211866,0.2325044018853846,5,10.0,4,9681,9681,0,sincos,torchgeo_bench.coordbench.models.SinCosLocationEncoder
bt-bioclim,bioclim_17,regression,linear,random,r2,0.08713251656790347,0.07361460864811645,0.10065042448769049,5,10.0,4,9681,9681,0,sincos,torchgeo_bench.coordbench.models.SinCosLocationEncoder
bt-bioclim,bioclim_18,regression,linear,random,r2,0.12628572466247825,0.12015180510872422,0.13241964421623229,5,10.0,4,9681,9681,0,sincos,torchgeo_bench.coordbench.models.SinCosLocationEncoder
bt-bioclim,bioclim_19,regression,linear,random,r2,0.10722479875115173,0.09223250427438101,0.12221709322792246,5,10.0,4,9681,9681,0,sincos,torchgeo_bench.coordbench.models.SinCosLocationEncoder
bt-bioclim,bioclim_01,regression,linear,spatial,r2,0.8781155127522673,0.8370932962054893,0.9191377292990452,5,10.0,4,9681,9681,0,sincos,torchgeo_bench.coordbench.models.SinCosLocationEncoder
bt-bioclim,bioclim_02,regression,linear,spatial,r2,0.18293402263458303,0.13550984921607917,0.23035819605308688,5,10.0,4,9681,9681,0,sincos,torchgeo_bench.coordbench.models.SinCosLocationEncoder
bt-bioclim,bioclim_03,regression,linear,spatial,r2,0.7709184453329408,0.7497554607882326,0.7920814298776491,5,10.0,4,9681,9681,0,sincos,torchgeo_bench.coordbench.models.SinCosLocationEncoder
bt-bioclim,bioclim_04,regression,linear,spatial,r2,0.7895908953228821,0.7602764660020361,0.818905324643728,5,10.0,4,9681,9681,0,sincos,torchgeo_bench.coordbench.models.SinCosLocationEncoder
bt-bioclim,bioclim_05,regression,linear,spatial,r2,0.6169452228616173,0.550810268824425,0.6830801768988097,5,10.0,4,9681,9681,0,sincos,torchgeo_bench.coordbench.models.SinCosLocationEncoder
bt-bioclim,bioclim_06,regression,linear,spatial,r2,0.8524217766264514,0.8142863103783298,0.8905572428745729,5,10.0,4,9681,9681,0,sincos,torchgeo_bench.coordbench.models.SinCosLocationEncoder
bt-bioclim,bioclim_07,regression,linear,spatial,r2,0.6424330462685649,0.5946779453389954,0.6901881471981344,5,10.0,4,9681,9681,0,sincos,torchgeo_bench.coordbench.models.SinCosLocationEncoder
bt-bioclim,bioclim_08,regression,linear,spatial,r2,0.5195703081049392,0.470986443549622,0.5681541726602565,5,10.0,4,9681,9681,0,sincos,torchgeo_bench.coordbench.models.SinCosLocationEncoder
bt-bioclim,bioclim_09,regression,linear,spatial,r2,0.7605913456035733,0.7054444222106732,0.8157382689964735,5,10.0,4,9681,9681,0,sincos,torchgeo_bench.coordbench.models.SinCosLocationEncoder
bt-bioclim,bioclim_10,regression,linear,spatial,r2,0.6801771619509811,0.6047030834639252,0.755651240438037,5,10.0,4,9681,9681,0,sincos,torchgeo_bench.coordbench.models.SinCosLocationEncoder
bt-bioclim,bioclim_11,regression,linear,spatial,r2,0.8890788282064823,0.862589866359265,0.9155677900536996,5,10.0,4,9681,9681,0,sincos,torchgeo_bench.coordbench.models.SinCosLocationEncoder
bt-bioclim,bioclim_12,regression,linear,spatial,r2,0.13974207123208504,0.03949886279195501,0.23998527967221506,5,10.0,4,9681,9681,0,sincos,torchgeo_bench.coordbench.models.SinCosLocationEncoder
bt-bioclim,bioclim_13,regression,linear,spatial,r2,0.18050605089935798,0.11960643906196224,0.24140566273675373,5,10.0,4,9681,9681,0,sincos,torchgeo_bench.coordbench.models.SinCosLocationEncoder
bt-bioclim,bioclim_14,regression,linear,spatial,r2,0.05559536687650333,0.002326294333076677,0.10886443941992999,5,10.0,4,9681,9681,0,sincos,torchgeo_bench.coordbench.models.SinCosLocationEncoder
bt-bioclim,bioclim_15,regression,linear,spatial,r2,0.19173823109852522,0.1487059111343989,0.23477055106265154,5,10.0,4,9681,9681,0,sincos,torchgeo_bench.coordbench.models.SinCosLocationEncoder
bt-bioclim,bioclim_16,regression,linear,spatial,r2,0.17352987474590426,0.10971776622851108,0.23734198326329742,5,10.0,4,9681,9681,0,sincos,torchgeo_bench.coordbench.models.SinCosLocationEncoder
bt-bioclim,bioclim_17,regression,linear,spatial,r2,0.060397873130615044,0.002188302064698437,0.11860744419653166,5,10.0,4,9681,9681,0,sincos,torchgeo_bench.coordbench.models.SinCosLocationEncoder
bt-bioclim,bioclim_18,regression,linear,spatial,r2,0.09334604056551692,0.03792811453137268,0.14876396659966115,5,10.0,4,9681,9681,0,sincos,torchgeo_bench.coordbench.models.SinCosLocationEncoder
bt-bioclim,bioclim_19,regression,linear,spatial,r2,0.029076154848346136,-0.05352645914251079,0.11167876883920307,5,10.0,4,9681,9681,0,sincos,torchgeo_bench.coordbench.models.SinCosLocationEncoder
bt-population,pop_density,regression,linear,random,r2,0.019723944250486247,0.010539509346559898,0.028908379154412595,5,10.0,4,9681,9681,0,sincos,torchgeo_bench.coordbench.models.SinCosLocationEncoder
bt-population,pop_density,regression,linear,spatial,r2,0.011634281406571833,0.003802804258445645,0.019465758554698023,5,10.0,4,9681,9681,0,sincos,torchgeo_bench.coordbench.models.SinCosLocationEncoder
bt-distroad,maxdist_road,regression,linear,random,r2,0.2018739542139155,0.198605360193852,0.20514254823397898,5,10.0,4,9681,9681,0,sincos,torchgeo_bench.coordbench.models.SinCosLocationEncoder
bt-distroad,maxdist_road,regression,linear,spatial,r2,0.17120957848184176,0.05311190695656065,0.2893072500071229,5,10.0,4,9681,9681,0,sincos,torchgeo_bench.coordbench.models.SinCosLocationEncoder
places-phys_health,phlth_crudeprev,regression,linear,random,r2,0.06769246412552862,0.06443683945768865,0.0709480887933686,5,10.0,4,31435,31435,0,sincos,torchgeo_bench.coordbench.models.SinCosLocationEncoder
places-phys_health,phlth_crudeprev,regression,linear,spatial,r2,-0.2301305276362547,-0.38176441378065296,-0.07849664149185645,5,10.0,4,31435,31435,0,sincos,torchgeo_bench.coordbench.models.SinCosLocationEncoder
places-diabetes,diabetes_crudeprev,regression,linear,random,r2,0.11683465047126126,0.11168083708667995,0.12198846385584258,5,10.0,4,31435,31435,0,sincos,torchgeo_bench.coordbench.models.SinCosLocationEncoder
places-diabetes,diabetes_crudeprev,regression,linear,spatial,r2,-0.1316871712678166,-0.32635576848238484,0.06298142594675166,5,10.0,4,31435,31435,0,sincos,torchgeo_bench.coordbench.models.SinCosLocationEncoder
places-copd,copd_crudeprev,regression,linear,random,r2,0.04112582400573197,0.03733529129116507,0.04491635672029887,5,10.0,4,31435,31435,0,sincos,torchgeo_bench.coordbench.models.SinCosLocationEncoder
places-copd,copd_crudeprev,regression,linear,spatial,r2,-0.2669798331231022,-0.5297213010581822,-0.004238365188022231,5,10.0,4,31435,31435,0,sincos,torchgeo_bench.coordbench.models.SinCosLocationEncoder
places-cancer,cancer_crudeprev,regression,linear,random,r2,0.07101441165691966,0.06515209518736408,0.07687672812647524,5,10.0,4,31435,31435,0,sincos,torchgeo_bench.coordbench.models.SinCosLocationEncoder
places-cancer,cancer_crudeprev,regression,linear,spatial,r2,0.041474691007480156,0.010301401729095407,0.0726479802858649,5,10.0,4,31435,31435,0,sincos,torchgeo_bench.coordbench.models.SinCosLocationEncoder
places-chd,chd_crudeprev,regression,linear,random,r2,0.02477736438737397,0.020620170945973418,0.02893455782877452,5,10.0,4,31435,31435,0,sincos,torchgeo_bench.coordbench.models.SinCosLocationEncoder
places-chd,chd_crudeprev,regression,linear,spatial,r2,-0.1167246688687742,-0.24026024164435555,0.006810903906807178,5,10.0,4,31435,31435,0,sincos,torchgeo_bench.coordbench.models.SinCosLocationEncoder
places-mental_health,mhlth_crudeprev,regression,linear,random,r2,0.09419227575677355,0.08980231613716794,0.09858223537637917,5,10.0,4,31435,31435,0,sincos,torchgeo_bench.coordbench.models.SinCosLocationEncoder
places-mental_health,mhlth_crudeprev,regression,linear,spatial,r2,-0.1885242052666498,-0.33887684932195483,-0.038171561211344796,5,10.0,4,31435,31435,0,sincos,torchgeo_bench.coordbench.models.SinCosLocationEncoder
places-checkup,checkup_crudeprev,regression,linear,random,r2,0.4887266608222463,0.4790234175249828,0.4984299041195098,5,10.0,4,31435,31435,0,sincos,torchgeo_bench.coordbench.models.SinCosLocationEncoder
places-checkup,checkup_crudeprev,regression,linear,spatial,r2,0.3048230688680156,0.07967194438236774,0.5299741933536635,5,10.0,4,31435,31435,0,sincos,torchgeo_bench.coordbench.models.SinCosLocationEncoder
places-sleep_lt7,sleep_crudeprev,regression,linear,random,r2,0.1954031900857674,0.1901655069613408,0.200640873210194,5,10.0,4,32409,32409,0,sincos,torchgeo_bench.coordbench.models.SinCosLocationEncoder
places-sleep_lt7,sleep_crudeprev,regression,linear,spatial,r2,-0.13103448943300341,-0.38966079275317844,0.12759181388717158,5,10.0,4,32409,32409,0,sincos,torchgeo_bench.coordbench.models.SinCosLocationEncoder
places-asthma,casthma_crudeprev,regression,linear,random,r2,0.06478507989311877,0.056605462971049764,0.07296469681518777,5,10.0,4,31435,31435,0,sincos,torchgeo_bench.coordbench.models.SinCosLocationEncoder
places-asthma,casthma_crudeprev,regression,linear,spatial,r2,-0.059884054003553455,-0.13460136442790407,0.014833256420797164,5,10.0,4,31435,31435,0,sincos,torchgeo_bench.coordbench.models.SinCosLocationEncoder
places-obesity,obesity_crudeprev,regression,linear,random,r2,0.1565297278887142,0.146520880850608,0.1665385749268204,5,10.0,4,31435,31435,0,sincos,torchgeo_bench.coordbench.models.SinCosLocationEncoder
places-obesity,obesity_crudeprev,regression,linear,spatial,r2,-0.19160898196309575,-0.6353901384790301,0.2521721745528387,5,10.0,4,31435,31435,0,sincos,torchgeo_bench.coordbench.models.SinCosLocationEncoder
places-smoking,csmoking_crudeprev,regression,linear,random,r2,0.08190337482991603,0.07667058055706755,0.0871361691027645,5,10.0,4,31435,31435,0,sincos,torchgeo_bench.coordbench.models.SinCosLocationEncoder
places-smoking,csmoking_crudeprev,regression,linear,spatial,r2,-0.207221497239343,-0.41458690783406754,0.00014391335538155303,5,10.0,4,31435,31435,0,sincos,torchgeo_bench.coordbench.models.SinCosLocationEncoder
places-high_chol,highchol_crudeprev,regression,linear,random,r2,0.04877223706036142,0.046001879323048285,0.051542594797674555,5,10.0,4,31435,31435,0,sincos,torchgeo_bench.coordbench.models.SinCosLocationEncoder
places-high_chol,highchol_crudeprev,regression,linear,spatial,r2,-0.08403463727184315,-0.15592985547666866,-0.012139419067017668,5,10.0,4,31435,31435,0,sincos,torchgeo_bench.coordbench.models.SinCosLocationEncoder
mosaiks-treecover,treecover,regression,linear,random,r2,0.3370538152188473,0.3333539393207205,0.3407536911169741,5,10.0,4,100000,100000,0,sincos,torchgeo_bench.coordbench.models.SinCosLocationEncoder
mosaiks-treecover,treecover,regression,linear,spatial,r2,0.19619426389730837,0.022633571732706137,0.3697549560619106,5,10.0,4,100000,100000,0,sincos,torchgeo_bench.coordbench.models.SinCosLocationEncoder
mosaiks-elevation,elevation,regression,linear,random,r2,0.4449159375318822,0.44226995535866837,0.447561919705096,5,10.0,4,100000,100000,0,sincos,torchgeo_bench.coordbench.models.SinCosLocationEncoder
mosaiks-elevation,elevation,regression,linear,spatial,r2,-0.18741570361672616,-0.9245271807340019,0.5496957735005494,5,10.0,4,100000,100000,0,sincos,torchgeo_bench.coordbench.models.SinCosLocationEncoder
mosaiks-population,population,regression,linear,random,r2,0.25417524768286814,0.2502049756800042,0.25814551968573207,5,10.0,4,67968,67968,0,sincos,torchgeo_bench.coordbench.models.SinCosLocationEncoder
mosaiks-population,population,regression,linear,spatial,r2,0.13477367299339965,-0.007476967640074106,0.2770243136268734,5,10.0,4,67968,67968,0,sincos,torchgeo_bench.coordbench.models.SinCosLocationEncoder
mosaiks-nightlights,nightlights,regression,linear,random,r2,0.015162865384421288,0.01420828633831697,0.016117444430525606,5,10.0,4,100000,100000,0,sincos,torchgeo_bench.coordbench.models.SinCosLocationEncoder
mosaiks-nightlights,nightlights,regression,linear,spatial,r2,-0.0338970313073367,-0.05988179245715599,-0.007912270157517408,5,10.0,4,100000,100000,0,sincos,torchgeo_bench.coordbench.models.SinCosLocationEncoder
mosaiks-income,income,regression,linear,random,r2,0.062501399308968,0.059021690551461795,0.06598110806647421,5,10.0,4,91377,91377,0,sincos,torchgeo_bench.coordbench.models.SinCosLocationEncoder
mosaiks-income,income,regression,linear,spatial,r2,-0.04558118729100265,-0.09404503955685996,0.0028826649748546623,5,10.0,4,91377,91377,0,sincos,torchgeo_bench.coordbench.models.SinCosLocationEncoder
mosaiks-roads,roads,regression,linear,random,r2,0.008538828957463584,0.007049949120076252,0.010027708794850917,5,10.0,4,100000,100000,0,sincos,torchgeo_bench.coordbench.models.SinCosLocationEncoder
mosaiks-roads,roads,regression,linear,spatial,r2,-0.007633129531686644,-0.015780269110367187,0.0005140100469938997,5,10.0,4,100000,100000,0,sincos,torchgeo_bench.coordbench.models.SinCosLocationEncoder
mosaiks-housing,housing,regression,linear,random,r2,0.2520148354045443,0.24508612392857906,0.2589435468805095,5,10.0,4,54586,54586,0,sincos,torchgeo_bench.coordbench.models.SinCosLocationEncoder
mosaiks-housing,housing,regression,linear,spatial,r2,0.036397157223544196,-0.10572367684544676,0.17851799129253515,5,10.0,4,54586,54586,0,sincos,torchgeo_bench.coordbench.models.SinCosLocationEncoder
country,country,classification,knn5,random,accuracy,0.9442590432312971,0.9378326159221629,0.9506854705404312,5,10.0,4,8432,8432,0,sincos,torchgeo_bench.coordbench.models.SinCosLocationEncoder
country,country,classification,linear,random,accuracy,0.43322743773460387,0.4216005921050248,0.4448542833641829,5,10.0,4,8432,8432,0,sincos,torchgeo_bench.coordbench.models.SinCosLocationEncoder
country,country,classification,knn5,spatial,accuracy,0.7891213707587486,0.7674483722419975,0.8107943692754996,5,10.0,4,8432,8432,0,sincos,torchgeo_bench.coordbench.models.SinCosLocationEncoder
country,country,classification,linear,spatial,accuracy,0.38790940642356875,0.35085889201794707,0.42495992082919043,5,10.0,4,8432,8432,0,sincos,torchgeo_bench.coordbench.models.SinCosLocationEncoder
ecoregions,biome,classification,knn5,random,accuracy,0.8599767981438514,0.851793414344061,0.8681601819436419,5,10.0,4,8620,8620,0,sincos,torchgeo_bench.coordbench.models.SinCosLocationEncoder
ecoregions,biome,classification,linear,random,accuracy,0.4567285180091858,0.44813599538453674,0.46532104063383484,5,10.0,4,8620,8620,0,sincos,torchgeo_bench.coordbench.models.SinCosLocationEncoder
ecoregions,ecoregion,classification,knn5,random,accuracy,0.7092807424593968,0.7002543556083866,0.718307129310407,5,10.0,4,8620,8620,0,sincos,torchgeo_bench.coordbench.models.SinCosLocationEncoder
ecoregions,ecoregion,classification,linear,random,accuracy,0.13839906752109526,0.13164856503186884,0.1451495700103217,5,10.0,4,8620,8620,0,sincos,torchgeo_bench.coordbench.models.SinCosLocationEncoder
ecoregions,biome,classification,knn5,spatial,accuracy,0.7362995029510674,0.7097698131969238,0.762829192705211,5,10.0,4,8620,8620,0,sincos,torchgeo_bench.coordbench.models.SinCosLocationEncoder
ecoregions,biome,classification,linear,spatial,accuracy,0.3732656478881836,0.2999661056243058,0.4465651901520614,5,10.0,4,8620,8620,0,sincos,torchgeo_bench.coordbench.models.SinCosLocationEncoder
ecoregions,ecoregion,classification,knn5,spatial,accuracy,0.4516788468091729,0.4101891882161234,0.49316850540222246,5,10.0,4,8620,8620,0,sincos,torchgeo_bench.coordbench.models.SinCosLocationEncoder
ecoregions,ecoregion,classification,linear,spatial,accuracy,0.12809743136167526,0.0816478273185641,0.17454703540478642,5,10.0,4,8620,8620,0,sincos,torchgeo_bench.coordbench.models.SinCosLocationEncoder
worldclim-bio1,bio1,regression,linear,random,r2,0.8991100894734994,0.8965613196868427,0.901658859260156,5,10.0,4,18068,18068,0,sincos,torchgeo_bench.coordbench.models.SinCosLocationEncoder
worldclim-bio1,bio1,regression,linear,spatial,r2,0.8928869325327706,0.8748130256046887,0.9109608394608526,5,10.0,4,18068,18068,0,sincos,torchgeo_bench.coordbench.models.SinCosLocationEncoder
worldclim-bio12,bio12,regression,linear,random,r2,0.2641046749229121,0.258285737042245,0.26992361280357924,5,10.0,4,18068,18068,0,sincos,torchgeo_bench.coordbench.models.SinCosLocationEncoder
worldclim-bio12,bio12,regression,linear,spatial,r2,0.24080711719783282,0.19003888043070893,0.2915753539649567,5,10.0,4,18068,18068,0,sincos,torchgeo_bench.coordbench.models.SinCosLocationEncoder
soilgrids-soc,soc,regression,linear,random,r2,0.5247363718607632,0.4977101668770227,0.5517625768445036,5,10.0,4,4884,4884,0,sincos,torchgeo_bench.coordbench.models.SinCosLocationEncoder
soilgrids-soc,soc,regression,linear,spatial,r2,0.4880303500617674,0.418540756974739,0.5575199431487958,5,10.0,4,4884,4884,0,sincos,torchgeo_bench.coordbench.models.SinCosLocationEncoder
soilgrids-phh2o,phh2o,regression,linear,random,r2,0.12171044821173342,0.10424765504707934,0.1391732413763875,5,10.0,4,4884,4884,0,sincos,torchgeo_bench.coordbench.models.SinCosLocationEncoder
soilgrids-phh2o,phh2o,regression,linear,spatial,r2,0.09215120208919966,0.07440561723113065,0.10989678694726868,5,10.0,4,4884,4884,0,sincos,torchgeo_bench.coordbench.models.SinCosLocationEncoder
dm-africa_crop_mask,africa_crop_mask,classification,knn5,random,accuracy,0.8830219545009784,0.872364983045834,0.8936789259561229,5,10.0,4,2556,2556,0,sincos,torchgeo_bench.coordbench.models.SinCosLocationEncoder
dm-africa_crop_mask,africa_crop_mask,classification,linear,random,accuracy,0.8755847930908203,0.8675717705125096,0.883597815669131,5,10.0,4,2556,2556,0,sincos,torchgeo_bench.coordbench.models.SinCosLocationEncoder
dm-africa_crop_mask,africa_crop_mask,classification,knn5,spatial,accuracy,0.9091877636381337,0.8327065793521987,0.9856689479240687,5,10.0,4,2556,2556,0,sincos,torchgeo_bench.coordbench.models.SinCosLocationEncoder
dm-africa_crop_mask,africa_crop_mask,classification,linear,spatial,accuracy,0.9184882521629334,0.8484762419708121,0.9885002623550547,5,10.0,4,2556,2556,0,sincos,torchgeo_bench.coordbench.models.SinCosLocationEncoder
dm-aster_ged,aster_ged,regression,linear,random,r2,0.2181152088811563,0.2077204836248295,0.22850993413748308,5,10.0,4,17636,17636,0,sincos,torchgeo_bench.coordbench.models.SinCosLocationEncoder
dm-aster_ged,aster_ged,regression,linear,spatial,r2,0.03419210378409008,-0.21602994020455626,0.28441414777273644,5,10.0,4,17636,17636,0,sincos,torchgeo_bench.coordbench.models.SinCosLocationEncoder
dm-canada_crops_coarse,canada_crops_coarse,classification,knn5,random,accuracy,0.4931905403000549,0.485472495876937,0.5009085847231728,5,10.0,4,16079,16079,0,sincos,torchgeo_bench.coordbench.models.SinCosLocationEncoder
dm-canada_crops_coarse,canada_crops_coarse,classification,linear,random,accuracy,0.45375950932502745,0.44986841616872025,0.45765060248133466,5,10.0,4,16079,16079,0,sincos,torchgeo_bench.coordbench.models.SinCosLocationEncoder
dm-canada_crops_coarse,canada_crops_coarse,classification,knn5,spatial,accuracy,0.3569270817480031,0.22449114156422081,0.4893630219317854,5,10.0,4,16079,16079,0,sincos,torchgeo_bench.coordbench.models.SinCosLocationEncoder
dm-canada_crops_coarse,canada_crops_coarse,classification,linear,spatial,accuracy,0.37979754209518435,0.26731050782992816,0.49228457636044054,5,10.0,4,16079,16079,0,sincos,torchgeo_bench.coordbench.models.SinCosLocationEncoder
dm-canada_crops_fine,canada_crops_fine,classification,knn5,random,accuracy,0.3178629347390971,0.3090199783556929,0.3267058911225013,5,10.0,4,14566,14566,0,sincos,torchgeo_bench.coordbench.models.SinCosLocationEncoder
dm-canada_crops_fine,canada_crops_fine,classification,linear,random,accuracy,0.29513864517211913,0.28901732914446804,0.3012599611997702,5,10.0,4,14566,14566,0,sincos,torchgeo_bench.coordbench.models.SinCosLocationEncoder
dm-canada_crops_fine,canada_crops_fine,classification,knn5,spatial,accuracy,0.18090935559243512,0.11940630824141832,0.24241240294345193,5,10.0,4,14566,14566,0,sincos,torchgeo_bench.coordbench.models.SinCosLocationEncoder
dm-canada_crops_fine,canada_crops_fine,classification,linear,spatial,accuracy,0.27306005358695984,0.21743231687666256,0.32868779029725714,5,10.0,4,14566,14566,0,sincos,torchgeo_bench.coordbench.models.SinCosLocationEncoder
dm-descals,descals,classification,knn5,random,accuracy,0.9462146479278998,0.9410450091908305,0.9513842866649691,5,10.0,4,17477,17477,0,sincos,torchgeo_bench.coordbench.models.SinCosLocationEncoder
dm-descals,descals,classification,linear,random,accuracy,0.9454136371612549,0.9402049740687756,0.9506223002537343,5,10.0,4,17477,17477,0,sincos,torchgeo_bench.coordbench.models.SinCosLocationEncoder
dm-descals,descals,classification,knn5,spatial,accuracy,0.9391029661759489,0.9038068357298903,0.9743990966220075,5,10.0,4,17477,17477,0,sincos,torchgeo_bench.coordbench.models.SinCosLocationEncoder
dm-descals,descals,classification,linear,spatial,accuracy,0.9447733163833618,0.911004622325461,0.9785420104412627,5,10.0,4,17477,17477,0,sincos,torchgeo_bench.coordbench.models.SinCosLocationEncoder
dm-ethiopia_crops,ethiopia_crops,classification,knn5,random,accuracy,0.9201581027667984,0.9075593854146172,0.9327568201189796,5,10.0,4,2530,2530,0,sincos,torchgeo_bench.coordbench.models.SinCosLocationEncoder
dm-ethiopia_crops,ethiopia_crops,classification,linear,random,accuracy,0.8249012231826782,0.8095115505100402,0.8402908958553162,5,10.0,4,2530,2530,0,sincos,torchgeo_bench.coordbench.models.SinCosLocationEncoder
dm-ethiopia_crops,ethiopia_crops,classification,knn5,spatial,accuracy,0.8560553421276857,0.7912893739374527,0.9208213103179188,5,10.0,4,2530,2530,0,sincos,torchgeo_bench.coordbench.models.SinCosLocationEncoder
dm-ethiopia_crops,ethiopia_crops,classification,linear,spatial,accuracy,0.8649839162826538,0.7877318535373538,0.9422359790279539,5,10.0,4,2530,2530,0,sincos,torchgeo_bench.coordbench.models.SinCosLocationEncoder
dm-glance,glance,classification,knn5,random,accuracy,0.5261573742296116,0.5218308600384748,0.5304838884207485,5,10.0,4,34885,34885,0,sincos,torchgeo_bench.coordbench.models.SinCosLocationEncoder
dm-glance,glance,classification,linear,random,accuracy,0.3008743226528168,0.29570623747345587,0.3060424078321777,5,10.0,4,34885,34885,0,sincos,torchgeo_bench.coordbench.models.SinCosLocationEncoder
dm-glance,glance,classification,knn5,spatial,accuracy,0.3607602363713259,0.3384507966009141,0.38306967614173776,5,10.0,4,34885,34885,0,sincos,torchgeo_bench.coordbench.models.SinCosLocationEncoder
dm-glance,glance,classification,linear,spatial,accuracy,0.28246490359306337,0.27272088955305834,0.2922089176330684,5,10.0,4,34885,34885,0,sincos,torchgeo_bench.coordbench.models.SinCosLocationEncoder
dm-lcmap_lc,lcmap_lc,classification,knn5,random,accuracy,0.6382874387023765,0.6345410157622225,0.6420338616425304,5,10.0,4,26510,26510,0,sincos,torchgeo_bench.coordbench.models.SinCosLocationEncoder
dm-lcmap_lc,lcmap_lc,classification,linear,random,accuracy,0.5672953486442566,0.563050359422325,0.5715403378661882,5,10.0,4,26510,26510,0,sincos,torchgeo_bench.coordbench.models.SinCosLocationEncoder
dm-lcmap_lc,lcmap_lc,classification,knn5,spatial,accuracy,0.5324247128774195,0.44610707708956115,0.6187423486652779,5,10.0,4,26510,26510,0,sincos,torchgeo_bench.coordbench.models.SinCosLocationEncoder
dm-lcmap_lc,lcmap_lc,classification,linear,spatial,accuracy,0.5542753577232361,0.4624508780616795,0.6460998373847927,5,10.0,4,26510,26510,0,sincos,torchgeo_bench.coordbench.models.SinCosLocationEncoder
dm-lcmap_lcc,lcmap_lcc,classification,knn5,random,accuracy,0.6982758620689655,0.6768105179345022,0.7197412062034289,5,10.0,4,2320,2320,0,sincos,torchgeo_bench.coordbench.models.SinCosLocationEncoder
dm-lcmap_lcc,lcmap_lcc,classification,linear,random,accuracy,0.6961206793785095,0.6725513294818067,0.7196900292752123,5,10.0,4,2320,2320,0,sincos,torchgeo_bench.coordbench.models.SinCosLocationEncoder
dm-lcmap_lcc,lcmap_lcc,classification,knn5,spatial,accuracy,0.6667994912276022,0.627806525353562,0.7057924571016424,5,10.0,4,2320,2320,0,sincos,torchgeo_bench.coordbench.models.SinCosLocationEncoder
dm-lcmap_lcc,lcmap_lcc,classification,linear,spatial,accuracy,0.7039728403091431,0.6222831190917679,0.7856625615265183,5,10.0,4,2320,2320,0,sincos,torchgeo_bench.coordbench.models.SinCosLocationEncoder
dm-lcmap_lu,lcmap_lu,classification,knn5,random,accuracy,0.6413842175126596,0.6324029197069901,0.6503655153183291,5,10.0,4,26513,26513,0,sincos,torchgeo_bench.coordbench.models.SinCosLocationEncoder
dm-lcmap_lu,lcmap_lu,classification,linear,random,accuracy,0.5192171692848205,0.5135280625245224,0.5249062760451186,5,10.0,4,26513,26513,0,sincos,torchgeo_bench.coordbench.models.SinCosLocationEncoder
dm-lcmap_lu,lcmap_lu,classification,knn5,spatial,accuracy,0.44764212022159916,0.37527571234132856,0.5200085281018698,5,10.0,4,26513,26513,0,sincos,torchgeo_bench.coordbench.models.SinCosLocationEncoder
dm-lcmap_lu,lcmap_lu,classification,linear,spatial,accuracy,0.45745234489440917,0.3363320664175848,0.5785726233712336,5,10.0,4,26513,26513,0,sincos,torchgeo_bench.coordbench.models.SinCosLocationEncoder
dm-lcmap_luc,lcmap_luc,classification,knn5,random,accuracy,0.6559007156997106,0.6429198182106874,0.6688816131887338,5,10.0,4,991,991,0,sincos,torchgeo_bench.coordbench.models.SinCosLocationEncoder
dm-lcmap_luc,lcmap_luc,classification,linear,random,accuracy,0.7053144454956055,0.6668112248044151,0.7438176661867959,5,10.0,4,991,991,0,sincos,torchgeo_bench.coordbench.models.SinCosLocationEncoder
dm-lcmap_luc,lcmap_luc,classification,knn5,spatial,accuracy,0.6380097576408871,0.5624118883787496,0.7136076269030246,5,10.0,4,991,991,0,sincos,torchgeo_bench.coordbench.models.SinCosLocationEncoder
dm-lcmap_luc,lcmap_luc,classification,linear,spatial,accuracy,0.7154953598976135,0.6472813128664414,0.7837094069287855,5,10.0,4,991,991,0,sincos,torchgeo_bench.coordbench.models.SinCosLocationEncoder
dm-lucas_lc,lucas_lc,classification,knn5,random,accuracy,0.27235482575409475,0.2700197805824631,0.2746898709257264,5,10.0,4,203569,203569,0,sincos,torchgeo_bench.coordbench.models.SinCosLocationEncoder
dm-lucas_lc,lucas_lc,classification,linear,random,accuracy,0.2511089652776718,0.2489191903252669,0.2532987402300767,5,10.0,4,203569,203569,0,sincos,torchgeo_bench.coordbench.models.SinCosLocationEncoder
dm-lucas_lc,lucas_lc,classification,knn5,spatial,accuracy,0.14595791664427482,0.12259379198366767,0.169322041304882,5,10.0,4,203569,203569,0,sincos,torchgeo_bench.coordbench.models.SinCosLocationEncoder
dm-lucas_lc,lucas_lc,classification,linear,spatial,accuracy,0.22270595133304597,0.17417481804559962,0.27123708462049234,5,10.0,4,203569,203569,0,sincos,torchgeo_bench.coordbench.models.SinCosLocationEncoder
dm-lucas_lu,lucas_lu,classification,knn5,random,accuracy,0.5924939818457118,0.5912936334669281,0.5936943302244955,5,10.0,4,226858,226858,0,sincos,torchgeo_bench.coordbench.models.SinCosLocationEncoder
dm-lucas_lu,lucas_lu,classification,linear,random,accuracy,0.5412548780441284,0.5394130173767994,0.5430967387114575,5,10.0,4,226858,226858,0,sincos,torchgeo_bench.coordbench.models.SinCosLocationEncoder
dm-lucas_lu,lucas_lu,classification,knn5,spatial,accuracy,0.45409812000336053,0.39540298516499467,0.5127932548417263,5,10.0,4,226858,226858,0,sincos,torchgeo_bench.coordbench.models.SinCosLocationEncoder
dm-lucas_lu,lucas_lu,classification,linear,spatial,accuracy,0.504948079586029,0.4093121648322119,0.6005839943398462,5,10.0,4,226858,226858,0,sincos,torchgeo_bench.coordbench.models.SinCosLocationEncoder
dm-openet_ensemble,openet_ensemble,regression,linear,random,r2,0.04223113188470255,0.03834529612547913,0.04611696764392598,5,10.0,4,35683,35683,0,sincos,torchgeo_bench.coordbench.models.SinCosLocationEncoder
dm-openet_ensemble,openet_ensemble,regression,linear,spatial,r2,0.008890715860354947,-0.024659380610743506,0.0424408123314534,5,10.0,4,35683,35683,0,sincos,torchgeo_bench.coordbench.models.SinCosLocationEncoder
dm-us_trees,us_trees,classification,knn5,random,accuracy,0.15900585233441542,0.15680287719524796,0.16120882747358287,5,10.0,4,45382,45382,0,sincos,torchgeo_bench.coordbench.models.SinCosLocationEncoder
dm-us_trees,us_trees,classification,linear,random,accuracy,0.09891598671674728,0.09431531625215113,0.10351665718134344,5,10.0,4,45382,45382,0,sincos,torchgeo_bench.coordbench.models.SinCosLocationEncoder
dm-us_trees,us_trees,classification,knn5,spatial,accuracy,0.07938881830991021,0.06603066738879389,0.09274696923102653,5,10.0,4,45382,45382,0,sincos,torchgeo_bench.coordbench.models.SinCosLocationEncoder
dm-us_trees,us_trees,classification,linear,spatial,accuracy,0.0645789548754692,0.03270506553510684,0.09645284421583157,5,10.0,4,45382,45382,0,sincos,torchgeo_bench.coordbench.models.SinCosLocationEncoder
pdfm-conus27,Percent_Person_WithHighCholesterol,regression,linear,random,r2,0.28871754406813616,0.2778178202187988,0.2996172679174735,5,10.0,64,35157,34894,0,mind,torchgeo_bench.coordbench.models.MINDLocationEncoder
pdfm-conus27,Percent_Person_WithPhysicalHealthNotGood,regression,linear,random,r2,0.4617296810856611,0.45166546395933377,0.4717938982119884,5,10.0,64,35157,34894,0,mind,torchgeo_bench.coordbench.models.MINDLocationEncoder
pdfm-conus27,Percent_Person_WithStroke,regression,linear,random,r2,0.3081554546820232,0.2960788379807151,0.3202320713833313,5,10.0,64,35157,34894,0,mind,torchgeo_bench.coordbench.models.MINDLocationEncoder
pdfm-conus27,Percent_Person_BingeDrinking,regression,linear,random,r2,0.35982386596256555,0.3501367912396999,0.3695109406854312,5,10.0,64,35157,34894,0,mind,torchgeo_bench.coordbench.models.MINDLocationEncoder
pdfm-conus27,Percent_Person_PhysicalInactivity,regression,linear,random,r2,0.44909101130381757,0.44052519562068915,0.457656826986946,5,10.0,64,35157,34894,0,mind,torchgeo_bench.coordbench.models.MINDLocationEncoder
pdfm-conus27,Percent_Person_ReceivedAnnualCheckup,regression,linear,random,r2,0.6425166398873449,0.6371238331180317,0.6479094466566581,5,10.0,64,35157,34894,0,mind,torchgeo_bench.coordbench.models.MINDLocationEncoder
pdfm-conus27,Percent_Person_WithCancerExcludingSkinCancer,regression,linear,random,r2,0.23306573506686384,0.22126234988349036,0.24486912025023733,5,10.0,64,35157,34894,0,mind,torchgeo_bench.coordbench.models.MINDLocationEncoder
pdfm-conus27,Percent_Person_WithDiabetes,regression,linear,random,r2,0.35311813249482843,0.33848307276004225,0.3677531922296146,5,10.0,64,35157,34894,0,mind,torchgeo_bench.coordbench.models.MINDLocationEncoder
pdfm-conus27,Percent_Person_WithMentalHealthNotGood,regression,linear,random,r2,0.37336930728769235,0.36496167806111607,0.38177693651426864,5,10.0,64,35157,34894,0,mind,torchgeo_bench.coordbench.models.MINDLocationEncoder
pdfm-conus27,Percent_Person_WithCoronaryHeartDisease,regression,linear,random,r2,0.37569139202855484,0.3671176151384742,0.3842651689186355,5,10.0,64,35157,34894,0,mind,torchgeo_bench.coordbench.models.MINDLocationEncoder
pdfm-conus27,Percent_Person_WithHighBloodPressure,regression,linear,random,r2,0.45567886423436493,0.4453444148004252,0.4660133136683047,5,10.0,64,35157,34894,0,mind,torchgeo_bench.coordbench.models.MINDLocationEncoder
pdfm-conus27,Percent_Person_ReceivedCholesterolScreening,regression,linear,random,r2,0.29842542338382516,0.28527916226046296,0.31157168450718736,5,10.0,64,35157,34894,0,mind,torchgeo_bench.coordbench.models.MINDLocationEncoder
pdfm-conus27,Percent_Person_ReceivedDentalVisit,regression,linear,random,r2,0.465351914971488,0.4565973846327015,0.47410644531027446,5,10.0,64,35157,34894,0,mind,torchgeo_bench.coordbench.models.MINDLocationEncoder
pdfm-conus27,Percent_Person_WithAsthma,regression,linear,random,r2,0.3947408525209021,0.3853968755078328,0.40408482953397135,5,10.0,64,35157,34894,0,mind,torchgeo_bench.coordbench.models.MINDLocationEncoder
pdfm-conus27,Percent_Person_WithChronicKidneyDisease,regression,linear,random,r2,0.26308570461754116,0.24829077142551828,0.27788063780956407,5,10.0,64,35157,34894,0,mind,torchgeo_bench.coordbench.models.MINDLocationEncoder
pdfm-conus27,Percent_Person_WithArthritis,regression,linear,random,r2,0.42134775619746057,0.41156981057613745,0.4311257018187837,5,10.0,64,35157,34894,0,mind,torchgeo_bench.coordbench.models.MINDLocationEncoder
pdfm-conus27,Percent_Person_WithChronicObstructivePulmonaryDisease,regression,linear,random,r2,0.5031629839543048,0.4937044775602417,0.5126214903483679,5,10.0,64,35157,34894,0,mind,torchgeo_bench.coordbench.models.MINDLocationEncoder
pdfm-conus27,Percent_Person_18OrMoreYears_WithHighBloodPressure_ReceivedTakingBloodPressureMedication,regression,linear,random,r2,0.2159821958708823,0.20095937722030577,0.23100501452145883,5,10.0,64,35157,34894,0,mind,torchgeo_bench.coordbench.models.MINDLocationEncoder
pdfm-conus27,Percent_Person_Obesity,regression,linear,random,r2,0.5025646909404168,0.48930604127494043,0.5158233406058931,5,10.0,64,35157,34894,0,mind,torchgeo_bench.coordbench.models.MINDLocationEncoder
pdfm-conus27,Percent_Person_SleepLessThan7Hours,regression,linear,random,r2,0.48067481247555366,0.471899627972892,0.48944999697821534,5,10.0,64,35157,34894,0,mind,torchgeo_bench.coordbench.models.MINDLocationEncoder
pdfm-conus27,Percent_Person_Smoking,regression,linear,random,r2,0.460929962778302,0.4504542177168827,0.4714057078397213,5,10.0,64,35157,34894,0,mind,torchgeo_bench.coordbench.models.MINDLocationEncoder
pdfm-conus27,Median_Income_Household,regression,linear,random,r2,0.32315897944401867,0.31565825703817124,0.3306597018498661,5,10.0,64,35157,34835,0,mind,torchgeo_bench.coordbench.models.MINDLocationEncoder
pdfm-conus27,Median_HomeValue_HousingUnit_OccupiedHousingUnit_OwnerOccupied,regression,linear,random,r2,0.580131451720341,0.5668907651724986,0.5933721382681834,5,10.0,64,35157,34609,0,mind,torchgeo_bench.coordbench.models.MINDLocationEncoder
pdfm-conus27,night_lights_log10,regression,linear,random,r2,0.6029876469922717,0.592677269857753,0.6132980241267904,5,10.0,64,35157,35157,0,mind,torchgeo_bench.coordbench.models.MINDLocationEncoder
pdfm-conus27,population_density_log10,regression,linear,random,r2,0.6429688673545404,0.6346488630784742,0.6512888716306066,5,10.0,64,35157,35157,0,mind,torchgeo_bench.coordbench.models.MINDLocationEncoder
pdfm-conus27,tree_cover,regression,linear,random,r2,0.7579752170829396,0.7528951218947038,0.7630553122711754,5,10.0,64,35157,35157,0,mind,torchgeo_bench.coordbench.models.MINDLocationEncoder
pdfm-conus27,elevation,regression,linear,random,r2,0.9481561640600112,0.946565865248639,0.9497464628713835,5,10.0,64,35157,35157,0,mind,torchgeo_bench.coordbench.models.MINDLocationEncoder
pdfm-conus27,Percent_Person_WithHighCholesterol,regression,linear,spatial,r2,0.08387403648432672,-0.06287986736040456,0.23062794032905798,5,10.0,64,35157,34894,0,mind,torchgeo_bench.coordbench.models.MINDLocationEncoder
pdfm-conus27,Percent_Person_WithPhysicalHealthNotGood,regression,linear,spatial,r2,0.15723128890585455,0.05704456256915187,0.25741801524255725,5,10.0,64,35157,34894,0,mind,torchgeo_bench.coordbench.models.MINDLocationEncoder
pdfm-conus27,Percent_Person_WithStroke,regression,linear,spatial,r2,0.11830331918172132,0.0016554424047580951,0.23495119595868455,5,10.0,64,35157,34894,0,mind,torchgeo_bench.coordbench.models.MINDLocationEncoder
pdfm-conus27,Percent_Person_BingeDrinking,regression,linear,spatial,r2,-0.0032515498460083726,-0.07793285809848932,0.07142975840647259,5,10.0,64,35157,34894,0,mind,torchgeo_bench.coordbench.models.MINDLocationEncoder
pdfm-conus27,Percent_Person_PhysicalInactivity,regression,linear,spatial,r2,0.20987065122738313,0.053927949732906044,0.3658133527218602,5,10.0,64,35157,34894,0,mind,torchgeo_bench.coordbench.models.MINDLocationEncoder
pdfm-conus27,Percent_Person_ReceivedAnnualCheckup,regression,linear,spatial,r2,0.19829192830188846,-0.30102230373323996,0.697606160337017,5,10.0,64,35157,34894,0,mind,torchgeo_bench.coordbench.models.MINDLocationEncoder
pdfm-conus27,Percent_Person_WithCancerExcludingSkinCancer,regression,linear,spatial,r2,0.08362137134138566,-0.009460465043506644,0.17670320772627796,5,10.0,64,35157,34894,0,mind,torchgeo_bench.coordbench.models.MINDLocationEncoder
pdfm-conus27,Percent_Person_WithDiabetes,regression,linear,spatial,r2,0.12951126058624218,0.060169039232297036,0.19885348194018732,5,10.0,64,35157,34894,0,mind,torchgeo_bench.coordbench.models.MINDLocationEncoder
pdfm-conus27,Percent_Person_WithMentalHealthNotGood,regression,linear,spatial,r2,0.02549115920546945,-0.11944571805143696,0.17042803646237586,5,10.0,64,35157,34894,0,mind,torchgeo_bench.coordbench.models.MINDLocationEncoder
pdfm-conus27,Percent_Person_WithCoronaryHeartDisease,regression,linear,spatial,r2,0.14745036082260338,-0.026197309744413783,0.32109803138962056,5,10.0,64,35157,34894,0,mind,torchgeo_bench.coordbench.models.MINDLocationEncoder
pdfm-conus27,Percent_Person_WithHighBloodPressure,regression,linear,spatial,r2,0.22279072623573742,0.05608158770243857,0.3894998647690363,5,10.0,64,35157,34894,0,mind,torchgeo_bench.coordbench.models.MINDLocationEncoder
pdfm-conus27,Percent_Person_ReceivedCholesterolScreening,regression,linear,spatial,r2,-0.3649616579534755,-0.8750360791432739,0.14511276323632277,5,10.0,64,35157,34894,0,mind,torchgeo_bench.coordbench.models.MINDLocationEncoder
pdfm-conus27,Percent_Person_ReceivedDentalVisit,regression,linear,spatial,r2,0.24462175525436392,0.1632576024038811,0.32598590810484673,5,10.0,64,35157,34894,0,mind,torchgeo_bench.coordbench.models.MINDLocationEncoder
pdfm-conus27,Percent_Person_WithAsthma,regression,linear,spatial,r2,-0.006253670580586923,-0.3195204098458925,0.30701306868471867,5,10.0,64,35157,34894,0,mind,torchgeo_bench.coordbench.models.MINDLocationEncoder
pdfm-conus27,Percent_Person_WithChronicKidneyDisease,regression,linear,spatial,r2,0.10078131069765103,-0.025819929704982758,0.22738255110028482,5,10.0,64,35157,34894,0,mind,torchgeo_bench.coordbench.models.MINDLocationEncoder
pdfm-conus27,Percent_Person_WithArthritis,regression,linear,spatial,r2,0.21256956825185344,0.0351967623714628,0.3899423741322441,5,10.0,64,35157,34894,0,mind,torchgeo_bench.coordbench.models.MINDLocationEncoder
pdfm-conus27,Percent_Person_WithChronicObstructivePulmonaryDisease,regression,linear,spatial,r2,0.1997531599644153,0.045110132189341956,0.35439618773948867,5,10.0,64,35157,34894,0,mind,torchgeo_bench.coordbench.models.MINDLocationEncoder
pdfm-conus27,Percent_Person_18OrMoreYears_WithHighBloodPressure_ReceivedTakingBloodPressureMedication,regression,linear,spatial,r2,0.08871723367314636,-0.04843343875874824,0.22586790610504098,5,10.0,64,35157,34894,0,mind,torchgeo_bench.coordbench.models.MINDLocationEncoder
pdfm-conus27,Percent_Person_Obesity,regression,linear,spatial,r2,0.2444770310350822,0.09705997042959022,0.3918940916405742,5,10.0,64,35157,34894,0,mind,torchgeo_bench.coordbench.models.MINDLocationEncoder
pdfm-conus27,Percent_Person_SleepLessThan7Hours,regression,linear,spatial,r2,0.24381875815696247,0.14405409531340654,0.3435834210005184,5,10.0,64,35157,34894,0,mind,torchgeo_bench.coordbench.models.MINDLocationEncoder
pdfm-conus27,Percent_Person_Smoking,regression,linear,spatial,r2,0.09432516120244905,-0.16491558495688047,0.35356590736177856,5,10.0,64,35157,34894,0,mind,torchgeo_bench.coordbench.models.MINDLocationEncoder
pdfm-conus27,Median_Income_Household,regression,linear,spatial,r2,0.16256462097335722,0.07861289954713005,0.2465163423995844,5,10.0,64,35157,34835,0,mind,torchgeo_bench.coordbench.models.MINDLocationEncoder
pdfm-conus27,Median_HomeValue_HousingUnit_OccupiedHousingUnit_OwnerOccupied,regression,linear,spatial,r2,0.2909050414739696,0.06890927907938652,0.5129008038685527,5,10.0,64,35157,34609,0,mind,torchgeo_bench.coordbench.models.MINDLocationEncoder
pdfm-conus27,night_lights_log10,regression,linear,spatial,r2,0.4894642412863172,0.407440722111007,0.5714877604616274,5,10.0,64,35157,35157,0,mind,torchgeo_bench.coordbench.models.MINDLocationEncoder
pdfm-conus27,population_density_log10,regression,linear,spatial,r2,0.5564359073262495,0.45597218228683956,0.6568996323656594,5,10.0,64,35157,35157,0,mind,torchgeo_bench.coordbench.models.MINDLocationEncoder
pdfm-conus27,tree_cover,regression,linear,spatial,r2,0.665993938351591,0.6045987418450546,0.7273891348581275,5,10.0,64,35157,35157,0,mind,torchgeo_bench.coordbench.models.MINDLocationEncoder
pdfm-conus27,elevation,regression,linear,spatial,r2,0.8039614776470797,0.6692963861326675,0.9386265691614919,5,10.0,64,35157,35157,0,mind,torchgeo_bench.coordbench.models.MINDLocationEncoder
satclip-air-temp,air_temperature,regression,linear,random,r2,0.9453531690837979,0.9388889754527999,0.9518173627147958,5,10.0,64,3076,3076,0,mind,torchgeo_bench.coordbench.models.MINDLocationEncoder
satclip-air-temp,air_temperature,regression,linear,spatial,r2,0.9425274766228755,0.9321406190225298,0.9529143342232212,5,10.0,64,3076,3076,0,mind,torchgeo_bench.coordbench.models.MINDLocationEncoder
california-housing,median_house_value,regression,linear,random,r2,0.4723510120712603,0.4675439009466181,0.4771581231959025,5,10.0,64,20640,20640,0,mind,torchgeo_bench.coordbench.models.MINDLocationEncoder
california-housing,median_house_value,regression,linear,spatial,r2,-0.6886979333362614,-1.9198112020138831,0.5424153353413604,5,10.0,64,20640,20640,0,mind,torchgeo_bench.coordbench.models.MINDLocationEncoder
satclip-country,country,classification,knn5,random,accuracy,0.9611833896240874,0.9588088066648945,0.9635579725832804,5,10.0,64,33053,33053,0,mind,torchgeo_bench.coordbench.models.MINDLocationEncoder
satclip-country,country,classification,linear,random,accuracy,0.8051007032394409,0.8003252124944368,0.8098761939844451,5,10.0,64,33053,33053,0,mind,torchgeo_bench.coordbench.models.MINDLocationEncoder
satclip-country,country,classification,knn5,spatial,accuracy,0.8519904653049156,0.8184918725487783,0.8854890580610529,5,10.0,64,33053,33053,0,mind,torchgeo_bench.coordbench.models.MINDLocationEncoder
satclip-country,country,classification,linear,spatial,accuracy,0.7590337276458741,0.7117985773647678,0.8062688779269803,5,10.0,64,33053,33053,0,mind,torchgeo_bench.coordbench.models.MINDLocationEncoder
satclip-ecoregion,ecoregion_class_index,classification,knn5,random,accuracy,0.8531615793231418,0.8492407099870191,0.8570824486592646,5,10.0,64,32798,32798,0,mind,torchgeo_bench.coordbench.models.MINDLocationEncoder
satclip-ecoregion,ecoregion_class_index,classification,linear,random,accuracy,0.5327762246131897,0.5279270612535787,0.5376253879728008,5,10.0,64,32798,32798,0,mind,torchgeo_bench.coordbench.models.MINDLocationEncoder
satclip-ecoregion,ecoregion_class_index,classification,knn5,spatial,accuracy,0.6661701941075819,0.635271039039828,0.6970693491753359,5,10.0,64,32798,32798,0,mind,torchgeo_bench.coordbench.models.MINDLocationEncoder
satclip-ecoregion,ecoregion_class_index,classification,linear,spatial,accuracy,0.4503657639026642,0.39969067849539114,0.5010408493099373,5,10.0,64,32798,32798,0,mind,torchgeo_bench.coordbench.models.MINDLocationEncoder
satclip-biome,biome_class_index,classification,knn5,random,accuracy,0.9290504808139254,0.9271520520314609,0.9309489095963899,5,10.0,64,32798,32798,0,mind,torchgeo_bench.coordbench.models.MINDLocationEncoder
satclip-biome,biome_class_index,classification,linear,random,accuracy,0.8429781198501587,0.8398682457075549,0.8460879939927625,5,10.0,64,32798,32798,0,mind,torchgeo_bench.coordbench.models.MINDLocationEncoder
satclip-biome,biome_class_index,classification,knn5,spatial,accuracy,0.8600236769927327,0.8474540125163537,0.8725933414691118,5,10.0,64,32798,32798,0,mind,torchgeo_bench.coordbench.models.MINDLocationEncoder
satclip-biome,biome_class_index,classification,linear,spatial,accuracy,0.8161207675933838,0.7997418996643678,0.8324996355223998,5,10.0,64,32798,32798,0,mind,torchgeo_bench.coordbench.models.MINDLocationEncoder
satclip-population,log_population,regression,linear,random,r2,0.7381844416049035,0.73475540217252,0.741613481037287,5,10.0,64,74512,74512,0,mind,torchgeo_bench.coordbench.models.MINDLocationEncoder
satclip-population,log_population,regression,linear,spatial,r2,0.7008089308081823,0.6238457017891763,0.7777721598271883,5,10.0,64,74512,74512,0,mind,torchgeo_bench.coordbench.models.MINDLocationEncoder
satclip-elevation,elevation,regression,linear,random,r2,0.7962939206229913,0.7881957691837238,0.8043920720622588,5,10.0,64,100000,99995,0,mind,torchgeo_bench.coordbench.models.MINDLocationEncoder
satclip-elevation,elevation,regression,linear,spatial,r2,0.7525892115332594,0.6834586598811744,0.8217197631853445,5,10.0,64,100000,99995,0,mind,torchgeo_bench.coordbench.models.MINDLocationEncoder
sustainbench-asset,asset_index,regression,linear,official,r2,0.4175027938995075,0.4175027938995075,0.4175027938995075,1,10.0,64,86936,86936,0,mind,torchgeo_bench.coordbench.models.MINDLocationEncoder
sustainbench-water,water_index,regression,linear,official,r2,0.2717574399214967,0.2717574399214967,0.2717574399214967,1,10.0,64,87938,87938,0,mind,torchgeo_bench.coordbench.models.MINDLocationEncoder
sustainbench-sanitation,sanitation_index,regression,linear,official,r2,0.35652461816618397,0.35652461816618397,0.35652461816618397,1,10.0,64,89271,89271,0,mind,torchgeo_bench.coordbench.models.MINDLocationEncoder
sustainbench-child_mortality,under5_mort,regression,linear,official,r2,0.11012078355055277,0.11012078355055277,0.11012078355055277,1,10.0,64,105582,105582,0,mind,torchgeo_bench.coordbench.models.MINDLocationEncoder
sustainbench-women_edu,women_edu,regression,linear,official,r2,0.40177106835156384,0.40177106835156384,0.40177106835156384,1,10.0,64,117062,117062,0,mind,torchgeo_bench.coordbench.models.MINDLocationEncoder
sustainbench-women_bmi,women_bmi,regression,linear,official,r2,0.5787195696384653,0.5787195696384653,0.5787195696384653,1,10.0,64,94866,94866,0,mind,torchgeo_bench.coordbench.models.MINDLocationEncoder
bt-cropharvest,crop_type,classification,knn5,random,accuracy,0.5627777777777778,0.5435247517209295,0.5820308038346261,5,10.0,64,3600,3600,0,mind,torchgeo_bench.coordbench.models.MINDLocationEncoder
bt-cropharvest,crop_type,classification,linear,random,accuracy,0.47083334922790526,0.45948179106453446,0.48218490739127606,5,10.0,64,3600,3600,0,mind,torchgeo_bench.coordbench.models.MINDLocationEncoder
bt-cropharvest,crop_type,classification,knn5,spatial,accuracy,0.19928140617446713,0.03991351689540884,0.3586492954535254,5,10.0,64,3600,3600,0,mind,torchgeo_bench.coordbench.models.MINDLocationEncoder
bt-cropharvest,crop_type,classification,linear,spatial,accuracy,0.21287304628640413,0.07465097220167063,0.35109512037113766,5,10.0,64,3600,3600,0,mind,torchgeo_bench.coordbench.models.MINDLocationEncoder
bt-biomass,biomass,regression,linear,random,r2,0.45837189751382346,0.4359443613274005,0.4807994337002464,5,10.0,64,18393,18393,0,mind,torchgeo_bench.coordbench.models.MINDLocationEncoder
bt-biomass,biomass,regression,linear,spatial,r2,0.4084272124156483,0.36212334820217773,0.4547310766291188,5,10.0,64,18393,18393,0,mind,torchgeo_bench.coordbench.models.MINDLocationEncoder
bt-landcover,water,regression,linear,random,r2,0.09529127234370147,0.07530800849944809,0.11527453618795484,5,10.0,64,10000,10000,0,mind,torchgeo_bench.coordbench.models.MINDLocationEncoder
bt-landcover,trees,regression,linear,random,r2,0.5813830654450305,0.56351901703096,0.599247113859101,5,10.0,64,10000,10000,0,mind,torchgeo_bench.coordbench.models.MINDLocationEncoder
bt-landcover,grass,regression,linear,random,r2,0.22551291581718128,0.2043537102806744,0.24667212135368816,5,10.0,64,10000,10000,0,mind,torchgeo_bench.coordbench.models.MINDLocationEncoder
bt-landcover,flooded_vegetation,regression,linear,random,r2,0.11031534538322643,0.0922664308607813,0.12836425990567157,5,10.0,64,10000,10000,0,mind,torchgeo_bench.coordbench.models.MINDLocationEncoder
bt-landcover,crops,regression,linear,random,r2,0.3533524420167045,0.33224903830776925,0.3744558457256398,5,10.0,64,10000,10000,0,mind,torchgeo_bench.coordbench.models.MINDLocationEncoder
bt-landcover,shrub_and_scrub,regression,linear,random,r2,0.5023279753237392,0.47816724673660704,0.5264887039108713,5,10.0,64,10000,10000,0,mind,torchgeo_bench.coordbench.models.MINDLocationEncoder
bt-landcover,built,regression,linear,random,r2,0.09201189433122121,0.06855236812723738,0.11547142053520505,5,10.0,64,10000,10000,0,mind,torchgeo_bench.coordbench.models.MINDLocationEncoder
bt-landcover,bare,regression,linear,random,r2,0.8444051004571411,0.8357110333795023,0.85309916753478,5,10.0,64,10000,10000,0,mind,torchgeo_bench.coordbench.models.MINDLocationEncoder
bt-landcover,snow_and_ice,regression,linear,random,r2,0.8592333933167009,0.8542750739154793,0.8641917127179225,5,10.0,64,10000,10000,0,mind,torchgeo_bench.coordbench.models.MINDLocationEncoder
bt-landcover,water,regression,linear,spatial,r2,0.08482680808355618,0.06487006034936373,0.10478355581774863,5,10.0,64,10000,10000,0,mind,torchgeo_bench.coordbench.models.MINDLocationEncoder
bt-landcover,trees,regression,linear,spatial,r2,0.5673227997501387,0.5250518663899677,0.6095937331103096,5,10.0,64,10000,10000,0,mind,torchgeo_bench.coordbench.models.MINDLocationEncoder
bt-landcover,grass,regression,linear,spatial,r2,0.18578138727776422,0.13401161869819153,0.2375511558573369,5,10.0,64,10000,10000,0,mind,torchgeo_bench.coordbench.models.MINDLocationEncoder
bt-landcover,flooded_vegetation,regression,linear,spatial,r2,0.0968259676321324,0.07327020187211773,0.12038173339214707,5,10.0,64,10000,10000,0,mind,torchgeo_bench.coordbench.models.MINDLocationEncoder
bt-landcover,crops,regression,linear,spatial,r2,0.3141135943585807,0.27913106349533395,0.3490961252218275,5,10.0,64,10000,10000,0,mind,torchgeo_bench.coordbench.models.MINDLocationEncoder
bt-landcover,shrub_and_scrub,regression,linear,spatial,r2,0.4736268233026391,0.4481745099844346,0.49907913662084363,5,10.0,64,10000,10000,0,mind,torchgeo_bench.coordbench.models.MINDLocationEncoder
bt-landcover,built,regression,linear,spatial,r2,0.06286989124278208,0.02516140922758585,0.10057837325797832,5,10.0,64,10000,10000,0,mind,torchgeo_bench.coordbench.models.MINDLocationEncoder
bt-landcover,bare,regression,linear,spatial,r2,0.8288803146807808,0.7947412920464236,0.863019337315138,5,10.0,64,10000,10000,0,mind,torchgeo_bench.coordbench.models.MINDLocationEncoder
bt-landcover,snow_and_ice,regression,linear,spatial,r2,0.8362254254298721,0.8041567620347312,0.868294088825013,5,10.0,64,10000,10000,0,mind,torchgeo_bench.coordbench.models.MINDLocationEncoder
bt-bioclim,bioclim_01,regression,linear,random,r2,0.9763659512922374,0.9749321560050955,0.9777997465793792,5,10.0,64,9681,9681,0,mind,torchgeo_bench.coordbench.models.MINDLocationEncoder
bt-bioclim,bioclim_02,regression,linear,random,r2,0.8364683122634122,0.8319182288255771,0.8410183957012474,5,10.0,64,9681,9681,0,mind,torchgeo_bench.coordbench.models.MINDLocationEncoder
bt-bioclim,bioclim_03,regression,linear,random,r2,0.9544379213676729,0.9519973719969262,0.9568784707384196,5,10.0,64,9681,9681,0,mind,torchgeo_bench.coordbench.models.MINDLocationEncoder
bt-bioclim,bioclim_04,regression,linear,random,r2,0.970961256192693,0.9699756577689744,0.9719468546164116,5,10.0,64,9681,9681,0,mind,torchgeo_bench.coordbench.models.MINDLocationEncoder
bt-bioclim,bioclim_05,regression,linear,random,r2,0.9358128402946418,0.9314148280786099,0.9402108525106738,5,10.0,64,9681,9681,0,mind,torchgeo_bench.coordbench.models.MINDLocationEncoder
bt-bioclim,bioclim_06,regression,linear,random,r2,0.9784871740285898,0.9777374812472658,0.9792368668099137,5,10.0,64,9681,9681,0,mind,torchgeo_bench.coordbench.models.MINDLocationEncoder
bt-bioclim,bioclim_07,regression,linear,random,r2,0.9565194149101954,0.9546359664789703,0.9584028633414206,5,10.0,64,9681,9681,0,mind,torchgeo_bench.coordbench.models.MINDLocationEncoder
bt-bioclim,bioclim_08,regression,linear,random,r2,0.8270102960028334,0.8198297440111381,0.8341908479945287,5,10.0,64,9681,9681,0,mind,torchgeo_bench.coordbench.models.MINDLocationEncoder
bt-bioclim,bioclim_09,regression,linear,random,r2,0.9386290045523303,0.9367539216084965,0.9405040874961642,5,10.0,64,9681,9681,0,mind,torchgeo_bench.coordbench.models.MINDLocationEncoder
bt-bioclim,bioclim_10,regression,linear,random,r2,0.9443930743522216,0.9403751916713897,0.9484109570330536,5,10.0,64,9681,9681,0,mind,torchgeo_bench.coordbench.models.MINDLocationEncoder
bt-bioclim,bioclim_11,regression,linear,random,r2,0.9815184397880208,0.980844996246106,0.9821918833299356,5,10.0,64,9681,9681,0,mind,torchgeo_bench.coordbench.models.MINDLocationEncoder
bt-bioclim,bioclim_12,regression,linear,random,r2,0.8944784083921393,0.886713376948679,0.9022434398355996,5,10.0,64,9681,9681,0,mind,torchgeo_bench.coordbench.models.MINDLocationEncoder
bt-bioclim,bioclim_13,regression,linear,random,r2,0.795217393765248,0.7716397091356123,0.8187950783948837,5,10.0,64,9681,9681,0,mind,torchgeo_bench.coordbench.models.MINDLocationEncoder
bt-bioclim,bioclim_14,regression,linear,random,r2,0.7346655674523107,0.7199756030948917,0.7493555318097297,5,10.0,64,9681,9681,0,mind,torchgeo_bench.coordbench.models.MINDLocationEncoder
bt-bioclim,bioclim_15,regression,linear,random,r2,0.7103605112465133,0.7041966517579756,0.716524370735051,5,10.0,64,9681,9681,0,mind,torchgeo_bench.coordbench.models.MINDLocationEncoder
bt-bioclim,bioclim_16,regression,linear,random,r2,0.8238547623469188,0.8071981498625203,0.8405113748313173,5,10.0,64,9681,9681,0,mind,torchgeo_bench.coordbench.models.MINDLocationEncoder
bt-bioclim,bioclim_17,regression,linear,random,r2,0.7609671047075426,0.7528161699897178,0.7691180394253674,5,10.0,64,9681,9681,0,mind,torchgeo_bench.coordbench.models.MINDLocationEncoder
bt-bioclim,bioclim_18,regression,linear,random,r2,0.7540625175420291,0.7309914653143073,0.777133569769751,5,10.0,64,9681,9681,0,mind,torchgeo_bench.coordbench.models.MINDLocationEncoder
bt-bioclim,bioclim_19,regression,linear,random,r2,0.6492207428759376,0.6208150730059601,0.6776264127459151,5,10.0,64,9681,9681,0,mind,torchgeo_bench.coordbench.models.MINDLocationEncoder
bt-bioclim,bioclim_01,regression,linear,spatial,r2,0.9738905136541443,0.9707758169631348,0.9770052103451538,5,10.0,64,9681,9681,0,mind,torchgeo_bench.coordbench.models.MINDLocationEncoder
bt-bioclim,bioclim_02,regression,linear,spatial,r2,0.8128431619925289,0.7983376804964166,0.8273486434886412,5,10.0,64,9681,9681,0,mind,torchgeo_bench.coordbench.models.MINDLocationEncoder
bt-bioclim,bioclim_03,regression,linear,spatial,r2,0.943814962591213,0.9367312754998384,0.9508986496825876,5,10.0,64,9681,9681,0,mind,torchgeo_bench.coordbench.models.MINDLocationEncoder
bt-bioclim,bioclim_04,regression,linear,spatial,r2,0.9661178207813593,0.9647433227757506,0.9674923187869681,5,10.0,64,9681,9681,0,mind,torchgeo_bench.coordbench.models.MINDLocationEncoder
bt-bioclim,bioclim_05,regression,linear,spatial,r2,0.9289822340584477,0.9241447183813049,0.9338197497355906,5,10.0,64,9681,9681,0,mind,torchgeo_bench.coordbench.models.MINDLocationEncoder
bt-bioclim,bioclim_06,regression,linear,spatial,r2,0.9763287931969747,0.9741164239551587,0.9785411624387907,5,10.0,64,9681,9681,0,mind,torchgeo_bench.coordbench.models.MINDLocationEncoder
bt-bioclim,bioclim_07,regression,linear,spatial,r2,0.9509500551761301,0.9491210041318993,0.9527791062203609,5,10.0,64,9681,9681,0,mind,torchgeo_bench.coordbench.models.MINDLocationEncoder
bt-bioclim,bioclim_08,regression,linear,spatial,r2,0.7919421355799889,0.7698057546576407,0.8140785165023372,5,10.0,64,9681,9681,0,mind,torchgeo_bench.coordbench.models.MINDLocationEncoder
bt-bioclim,bioclim_09,regression,linear,spatial,r2,0.9279597332192345,0.9150919471385872,0.9408275192998818,5,10.0,64,9681,9681,0,mind,torchgeo_bench.coordbench.models.MINDLocationEncoder
bt-bioclim,bioclim_10,regression,linear,spatial,r2,0.9386105742054653,0.9331571557363907,0.94406399267454,5,10.0,64,9681,9681,0,mind,torchgeo_bench.coordbench.models.MINDLocationEncoder
bt-bioclim,bioclim_11,regression,linear,spatial,r2,0.9793403256912189,0.9774139590160659,0.9812666923663719,5,10.0,64,9681,9681,0,mind,torchgeo_bench.coordbench.models.MINDLocationEncoder
bt-bioclim,bioclim_12,regression,linear,spatial,r2,0.8798664292106118,0.853381052431733,0.9063518059894905,5,10.0,64,9681,9681,0,mind,torchgeo_bench.coordbench.models.MINDLocationEncoder
bt-bioclim,bioclim_13,regression,linear,spatial,r2,0.7738853103085589,0.7023257165459492,0.8454449040711686,5,10.0,64,9681,9681,0,mind,torchgeo_bench.coordbench.models.MINDLocationEncoder
bt-bioclim,bioclim_14,regression,linear,spatial,r2,0.6797735469059132,0.6206440546170887,0.7389030391947377,5,10.0,64,9681,9681,0,mind,torchgeo_bench.coordbench.models.MINDLocationEncoder
bt-bioclim,bioclim_15,regression,linear,spatial,r2,0.6444544172628468,0.5686934153041262,0.7202154192215674,5,10.0,64,9681,9681,0,mind,torchgeo_bench.coordbench.models.MINDLocationEncoder
bt-bioclim,bioclim_16,regression,linear,spatial,r2,0.8011766876446906,0.7496972393784307,0.8526561359109506,5,10.0,64,9681,9681,0,mind,torchgeo_bench.coordbench.models.MINDLocationEncoder
bt-bioclim,bioclim_17,regression,linear,spatial,r2,0.7126240540253532,0.664281434825655,0.7609666732250514,5,10.0,64,9681,9681,0,mind,torchgeo_bench.coordbench.models.MINDLocationEncoder
bt-bioclim,bioclim_18,regression,linear,spatial,r2,0.7188061178944632,0.6709786957245828,0.7666335400643437,5,10.0,64,9681,9681,0,mind,torchgeo_bench.coordbench.models.MINDLocationEncoder
bt-bioclim,bioclim_19,regression,linear,spatial,r2,0.5734661732437946,0.5191776118640916,0.6277547346234975,5,10.0,64,9681,9681,0,mind,torchgeo_bench.coordbench.models.MINDLocationEncoder
bt-population,pop_density,regression,linear,random,r2,0.1096793356057556,0.07809068362212271,0.1412679875893885,5,10.0,64,9681,9681,0,mind,torchgeo_bench.coordbench.models.MINDLocationEncoder
bt-population,pop_density,regression,linear,spatial,r2,0.08596693335143032,0.04535012986541599,0.12658373683744467,5,10.0,64,9681,9681,0,mind,torchgeo_bench.coordbench.models.MINDLocationEncoder
bt-distroad,maxdist_road,regression,linear,random,r2,0.560885287473433,0.5528085651079786,0.5689620098388875,5,10.0,64,9681,9681,0,mind,torchgeo_bench.coordbench.models.MINDLocationEncoder
bt-distroad,maxdist_road,regression,linear,spatial,r2,0.5257352052003746,0.4641031024329519,0.5873673079677975,5,10.0,64,9681,9681,0,mind,torchgeo_bench.coordbench.models.MINDLocationEncoder
places-phys_health,phlth_crudeprev,regression,linear,random,r2,0.4641461450388058,0.45597034090412586,0.47232194917348574,5,10.0,64,31435,31435,0,mind,torchgeo_bench.coordbench.models.MINDLocationEncoder
places-phys_health,phlth_crudeprev,regression,linear,spatial,r2,0.19666019909161053,0.12422477856004473,0.26909561962317635,5,10.0,64,31435,31435,0,mind,torchgeo_bench.coordbench.models.MINDLocationEncoder
places-diabetes,diabetes_crudeprev,regression,linear,random,r2,0.3425736127618002,0.3376661875627747,0.3474810379608257,5,10.0,64,31435,31435,0,mind,torchgeo_bench.coordbench.models.MINDLocationEncoder
places-diabetes,diabetes_crudeprev,regression,linear,spatial,r2,0.0870979218105749,-0.0011589426215957571,0.17535478624274553,5,10.0,64,31435,31435,0,mind,torchgeo_bench.coordbench.models.MINDLocationEncoder
places-copd,copd_crudeprev,regression,linear,random,r2,0.5122932533690066,0.5005803798741357,0.5240061268638774,5,10.0,64,31435,31435,0,mind,torchgeo_bench.coordbench.models.MINDLocationEncoder
places-copd,copd_crudeprev,regression,linear,spatial,r2,0.29778773628955024,0.23889412455667752,0.35668134802242296,5,10.0,64,31435,31435,0,mind,torchgeo_bench.coordbench.models.MINDLocationEncoder
places-cancer,cancer_crudeprev,regression,linear,random,r2,0.24657615122077656,0.23192308009771673,0.2612292223438364,5,10.0,64,31435,31435,0,mind,torchgeo_bench.coordbench.models.MINDLocationEncoder
places-cancer,cancer_crudeprev,regression,linear,spatial,r2,0.155324438604341,0.10941121112739666,0.20123766608128535,5,10.0,64,31435,31435,0,mind,torchgeo_bench.coordbench.models.MINDLocationEncoder
places-chd,chd_crudeprev,regression,linear,random,r2,0.3825462172756193,0.36458665075461116,0.4005057837966275,5,10.0,64,31435,31435,0,mind,torchgeo_bench.coordbench.models.MINDLocationEncoder
places-chd,chd_crudeprev,regression,linear,spatial,r2,0.22719139155069415,0.16103988205322345,0.29334290104816485,5,10.0,64,31435,31435,0,mind,torchgeo_bench.coordbench.models.MINDLocationEncoder
places-mental_health,mhlth_crudeprev,regression,linear,random,r2,0.3706289919879617,0.35758630590000584,0.3836716780759175,5,10.0,64,31435,31435,0,mind,torchgeo_bench.coordbench.models.MINDLocationEncoder
places-mental_health,mhlth_crudeprev,regression,linear,spatial,r2,0.07912678982460508,-0.022090267421506007,0.18034384707071616,5,10.0,64,31435,31435,0,mind,torchgeo_bench.coordbench.models.MINDLocationEncoder
places-checkup,checkup_crudeprev,regression,linear,random,r2,0.6561937934439726,0.6535050121165716,0.6588825747713735,5,10.0,64,31435,31435,0,mind,torchgeo_bench.coordbench.models.MINDLocationEncoder
places-checkup,checkup_crudeprev,regression,linear,spatial,r2,0.389056486289788,0.2135084791179596,0.5646044934616165,5,10.0,64,31435,31435,0,mind,torchgeo_bench.coordbench.models.MINDLocationEncoder
places-sleep_lt7,sleep_crudeprev,regression,linear,random,r2,0.4607706036822538,0.4510334964107619,0.4705077109537457,5,10.0,64,32409,32409,0,mind,torchgeo_bench.coordbench.models.MINDLocationEncoder
places-sleep_lt7,sleep_crudeprev,regression,linear,spatial,r2,0.13842907498178708,-0.017324401755987706,0.29418255171956187,5,10.0,64,32409,32409,0,mind,torchgeo_bench.coordbench.models.MINDLocationEncoder
places-asthma,casthma_crudeprev,regression,linear,random,r2,0.3579484456270848,0.3469826598231001,0.36891423143106944,5,10.0,64,31435,31435,0,mind,torchgeo_bench.coordbench.models.MINDLocationEncoder
places-asthma,casthma_crudeprev,regression,linear,spatial,r2,0.019439800465439604,-0.1334399291072092,0.17231953003808842,5,10.0,64,31435,31435,0,mind,torchgeo_bench.coordbench.models.MINDLocationEncoder
places-obesity,obesity_crudeprev,regression,linear,random,r2,0.4992164873238904,0.4932611787468468,0.505171795900934,5,10.0,64,31435,31435,0,mind,torchgeo_bench.coordbench.models.MINDLocationEncoder
places-obesity,obesity_crudeprev,regression,linear,spatial,r2,0.2712929199015734,0.17130322523714867,0.3712826145659981,5,10.0,64,31435,31435,0,mind,torchgeo_bench.coordbench.models.MINDLocationEncoder
places-smoking,csmoking_crudeprev,regression,linear,random,r2,0.4789248347895871,0.471323672448804,0.48652599713037015,5,10.0,64,31435,31435,0,mind,torchgeo_bench.coordbench.models.MINDLocationEncoder
places-smoking,csmoking_crudeprev,regression,linear,spatial,r2,0.2346480389598618,0.07700442487039674,0.3922916530493269,5,10.0,64,31435,31435,0,mind,torchgeo_bench.coordbench.models.MINDLocationEncoder
places-high_chol,highchol_crudeprev,regression,linear,random,r2,0.283483091928985,0.2712161335500825,0.29575005030788754,5,10.0,64,31435,31435,0,mind,torchgeo_bench.coordbench.models.MINDLocationEncoder
places-high_chol,highchol_crudeprev,regression,linear,spatial,r2,0.07394105176967178,-0.11090685949082163,0.2587889630301652,5,10.0,64,31435,31435,0,mind,torchgeo_bench.coordbench.models.MINDLocationEncoder
mosaiks-treecover,treecover,regression,linear,random,r2,0.7092466475393666,0.7022577775950825,0.7162355174836508,5,10.0,64,100000,100000,0,mind,torchgeo_bench.coordbench.models.MINDLocationEncoder
mosaiks-treecover,treecover,regression,linear,spatial,r2,0.632141318851809,0.5836945983968505,0.6805880393067676,5,10.0,64,100000,100000,0,mind,torchgeo_bench.coordbench.models.MINDLocationEncoder
mosaiks-elevation,elevation,regression,linear,random,r2,0.9310561206220571,0.9294035158150367,0.9327087254290776,5,10.0,64,100000,100000,0,mind,torchgeo_bench.coordbench.models.MINDLocationEncoder
mosaiks-elevation,elevation,regression,linear,spatial,r2,0.8117723421590922,0.6737464159794129,0.9497982683387716,5,10.0,64,100000,100000,0,mind,torchgeo_bench.coordbench.models.MINDLocationEncoder
mosaiks-population,population,regression,linear,random,r2,0.4963215046654123,0.4896950971701592,0.5029479121606655,5,10.0,64,67968,67968,0,mind,torchgeo_bench.coordbench.models.MINDLocationEncoder
mosaiks-population,population,regression,linear,spatial,r2,0.4201951927731331,0.30539575545882336,0.5349946300874429,5,10.0,64,67968,67968,0,mind,torchgeo_bench.coordbench.models.MINDLocationEncoder
mosaiks-nightlights,nightlights,regression,linear,random,r2,0.31971216353105014,0.3168608538941676,0.32256347316793266,5,10.0,64,100000,100000,0,mind,torchgeo_bench.coordbench.models.MINDLocationEncoder
mosaiks-nightlights,nightlights,regression,linear,spatial,r2,0.18821441085863108,0.09551647355610937,0.2809123481611528,5,10.0,64,100000,100000,0,mind,torchgeo_bench.coordbench.models.MINDLocationEncoder
mosaiks-income,income,regression,linear,random,r2,0.2823987443174642,0.2780221196758817,0.2867753689590467,5,10.0,64,91377,91377,0,mind,torchgeo_bench.coordbench.models.MINDLocationEncoder
mosaiks-income,income,regression,linear,spatial,r2,0.10885081387337796,-0.016657885800911973,0.23435951354766787,5,10.0,64,91377,91377,0,mind,torchgeo_bench.coordbench.models.MINDLocationEncoder
mosaiks-roads,roads,regression,linear,random,r2,0.030667148320295157,0.02833429342144864,0.03300000321914168,5,10.0,64,100000,100000,0,mind,torchgeo_bench.coordbench.models.MINDLocationEncoder
mosaiks-roads,roads,regression,linear,spatial,r2,-0.0034330441062169425,-0.016063833149191003,0.009197744936757119,5,10.0,64,100000,100000,0,mind,torchgeo_bench.coordbench.models.MINDLocationEncoder
mosaiks-housing,housing,regression,linear,random,r2,0.4875905835859208,0.4821407755418216,0.49304039163001995,5,10.0,64,54586,54586,0,mind,torchgeo_bench.coordbench.models.MINDLocationEncoder
mosaiks-housing,housing,regression,linear,spatial,r2,0.009686496656033827,-0.2597915761303363,0.279164569442404,5,10.0,64,54586,54586,0,mind,torchgeo_bench.coordbench.models.MINDLocationEncoder
country,country,classification,knn5,random,accuracy,0.9305022497769209,0.9228004800259763,0.9382040195278655,5,10.0,64,8432,8432,0,mind,torchgeo_bench.coordbench.models.MINDLocationEncoder
country,country,classification,linear,random,accuracy,0.7539126753807068,0.7395920491857008,0.7682333015757129,5,10.0,64,8432,8432,0,mind,torchgeo_bench.coordbench.models.MINDLocationEncoder
country,country,classification,knn5,spatial,accuracy,0.770262315564245,0.7345734270212696,0.8059512041072203,5,10.0,64,8432,8432,0,mind,torchgeo_bench.coordbench.models.MINDLocationEncoder
country,country,classification,linear,spatial,accuracy,0.6494217634201049,0.6062413039086623,0.6926022229315476,5,10.0,64,8432,8432,0,mind,torchgeo_bench.coordbench.models.MINDLocationEncoder
ecoregions,biome,classification,knn5,random,accuracy,0.8764501160092808,0.8716810197700477,0.8812192122485139,5,10.0,64,8620,8620,0,mind,torchgeo_bench.coordbench.models.MINDLocationEncoder
ecoregions,biome,classification,linear,random,accuracy,0.7966356992721557,0.7889090977984204,0.804362300745891,5,10.0,64,8620,8620,0,mind,torchgeo_bench.coordbench.models.MINDLocationEncoder
ecoregions,ecoregion,classification,knn5,random,accuracy,0.7302784222737817,0.7193402788247578,0.7412165657228056,5,10.0,64,8620,8620,0,mind,torchgeo_bench.coordbench.models.MINDLocationEncoder
ecoregions,ecoregion,classification,linear,random,accuracy,0.41624128818511963,0.4067767524394868,0.42570582393075246,5,10.0,64,8620,8620,0,mind,torchgeo_bench.coordbench.models.MINDLocationEncoder
ecoregions,biome,classification,knn5,spatial,accuracy,0.7935532928980829,0.7749739477548949,0.8121326380412708,5,10.0,64,8620,8620,0,mind,torchgeo_bench.coordbench.models.MINDLocationEncoder
ecoregions,biome,classification,linear,spatial,accuracy,0.7619138836860657,0.7279505685628808,0.7958771988092507,5,10.0,64,8620,8620,0,mind,torchgeo_bench.coordbench.models.MINDLocationEncoder
ecoregions,ecoregion,classification,knn5,spatial,accuracy,0.4879839921310971,0.4477627627197968,0.5282052215423974,5,10.0,64,8620,8620,0,mind,torchgeo_bench.coordbench.models.MINDLocationEncoder
ecoregions,ecoregion,classification,linear,spatial,accuracy,0.2704602152109146,0.21095307437512956,0.3299673560466997,5,10.0,64,8620,8620,0,mind,torchgeo_bench.coordbench.models.MINDLocationEncoder
worldclim-bio1,bio1,regression,linear,random,r2,0.8869812136898861,0.8778889025568973,0.896073524822875,5,10.0,64,18068,18068,0,mind,torchgeo_bench.coordbench.models.MINDLocationEncoder
worldclim-bio1,bio1,regression,linear,spatial,r2,0.8794541012736101,0.8461995126444695,0.9127086899027508,5,10.0,64,18068,18068,0,mind,torchgeo_bench.coordbench.models.MINDLocationEncoder
worldclim-bio12,bio12,regression,linear,random,r2,0.8820954349614736,0.874680170548025,0.8895106993749221,5,10.0,64,18068,18068,0,mind,torchgeo_bench.coordbench.models.MINDLocationEncoder
worldclim-bio12,bio12,regression,linear,spatial,r2,0.8680852073490237,0.834444797761597,0.9017256169364505,5,10.0,64,18068,18068,0,mind,torchgeo_bench.coordbench.models.MINDLocationEncoder
soilgrids-soc,soc,regression,linear,random,r2,0.7698614852647363,0.7560943181492704,0.7836286523802022,5,10.0,64,4884,4884,0,mind,torchgeo_bench.coordbench.models.MINDLocationEncoder
soilgrids-soc,soc,regression,linear,spatial,r2,0.7072544600340158,0.6446839587464408,0.7698249613215908,5,10.0,64,4884,4884,0,mind,torchgeo_bench.coordbench.models.MINDLocationEncoder
soilgrids-phh2o,phh2o,regression,linear,random,r2,0.887094501950817,0.8765108230880818,0.8976781808135521,5,10.0,64,4884,4884,0,mind,torchgeo_bench.coordbench.models.MINDLocationEncoder
soilgrids-phh2o,phh2o,regression,linear,spatial,r2,0.8724268347189611,0.8632594176593715,0.8815942517785507,5,10.0,64,4884,4884,0,mind,torchgeo_bench.coordbench.models.MINDLocationEncoder
dm-africa_crop_mask,africa_crop_mask,classification,knn5,random,accuracy,0.887717863258317,0.8802735609849132,0.8951621655317209,5,10.0,64,2556,2556,0,mind,torchgeo_bench.coordbench.models.MINDLocationEncoder
dm-africa_crop_mask,africa_crop_mask,classification,linear,random,accuracy,0.8814540982246399,0.873263898163665,0.8896442982856149,5,10.0,64,2556,2556,0,mind,torchgeo_bench.coordbench.models.MINDLocationEncoder
dm-africa_crop_mask,africa_crop_mask,classification,knn5,spatial,accuracy,0.9134266846400605,0.8428861516174533,0.9839672176626677,5,10.0,64,2556,2556,0,mind,torchgeo_bench.coordbench.models.MINDLocationEncoder
dm-africa_crop_mask,africa_crop_mask,classification,linear,spatial,accuracy,0.9184882521629334,0.8484762419708121,0.9885002623550547,5,10.0,64,2556,2556,0,mind,torchgeo_bench.coordbench.models.MINDLocationEncoder
dm-aster_ged,aster_ged,regression,linear,random,r2,0.7873315325278676,0.7832204908724771,0.791442574183258,5,10.0,64,17636,17636,0,mind,torchgeo_bench.coordbench.models.MINDLocationEncoder
dm-aster_ged,aster_ged,regression,linear,spatial,r2,0.7401341981087152,0.702365962735088,0.7779024334823423,5,10.0,64,17636,17636,0,mind,torchgeo_bench.coordbench.models.MINDLocationEncoder
dm-canada_crops_coarse,canada_crops_coarse,classification,knn5,random,accuracy,0.4961137353667123,0.4866263604396538,0.5056011102937709,5,10.0,64,16079,16079,0,mind,torchgeo_bench.coordbench.models.MINDLocationEncoder
dm-canada_crops_coarse,canada_crops_coarse,classification,linear,random,accuracy,0.48659778833389283,0.4819733447906348,0.49122223187715086,5,10.0,64,16079,16079,0,mind,torchgeo_bench.coordbench.models.MINDLocationEncoder
dm-canada_crops_coarse,canada_crops_coarse,classification,knn5,spatial,accuracy,0.3894034713635687,0.273457083666765,0.5053498590603723,5,10.0,64,16079,16079,0,mind,torchgeo_bench.coordbench.models.MINDLocationEncoder
dm-canada_crops_coarse,canada_crops_coarse,classification,linear,spatial,accuracy,0.4757693111896515,0.35290551429424866,0.5986331080850543,5,10.0,64,16079,16079,0,mind,torchgeo_bench.coordbench.models.MINDLocationEncoder
dm-canada_crops_fine,canada_crops_fine,classification,knn5,random,accuracy,0.3199227847806003,0.31465580426408873,0.3251897652971119,5,10.0,64,14566,14566,0,mind,torchgeo_bench.coordbench.models.MINDLocationEncoder
dm-canada_crops_fine,canada_crops_fine,classification,linear,random,accuracy,0.34875690937042236,0.34443670528038084,0.3530771134604639,5,10.0,64,14566,14566,0,mind,torchgeo_bench.coordbench.models.MINDLocationEncoder
dm-canada_crops_fine,canada_crops_fine,classification,knn5,spatial,accuracy,0.175694032218822,0.11413234519107407,0.2372557192465699,5,10.0,64,14566,14566,0,mind,torchgeo_bench.coordbench.models.MINDLocationEncoder
dm-canada_crops_fine,canada_crops_fine,classification,linear,spatial,accuracy,0.28486932516098024,0.22837872741715193,0.34135992290480854,5,10.0,64,14566,14566,0,mind,torchgeo_bench.coordbench.models.MINDLocationEncoder
dm-descals,descals,classification,knn5,random,accuracy,0.945985831344549,0.9419784533099774,0.9499932093791207,5,10.0,64,17477,17477,0,mind,torchgeo_bench.coordbench.models.MINDLocationEncoder
dm-descals,descals,classification,linear,random,accuracy,0.9454136371612549,0.9402049740687756,0.9506223002537343,5,10.0,64,17477,17477,0,mind,torchgeo_bench.coordbench.models.MINDLocationEncoder
dm-descals,descals,classification,knn5,spatial,accuracy,0.9351960898201215,0.9002403261705716,0.9701518534696714,5,10.0,64,17477,17477,0,mind,torchgeo_bench.coordbench.models.MINDLocationEncoder
dm-descals,descals,classification,linear,spatial,accuracy,0.9447733163833618,0.911004622325461,0.9785420104412627,5,10.0,64,17477,17477,0,mind,torchgeo_bench.coordbench.models.MINDLocationEncoder
dm-ethiopia_crops,ethiopia_crops,classification,knn5,random,accuracy,0.9197628458498024,0.9084720499153472,0.9310536417842575,5,10.0,64,2530,2530,0,mind,torchgeo_bench.coordbench.models.MINDLocationEncoder
dm-ethiopia_crops,ethiopia_crops,classification,linear,random,accuracy,0.8924901485443115,0.8817671096109412,0.9032131874776819,5,10.0,64,2530,2530,0,mind,torchgeo_bench.coordbench.models.MINDLocationEncoder
dm-ethiopia_crops,ethiopia_crops,classification,knn5,spatial,accuracy,0.855420018112438,0.7900805369913875,0.9207594992334884,5,10.0,64,2530,2530,0,mind,torchgeo_bench.coordbench.models.MINDLocationEncoder
dm-ethiopia_crops,ethiopia_crops,classification,linear,spatial,accuracy,0.8649839162826538,0.7877318535373538,0.9422359790279539,5,10.0,64,2530,2530,0,mind,torchgeo_bench.coordbench.models.MINDLocationEncoder
dm-glance,glance,classification,knn5,random,accuracy,0.5345277339830873,0.5309547515663734,0.5381007163998012,5,10.0,64,34885,34885,0,mind,torchgeo_bench.coordbench.models.MINDLocationEncoder
dm-glance,glance,classification,linear,random,accuracy,0.4704314410686493,0.46829321830010157,0.47256966383719706,5,10.0,64,34885,34885,0,mind,torchgeo_bench.coordbench.models.MINDLocationEncoder
dm-glance,glance,classification,knn5,spatial,accuracy,0.40824177896420394,0.3862839542889214,0.43019960363948645,5,10.0,64,34885,34885,0,mind,torchgeo_bench.coordbench.models.MINDLocationEncoder
dm-glance,glance,classification,linear,spatial,accuracy,0.4472994029521942,0.43588951307655033,0.4587092928278381,5,10.0,64,34885,34885,0,mind,torchgeo_bench.coordbench.models.MINDLocationEncoder
dm-lcmap_lc,lcmap_lc,classification,knn5,random,accuracy,0.6425877027536778,0.6383183224996088,0.6468570830077468,5,10.0,64,26510,26510,0,mind,torchgeo_bench.coordbench.models.MINDLocationEncoder
dm-lcmap_lc,lcmap_lc,classification,linear,random,accuracy,0.6662391662597656,0.662776585341983,0.6697017471775483,5,10.0,64,26510,26510,0,mind,torchgeo_bench.coordbench.models.MINDLocationEncoder
dm-lcmap_lc,lcmap_lc,classification,knn5,spatial,accuracy,0.5816048533305513,0.48952348176419114,0.6736862248969115,5,10.0,64,26510,26510,0,mind,torchgeo_bench.coordbench.models.MINDLocationEncoder
dm-lcmap_lc,lcmap_lc,classification,linear,spatial,accuracy,0.6586056709289551,0.5840222842417022,0.7331890576162079,5,10.0,64,26510,26510,0,mind,torchgeo_bench.coordbench.models.MINDLocationEncoder
dm-lcmap_lcc,lcmap_lcc,classification,knn5,random,accuracy,0.7168103448275863,0.7030037781223734,0.7306169115327993,5,10.0,64,2320,2320,0,mind,torchgeo_bench.coordbench.models.MINDLocationEncoder
dm-lcmap_lcc,lcmap_lcc,classification,linear,random,accuracy,0.7245689630508423,0.7076869455736542,0.7414509805280304,5,10.0,64,2320,2320,0,mind,torchgeo_bench.coordbench.models.MINDLocationEncoder
dm-lcmap_lcc,lcmap_lcc,classification,knn5,spatial,accuracy,0.6844882574313287,0.6419776803331151,0.7269988345295423,5,10.0,64,2320,2320,0,mind,torchgeo_bench.coordbench.models.MINDLocationEncoder
dm-lcmap_lcc,lcmap_lcc,classification,linear,spatial,accuracy,0.7052985548973083,0.6572907020788846,0.753306407715732,5,10.0,64,2320,2320,0,mind,torchgeo_bench.coordbench.models.MINDLocationEncoder
dm-lcmap_lu,lcmap_lu,classification,knn5,random,accuracy,0.6418746767468191,0.6318649686270446,0.6518843848665936,5,10.0,64,26513,26513,0,mind,torchgeo_bench.coordbench.models.MINDLocationEncoder
dm-lcmap_lu,lcmap_lu,classification,linear,random,accuracy,0.6622038841247558,0.6549669211665605,0.6694408470829512,5,10.0,64,26513,26513,0,mind,torchgeo_bench.coordbench.models.MINDLocationEncoder
dm-lcmap_lu,lcmap_lu,classification,knn5,spatial,accuracy,0.5556823095473069,0.5165496787137627,0.5948149403808511,5,10.0,64,26513,26513,0,mind,torchgeo_bench.coordbench.models.MINDLocationEncoder
dm-lcmap_lu,lcmap_lu,classification,linear,spatial,accuracy,0.6529450178146362,0.6148418827488035,0.691048152880469,5,10.0,64,26513,26513,0,mind,torchgeo_bench.coordbench.models.MINDLocationEncoder
dm-lcmap_luc,lcmap_luc,classification,knn5,random,accuracy,0.6750774072382113,0.6550155968767003,0.6951392175997223,5,10.0,64,991,991,0,mind,torchgeo_bench.coordbench.models.MINDLocationEncoder
dm-lcmap_luc,lcmap_luc,classification,linear,random,accuracy,0.7204761028289794,0.7061877804642542,0.7347644251937047,5,10.0,64,991,991,0,mind,torchgeo_bench.coordbench.models.MINDLocationEncoder
dm-lcmap_luc,lcmap_luc,classification,knn5,spatial,accuracy,0.6610240008596785,0.6012221520145513,0.7208258497048057,5,10.0,64,991,991,0,mind,torchgeo_bench.coordbench.models.MINDLocationEncoder
dm-lcmap_luc,lcmap_luc,classification,linear,spatial,accuracy,0.7164810180664063,0.6423951787958123,0.7905668573370003,5,10.0,64,991,991,0,mind,torchgeo_bench.coordbench.models.MINDLocationEncoder
dm-lucas_lc,lucas_lc,classification,knn5,random,accuracy,0.2720551724773004,0.269508431681727,0.27460191327287375,5,10.0,64,203569,203569,0,mind,torchgeo_bench.coordbench.models.MINDLocationEncoder
dm-lucas_lc,lucas_lc,classification,linear,random,accuracy,0.27776822447776794,0.2758727176663275,0.2796637312892084,5,10.0,64,203569,203569,0,mind,torchgeo_bench.coordbench.models.MINDLocationEncoder
dm-lucas_lc,lucas_lc,classification,knn5,spatial,accuracy,0.14969628263935553,0.1277856227509484,0.17160694252776265,5,10.0,64,203569,203569,0,mind,torchgeo_bench.coordbench.models.MINDLocationEncoder
dm-lucas_lc,lucas_lc,classification,linear,spatial,accuracy,0.2345268338918686,0.21639741130242965,0.2526562564813075,5,10.0,64,203569,203569,0,mind,torchgeo_bench.coordbench.models.MINDLocationEncoder
dm-lucas_lu,lucas_lu,classification,knn5,random,accuracy,0.5920619938643206,0.5902157568655625,0.5939082308630786,5,10.0,64,226858,226858,0,mind,torchgeo_bench.coordbench.models.MINDLocationEncoder
dm-lucas_lu,lucas_lu,classification,linear,random,accuracy,0.5696250438690186,0.5682732508824543,0.5709768368555829,5,10.0,64,226858,226858,0,mind,torchgeo_bench.coordbench.models.MINDLocationEncoder
dm-lucas_lu,lucas_lu,classification,knn5,spatial,accuracy,0.46846460526713907,0.38946288621172087,0.5474663243225573,5,10.0,64,226858,226858,0,mind,torchgeo_bench.coordbench.models.MINDLocationEncoder
dm-lucas_lu,lucas_lu,classification,linear,spatial,accuracy,0.519744336605072,0.44484709637144143,0.5946415768387027,5,10.0,64,226858,226858,0,mind,torchgeo_bench.coordbench.models.MINDLocationEncoder
dm-openet_ensemble,openet_ensemble,regression,linear,random,r2,0.08276116060537446,0.07855913436645834,0.08696318684429058,5,10.0,64,35683,35683,0,mind,torchgeo_bench.coordbench.models.MINDLocationEncoder
dm-openet_ensemble,openet_ensemble,regression,linear,spatial,r2,0.045840106110832265,0.00045273576541537963,0.09122747645624915,5,10.0,64,35683,35683,0,mind,torchgeo_bench.coordbench.models.MINDLocationEncoder
dm-us_trees,us_trees,classification,knn5,random,accuracy,0.15821264842834043,0.15515684371342434,0.16126845314325652,5,10.0,64,45382,45382,0,mind,torchgeo_bench.coordbench.models.MINDLocationEncoder
dm-us_trees,us_trees,classification,linear,random,accuracy,0.17066237032413484,0.16924907706836087,0.1720756635799088,5,10.0,64,45382,45382,0,mind,torchgeo_bench.coordbench.models.MINDLocationEncoder
dm-us_trees,us_trees,classification,knn5,spatial,accuracy,0.09204649636489008,0.0719310424278446,0.11216195030193557,5,10.0,64,45382,45382,0,mind,torchgeo_bench.coordbench.models.MINDLocationEncoder
dm-us_trees,us_trees,classification,linear,spatial,accuracy,0.12648189812898636,0.10531649017450215,0.14764730608347057,5,10.0,64,45382,45382,0,mind,torchgeo_bench.coordbench.models.MINDLocationEncoder
pdfm-conus27,Percent_Person_WithHighCholesterol,regression,linear,random,r2,0.2900677572801713,0.2759410637487982,0.30419445081154445,5,10.0,128,35157,34894,0,mind-small,torchgeo_bench.coordbench.models.MINDLocationEncoder
pdfm-conus27,Percent_Person_WithPhysicalHealthNotGood,regression,linear,random,r2,0.48648975510704445,0.4773947853608047,0.4955847248532842,5,10.0,128,35157,34894,0,mind-small,torchgeo_bench.coordbench.models.MINDLocationEncoder
pdfm-conus27,Percent_Person_WithStroke,regression,linear,random,r2,0.32424586431652036,0.31210129701407924,0.3363904316189615,5,10.0,128,35157,34894,0,mind-small,torchgeo_bench.coordbench.models.MINDLocationEncoder
pdfm-conus27,Percent_Person_BingeDrinking,regression,linear,random,r2,0.4270718496696155,0.4172504483038133,0.43689325103541765,5,10.0,128,35157,34894,0,mind-small,torchgeo_bench.coordbench.models.MINDLocationEncoder
pdfm-conus27,Percent_Person_PhysicalInactivity,regression,linear,random,r2,0.4815510605055742,0.4756852161173593,0.48741690489378914,5,10.0,128,35157,34894,0,mind-small,torchgeo_bench.coordbench.models.MINDLocationEncoder
pdfm-conus27,Percent_Person_ReceivedAnnualCheckup,regression,linear,random,r2,0.6945386871538597,0.6909809672167686,0.6980964070909508,5,10.0,128,35157,34894,0,mind-small,torchgeo_bench.coordbench.models.MINDLocationEncoder
pdfm-conus27,Percent_Person_WithCancerExcludingSkinCancer,regression,linear,random,r2,0.23005800536340493,0.21781434189145202,0.24230166883535784,5,10.0,128,35157,34894,0,mind-small,torchgeo_bench.coordbench.models.MINDLocationEncoder
pdfm-conus27,Percent_Person_WithDiabetes,regression,linear,random,r2,0.3842102012211333,0.37083120455328183,0.3975891978889848,5,10.0,128,35157,34894,0,mind-small,torchgeo_bench.coordbench.models.MINDLocationEncoder
pdfm-conus27,Percent_Person_WithMentalHealthNotGood,regression,linear,random,r2,0.41223148370453816,0.4055235987300198,0.4189393686790565,5,10.0,128,35157,34894,0,mind-small,torchgeo_bench.coordbench.models.MINDLocationEncoder
pdfm-conus27,Percent_Person_WithCoronaryHeartDisease,regression,linear,random,r2,0.3851881452314839,0.3763099364039145,0.3940663540590533,5,10.0,128,35157,34894,0,mind-small,torchgeo_bench.coordbench.models.MINDLocationEncoder
pdfm-conus27,Percent_Person_WithHighBloodPressure,regression,linear,random,r2,0.4646180525419285,0.45242917833249413,0.4768069267513629,5,10.0,128,35157,34894,0,mind-small,torchgeo_bench.coordbench.models.MINDLocationEncoder
pdfm-conus27,Percent_Person_ReceivedCholesterolScreening,regression,linear,random,r2,0.3698312148677558,0.35733082773992936,0.3823316019955822,5,10.0,128,35157,34894,0,mind-small,torchgeo_bench.coordbench.models.MINDLocationEncoder
pdfm-conus27,Percent_Person_ReceivedDentalVisit,regression,linear,random,r2,0.4922511047811189,0.4845461982050488,0.499956011357189,5,10.0,128,35157,34894,0,mind-small,torchgeo_bench.coordbench.models.MINDLocationEncoder
pdfm-conus27,Percent_Person_WithAsthma,regression,linear,random,r2,0.4637246085281941,0.4524563425896005,0.4749928744667877,5,10.0,128,35157,34894,0,mind-small,torchgeo_bench.coordbench.models.MINDLocationEncoder
pdfm-conus27,Percent_Person_WithChronicKidneyDisease,regression,linear,random,r2,0.27642860558291654,0.26021962021892003,0.29263759094691305,5,10.0,128,35157,34894,0,mind-small,torchgeo_bench.coordbench.models.MINDLocationEncoder
pdfm-conus27,Percent_Person_WithArthritis,regression,linear,random,r2,0.41589529666845476,0.4022028978935938,0.4295876954433157,5,10.0,128,35157,34894,0,mind-small,torchgeo_bench.coordbench.models.MINDLocationEncoder
pdfm-conus27,Percent_Person_WithChronicObstructivePulmonaryDisease,regression,linear,random,r2,0.5224576660395824,0.5142894244263061,0.5306259076528588,5,10.0,128,35157,34894,0,mind-small,torchgeo_bench.coordbench.models.MINDLocationEncoder
pdfm-conus27,Percent_Person_18OrMoreYears_WithHighBloodPressure_ReceivedTakingBloodPressureMedication,regression,linear,random,r2,0.22048112989382423,0.2027088093508925,0.23825345043675597,5,10.0,128,35157,34894,0,mind-small,torchgeo_bench.coordbench.models.MINDLocationEncoder
pdfm-conus27,Percent_Person_Obesity,regression,linear,random,r2,0.5356256099714153,0.5252165017667323,0.5460347181760983,5,10.0,128,35157,34894,0,mind-small,torchgeo_bench.coordbench.models.MINDLocationEncoder
pdfm-conus27,Percent_Person_SleepLessThan7Hours,regression,linear,random,r2,0.5195131121246305,0.51184083281004,0.5271853914392209,5,10.0,128,35157,34894,0,mind-small,torchgeo_bench.coordbench.models.MINDLocationEncoder
pdfm-conus27,Percent_Person_Smoking,regression,linear,random,r2,0.4955455357356994,0.48456901224011356,0.5065220592312853,5,10.0,128,35157,34894,0,mind-small,torchgeo_bench.coordbench.models.MINDLocationEncoder
pdfm-conus27,Median_Income_Household,regression,linear,random,r2,0.3447896193591962,0.3367976223434695,0.35278161637492295,5,10.0,128,35157,34835,0,mind-small,torchgeo_bench.coordbench.models.MINDLocationEncoder
pdfm-conus27,Median_HomeValue_HousingUnit_OccupiedHousingUnit_OwnerOccupied,regression,linear,random,r2,0.6077987726646399,0.5954859813757717,0.6201115639535081,5,10.0,128,35157,34609,0,mind-small,torchgeo_bench.coordbench.models.MINDLocationEncoder
pdfm-conus27,night_lights_log10,regression,linear,random,r2,0.5009336681698556,0.49222266837915307,0.5096446679605582,5,10.0,128,35157,35157,0,mind-small,torchgeo_bench.coordbench.models.MINDLocationEncoder
pdfm-conus27,population_density_log10,regression,linear,random,r2,0.5836862038300178,0.5768495288643992,0.5905228787956364,5,10.0,128,35157,35157,0,mind-small,torchgeo_bench.coordbench.models.MINDLocationEncoder
pdfm-conus27,tree_cover,regression,linear,random,r2,0.7448001322706841,0.7394294446831614,0.7501708198582068,5,10.0,128,35157,35157,0,mind-small,torchgeo_bench.coordbench.models.MINDLocationEncoder
pdfm-conus27,elevation,regression,linear,random,r2,0.9490666577425726,0.9466758512604684,0.9514574642246768,5,10.0,128,35157,35157,0,mind-small,torchgeo_bench.coordbench.models.MINDLocationEncoder
pdfm-conus27,Percent_Person_WithHighCholesterol,regression,linear,spatial,r2,0.02677998909539294,-0.09132441990491291,0.14488439809569878,5,10.0,128,35157,34894,0,mind-small,torchgeo_bench.coordbench.models.MINDLocationEncoder
pdfm-conus27,Percent_Person_WithPhysicalHealthNotGood,regression,linear,spatial,r2,-0.02093005755343662,-0.28797456855427606,0.2461144534474028,5,10.0,128,35157,34894,0,mind-small,torchgeo_bench.coordbench.models.MINDLocationEncoder
pdfm-conus27,Percent_Person_WithStroke,regression,linear,spatial,r2,0.0438389470082025,-0.11609674525534942,0.20377463927175443,5,10.0,128,35157,34894,0,mind-small,torchgeo_bench.coordbench.models.MINDLocationEncoder
pdfm-conus27,Percent_Person_BingeDrinking,regression,linear,spatial,r2,-0.17851717215240406,-0.3697444329733208,0.012710088668512726,5,10.0,128,35157,34894,0,mind-small,torchgeo_bench.coordbench.models.MINDLocationEncoder
pdfm-conus27,Percent_Person_PhysicalInactivity,regression,linear,spatial,r2,0.053607847790498805,-0.1863341595927278,0.2935498551737254,5,10.0,128,35157,34894,0,mind-small,torchgeo_bench.coordbench.models.MINDLocationEncoder
pdfm-conus27,Percent_Person_ReceivedAnnualCheckup,regression,linear,spatial,r2,0.17828620648421217,-0.5035613523547988,0.860133765323223,5,10.0,128,35157,34894,0,mind-small,torchgeo_bench.coordbench.models.MINDLocationEncoder
pdfm-conus27,Percent_Person_WithCancerExcludingSkinCancer,regression,linear,spatial,r2,0.012174705959075705,-0.16401874132450453,0.18836815324265596,5,10.0,128,35157,34894,0,mind-small,torchgeo_bench.coordbench.models.MINDLocationEncoder
pdfm-conus27,Percent_Person_WithDiabetes,regression,linear,spatial,r2,-0.007751410681695381,-0.19985425017382888,0.18435142881043812,5,10.0,128,35157,34894,0,mind-small,torchgeo_bench.coordbench.models.MINDLocationEncoder
pdfm-conus27,Percent_Person_WithMentalHealthNotGood,regression,linear,spatial,r2,-0.10443048658154044,-0.39578237498682234,0.18692140182374148,5,10.0,128,35157,34894,0,mind-small,torchgeo_bench.coordbench.models.MINDLocationEncoder
pdfm-conus27,Percent_Person_WithCoronaryHeartDisease,regression,linear,spatial,r2,0.09473913731572556,-0.07851808074868391,0.267996355380135,5,10.0,128,35157,34894,0,mind-small,torchgeo_bench.coordbench.models.MINDLocationEncoder
pdfm-conus27,Percent_Person_WithHighBloodPressure,regression,linear,spatial,r2,0.09743107815585277,-0.15638347074848674,0.3512456270601923,5,10.0,128,35157,34894,0,mind-small,torchgeo_bench.coordbench.models.MINDLocationEncoder
pdfm-conus27,Percent_Person_ReceivedCholesterolScreening,regression,linear,spatial,r2,-0.4198965659366035,-1.071723565410529,0.23193043353732212,5,10.0,128,35157,34894,0,mind-small,torchgeo_bench.coordbench.models.MINDLocationEncoder
pdfm-conus27,Percent_Person_ReceivedDentalVisit,regression,linear,spatial,r2,-0.08150088187108777,-0.5928769409710248,0.4298751772288493,5,10.0,128,35157,34894,0,mind-small,torchgeo_bench.coordbench.models.MINDLocationEncoder
pdfm-conus27,Percent_Person_WithAsthma,regression,linear,spatial,r2,-0.1030252484053025,-0.44741376977705427,0.24136327296644924,5,10.0,128,35157,34894,0,mind-small,torchgeo_bench.coordbench.models.MINDLocationEncoder
pdfm-conus27,Percent_Person_WithChronicKidneyDisease,regression,linear,spatial,r2,0.02201199725033611,-0.14966158512524103,0.19368557962591326,5,10.0,128,35157,34894,0,mind-small,torchgeo_bench.coordbench.models.MINDLocationEncoder
pdfm-conus27,Percent_Person_WithArthritis,regression,linear,spatial,r2,0.12509179444737856,-0.08040402367907987,0.33058761257383695,5,10.0,128,35157,34894,0,mind-small,torchgeo_bench.coordbench.models.MINDLocationEncoder
pdfm-conus27,Percent_Person_WithChronicObstructivePulmonaryDisease,regression,linear,spatial,r2,0.125719151396454,-0.09521440121392652,0.34665270400683457,5,10.0,128,35157,34894,0,mind-small,torchgeo_bench.coordbench.models.MINDLocationEncoder
pdfm-conus27,Percent_Person_18OrMoreYears_WithHighBloodPressure_ReceivedTakingBloodPressureMedication,regression,linear,spatial,r2,0.0289509740637268,-0.16568730832879125,0.22358925645624483,5,10.0,128,35157,34894,0,mind-small,torchgeo_bench.coordbench.models.MINDLocationEncoder
pdfm-conus27,Percent_Person_Obesity,regression,linear,spatial,r2,0.08428703287558678,-0.21833856613042932,0.38691263188160285,5,10.0,128,35157,34894,0,mind-small,torchgeo_bench.coordbench.models.MINDLocationEncoder
pdfm-conus27,Percent_Person_SleepLessThan7Hours,regression,linear,spatial,r2,0.1491781753650835,-0.0459531779237822,0.34430952865394915,5,10.0,128,35157,34894,0,mind-small,torchgeo_bench.coordbench.models.MINDLocationEncoder
pdfm-conus27,Percent_Person_Smoking,regression,linear,spatial,r2,0.03388052382419175,-0.2776132457204867,0.3453742933688702,5,10.0,128,35157,34894,0,mind-small,torchgeo_bench.coordbench.models.MINDLocationEncoder
pdfm-conus27,Median_Income_Household,regression,linear,spatial,r2,0.16011681519802595,0.04890971946824137,0.27132391092781055,5,10.0,128,35157,34835,0,mind-small,torchgeo_bench.coordbench.models.MINDLocationEncoder
pdfm-conus27,Median_HomeValue_HousingUnit_OccupiedHousingUnit_OwnerOccupied,regression,linear,spatial,r2,0.2306274825182669,-0.06963878134234672,0.5308937463788805,5,10.0,128,35157,34609,0,mind-small,torchgeo_bench.coordbench.models.MINDLocationEncoder
pdfm-conus27,night_lights_log10,regression,linear,spatial,r2,0.37320102921571496,0.2748649009615979,0.47153715746983205,5,10.0,128,35157,35157,0,mind-small,torchgeo_bench.coordbench.models.MINDLocationEncoder
pdfm-conus27,population_density_log10,regression,linear,spatial,r2,0.4629854585009097,0.346409975453933,0.5795609415478865,5,10.0,128,35157,35157,0,mind-small,torchgeo_bench.coordbench.models.MINDLocationEncoder
pdfm-conus27,tree_cover,regression,linear,spatial,r2,0.6285696425032208,0.58087178102528,0.6762675039811615,5,10.0,128,35157,35157,0,mind-small,torchgeo_bench.coordbench.models.MINDLocationEncoder
pdfm-conus27,elevation,regression,linear,spatial,r2,0.7885031708800406,0.6511531947226443,0.9258531470374369,5,10.0,128,35157,35157,0,mind-small,torchgeo_bench.coordbench.models.MINDLocationEncoder
satclip-air-temp,air_temperature,regression,linear,random,r2,0.9413840043123745,0.93277486236227,0.9499931462624789,5,10.0,128,3076,3076,0,mind-small,torchgeo_bench.coordbench.models.MINDLocationEncoder
satclip-air-temp,air_temperature,regression,linear,spatial,r2,0.9334342149243924,0.9169550559476517,0.9499133739011331,5,10.0,128,3076,3076,0,mind-small,torchgeo_bench.coordbench.models.MINDLocationEncoder
california-housing,median_house_value,regression,linear,random,r2,0.4505513803007677,0.4446193363598087,0.45648342424172667,5,10.0,128,20640,20640,0,mind-small,torchgeo_bench.coordbench.models.MINDLocationEncoder
california-housing,median_house_value,regression,linear,spatial,r2,-1.9678995255747802,-4.920976023239767,0.9851769720902066,5,10.0,128,20640,20640,0,mind-small,torchgeo_bench.coordbench.models.MINDLocationEncoder
satclip-country,country,classification,knn5,random,accuracy,0.9669015584212899,0.9653006258097719,0.9685024910328078,5,10.0,128,33053,33053,0,mind-small,torchgeo_bench.coordbench.models.MINDLocationEncoder
satclip-country,country,classification,linear,random,accuracy,0.8453693389892578,0.8410874415632201,0.8496512364152955,5,10.0,128,33053,33053,0,mind-small,torchgeo_bench.coordbench.models.MINDLocationEncoder
satclip-country,country,classification,knn5,spatial,accuracy,0.8608442415256488,0.8327272220784914,0.8889612609728061,5,10.0,128,33053,33053,0,mind-small,torchgeo_bench.coordbench.models.MINDLocationEncoder
satclip-country,country,classification,linear,spatial,accuracy,0.7794008255004883,0.7285300850023031,0.8302715659986735,5,10.0,128,33053,33053,0,mind-small,torchgeo_bench.coordbench.models.MINDLocationEncoder
satclip-ecoregion,ecoregion_class_index,classification,knn5,random,accuracy,0.8559665596331982,0.8501458729759858,0.8617872462904107,5,10.0,128,32798,32798,0,mind-small,torchgeo_bench.coordbench.models.MINDLocationEncoder
satclip-ecoregion,ecoregion_class_index,classification,linear,random,accuracy,0.595554256439209,0.5884573566581327,0.6026511562202853,5,10.0,128,32798,32798,0,mind-small,torchgeo_bench.coordbench.models.MINDLocationEncoder
satclip-ecoregion,ecoregion_class_index,classification,knn5,spatial,accuracy,0.6675171053622242,0.6357956265370662,0.6992385841873822,5,10.0,128,32798,32798,0,mind-small,torchgeo_bench.coordbench.models.MINDLocationEncoder
satclip-ecoregion,ecoregion_class_index,classification,linear,spatial,accuracy,0.4815081536769867,0.43925279533115247,0.5237635120228209,5,10.0,128,32798,32798,0,mind-small,torchgeo_bench.coordbench.models.MINDLocationEncoder
satclip-biome,biome_class_index,classification,knn5,random,accuracy,0.9292942949363935,0.9263193339291721,0.9322692559436149,5,10.0,128,32798,32798,0,mind-small,torchgeo_bench.coordbench.models.MINDLocationEncoder
satclip-biome,biome_class_index,classification,linear,random,accuracy,0.8575523376464844,0.8551790624554132,0.8599256128375556,5,10.0,128,32798,32798,0,mind-small,torchgeo_bench.coordbench.models.MINDLocationEncoder
satclip-biome,biome_class_index,classification,knn5,spatial,accuracy,0.8541409487128867,0.8402375102077763,0.8680443872179971,5,10.0,128,32798,32798,0,mind-small,torchgeo_bench.coordbench.models.MINDLocationEncoder
satclip-biome,biome_class_index,classification,linear,spatial,accuracy,0.8196372151374817,0.8063508022931467,0.8329236279818166,5,10.0,128,32798,32798,0,mind-small,torchgeo_bench.coordbench.models.MINDLocationEncoder
satclip-population,log_population,regression,linear,random,r2,0.7446456045967591,0.7400854394465298,0.7492057697469884,5,10.0,128,74512,74512,0,mind-small,torchgeo_bench.coordbench.models.MINDLocationEncoder
satclip-population,log_population,regression,linear,spatial,r2,0.6910975809978263,0.6109152193296308,0.7712799426660217,5,10.0,128,74512,74512,0,mind-small,torchgeo_bench.coordbench.models.MINDLocationEncoder
satclip-elevation,elevation,regression,linear,random,r2,0.7918227088542962,0.783425176345254,0.8002202413633384,5,10.0,128,100000,99995,0,mind-small,torchgeo_bench.coordbench.models.MINDLocationEncoder
satclip-elevation,elevation,regression,linear,spatial,r2,0.6914864520978915,0.6225178656539211,0.7604550385418619,5,10.0,128,100000,99995,0,mind-small,torchgeo_bench.coordbench.models.MINDLocationEncoder
sustainbench-asset,asset_index,regression,linear,official,r2,0.46411152399547284,0.46411152399547284,0.46411152399547284,1,10.0,128,86936,86936,0,mind-small,torchgeo_bench.coordbench.models.MINDLocationEncoder
sustainbench-water,water_index,regression,linear,official,r2,0.31344514430152637,0.31344514430152637,0.31344514430152637,1,10.0,128,87938,87938,0,mind-small,torchgeo_bench.coordbench.models.MINDLocationEncoder
sustainbench-sanitation,sanitation_index,regression,linear,official,r2,0.3989469358215748,0.3989469358215748,0.3989469358215748,1,10.0,128,89271,89271,0,mind-small,torchgeo_bench.coordbench.models.MINDLocationEncoder
sustainbench-child_mortality,under5_mort,regression,linear,official,r2,0.16409723597644976,0.16409723597644976,0.16409723597644976,1,10.0,128,105582,105582,0,mind-small,torchgeo_bench.coordbench.models.MINDLocationEncoder
sustainbench-women_edu,women_edu,regression,linear,official,r2,0.47029464114584596,0.47029464114584596,0.47029464114584596,1,10.0,128,117062,117062,0,mind-small,torchgeo_bench.coordbench.models.MINDLocationEncoder
sustainbench-women_bmi,women_bmi,regression,linear,official,r2,0.6252811682323909,0.6252811682323909,0.6252811682323909,1,10.0,128,94866,94866,0,mind-small,torchgeo_bench.coordbench.models.MINDLocationEncoder
bt-cropharvest,crop_type,classification,knn5,random,accuracy,0.5666666666666667,0.5493417043005414,0.5839916290327919,5,10.0,128,3600,3600,0,mind-small,torchgeo_bench.coordbench.models.MINDLocationEncoder
bt-cropharvest,crop_type,classification,linear,random,accuracy,0.4761111199855804,0.460144333385651,0.4920779065855098,5,10.0,128,3600,3600,0,mind-small,torchgeo_bench.coordbench.models.MINDLocationEncoder
bt-cropharvest,crop_type,classification,knn5,spatial,accuracy,0.1934870096412368,0.041146312860806944,0.34582770642166666,5,10.0,128,3600,3600,0,mind-small,torchgeo_bench.coordbench.models.MINDLocationEncoder
bt-cropharvest,crop_type,classification,linear,spatial,accuracy,0.21413875538855792,0.010067439684327356,0.4182100710927885,5,10.0,128,3600,3600,0,mind-small,torchgeo_bench.coordbench.models.MINDLocationEncoder
bt-biomass,biomass,regression,linear,random,r2,0.4786580516429201,0.45613644927539454,0.5011796540104456,5,10.0,128,18393,18393,0,mind-small,torchgeo_bench.coordbench.models.MINDLocationEncoder
bt-biomass,biomass,regression,linear,spatial,r2,0.4137429380424975,0.3698020924440362,0.4576837836409588,5,10.0,128,18393,18393,0,mind-small,torchgeo_bench.coordbench.models.MINDLocationEncoder
bt-landcover,water,regression,linear,random,r2,0.07758972866865274,0.06222832881111144,0.09295112852619404,5,10.0,128,10000,10000,0,mind-small,torchgeo_bench.coordbench.models.MINDLocationEncoder
bt-landcover,trees,regression,linear,random,r2,0.5783901864004953,0.5616271241094789,0.5951532486915118,5,10.0,128,10000,10000,0,mind-small,torchgeo_bench.coordbench.models.MINDLocationEncoder
bt-landcover,grass,regression,linear,random,r2,0.24314492249495992,0.21442471978435343,0.27186512520556644,5,10.0,128,10000,10000,0,mind-small,torchgeo_bench.coordbench.models.MINDLocationEncoder
bt-landcover,flooded_vegetation,regression,linear,random,r2,0.11682348132377765,0.09688804677953829,0.136758915868017,5,10.0,128,10000,10000,0,mind-small,torchgeo_bench.coordbench.models.MINDLocationEncoder
bt-landcover,crops,regression,linear,random,r2,0.3640856539295277,0.3410617382480147,0.38710956961104065,5,10.0,128,10000,10000,0,mind-small,torchgeo_bench.coordbench.models.MINDLocationEncoder
bt-landcover,shrub_and_scrub,regression,linear,random,r2,0.5185366114633867,0.4973851587623631,0.5396880641644103,5,10.0,128,10000,10000,0,mind-small,torchgeo_bench.coordbench.models.MINDLocationEncoder
bt-landcover,built,regression,linear,random,r2,0.09391191732450746,0.06871765888524174,0.11910617576377318,5,10.0,128,10000,10000,0,mind-small,torchgeo_bench.coordbench.models.MINDLocationEncoder
bt-landcover,bare,regression,linear,random,r2,0.8536839274816174,0.8450348923228471,0.8623329626403876,5,10.0,128,10000,10000,0,mind-small,torchgeo_bench.coordbench.models.MINDLocationEncoder
bt-landcover,snow_and_ice,regression,linear,random,r2,0.8611624832583523,0.8506735314543612,0.8716514350623434,5,10.0,128,10000,10000,0,mind-small,torchgeo_bench.coordbench.models.MINDLocationEncoder
bt-landcover,water,regression,linear,spatial,r2,0.05817875902768847,0.04080861152995047,0.07554890652542648,5,10.0,128,10000,10000,0,mind-small,torchgeo_bench.coordbench.models.MINDLocationEncoder
bt-landcover,trees,regression,linear,spatial,r2,0.5588024903535377,0.5136086372119668,0.6039963434951086,5,10.0,128,10000,10000,0,mind-small,torchgeo_bench.coordbench.models.MINDLocationEncoder
bt-landcover,grass,regression,linear,spatial,r2,0.1828437498770224,0.1276790688246992,0.2380084309293456,5,10.0,128,10000,10000,0,mind-small,torchgeo_bench.coordbench.models.MINDLocationEncoder
bt-landcover,flooded_vegetation,regression,linear,spatial,r2,0.09110787088670427,0.08030932065344518,0.10190642111996337,5,10.0,128,10000,10000,0,mind-small,torchgeo_bench.coordbench.models.MINDLocationEncoder
bt-landcover,crops,regression,linear,spatial,r2,0.33440788919114084,0.3066300148998849,0.3621857634823968,5,10.0,128,10000,10000,0,mind-small,torchgeo_bench.coordbench.models.MINDLocationEncoder
bt-landcover,shrub_and_scrub,regression,linear,spatial,r2,0.48247437336560167,0.45239697347242225,0.5125517732587811,5,10.0,128,10000,10000,0,mind-small,torchgeo_bench.coordbench.models.MINDLocationEncoder
bt-landcover,built,regression,linear,spatial,r2,0.05104419558009177,0.011314152265316797,0.09077423889486674,5,10.0,128,10000,10000,0,mind-small,torchgeo_bench.coordbench.models.MINDLocationEncoder
bt-landcover,bare,regression,linear,spatial,r2,0.8348278928390791,0.802080024026067,0.8675757616520912,5,10.0,128,10000,10000,0,mind-small,torchgeo_bench.coordbench.models.MINDLocationEncoder
bt-landcover,snow_and_ice,regression,linear,spatial,r2,0.8328417273692803,0.7966553130439354,0.8690281416946252,5,10.0,128,10000,10000,0,mind-small,torchgeo_bench.coordbench.models.MINDLocationEncoder
bt-bioclim,bioclim_01,regression,linear,random,r2,0.9711830535757038,0.9687508930169999,0.9736152141344077,5,10.0,128,9681,9681,0,mind-small,torchgeo_bench.coordbench.models.MINDLocationEncoder
bt-bioclim,bioclim_02,regression,linear,random,r2,0.8486440725533075,0.8455042212199481,0.851783923886667,5,10.0,128,9681,9681,0,mind-small,torchgeo_bench.coordbench.models.MINDLocationEncoder
bt-bioclim,bioclim_03,regression,linear,random,r2,0.9605258202266249,0.9577281638581646,0.9633234765950852,5,10.0,128,9681,9681,0,mind-small,torchgeo_bench.coordbench.models.MINDLocationEncoder
bt-bioclim,bioclim_04,regression,linear,random,r2,0.9752264415950107,0.9740589657752861,0.9763939174147354,5,10.0,128,9681,9681,0,mind-small,torchgeo_bench.coordbench.models.MINDLocationEncoder
bt-bioclim,bioclim_05,regression,linear,random,r2,0.9304882856970369,0.9261759847599741,0.9348005866340997,5,10.0,128,9681,9681,0,mind-small,torchgeo_bench.coordbench.models.MINDLocationEncoder
bt-bioclim,bioclim_06,regression,linear,random,r2,0.9765868446648994,0.9749912354932023,0.9781824538365965,5,10.0,128,9681,9681,0,mind-small,torchgeo_bench.coordbench.models.MINDLocationEncoder
bt-bioclim,bioclim_07,regression,linear,random,r2,0.9620725390137613,0.9610223501610162,0.9631227278665064,5,10.0,128,9681,9681,0,mind-small,torchgeo_bench.coordbench.models.MINDLocationEncoder
bt-bioclim,bioclim_08,regression,linear,random,r2,0.8443161720809677,0.8381347190053559,0.8504976251565795,5,10.0,128,9681,9681,0,mind-small,torchgeo_bench.coordbench.models.MINDLocationEncoder
bt-bioclim,bioclim_09,regression,linear,random,r2,0.9413518531438054,0.9386615373069912,0.9440421689806197,5,10.0,128,9681,9681,0,mind-small,torchgeo_bench.coordbench.models.MINDLocationEncoder
bt-bioclim,bioclim_10,regression,linear,random,r2,0.9400474183594169,0.935594512765695,0.9445003239531387,5,10.0,128,9681,9681,0,mind-small,torchgeo_bench.coordbench.models.MINDLocationEncoder
bt-bioclim,bioclim_11,regression,linear,random,r2,0.9790537135819826,0.9773367661424063,0.9807706610215589,5,10.0,128,9681,9681,0,mind-small,torchgeo_bench.coordbench.models.MINDLocationEncoder
bt-bioclim,bioclim_12,regression,linear,random,r2,0.8994340920903984,0.8936559514585307,0.905212232722266,5,10.0,128,9681,9681,0,mind-small,torchgeo_bench.coordbench.models.MINDLocationEncoder
bt-bioclim,bioclim_13,regression,linear,random,r2,0.806321998099965,0.7832464899073877,0.8293975062925423,5,10.0,128,9681,9681,0,mind-small,torchgeo_bench.coordbench.models.MINDLocationEncoder
bt-bioclim,bioclim_14,regression,linear,random,r2,0.7599857250925967,0.7477569403958815,0.7722145097893118,5,10.0,128,9681,9681,0,mind-small,torchgeo_bench.coordbench.models.MINDLocationEncoder
bt-bioclim,bioclim_15,regression,linear,random,r2,0.7580038002140144,0.7519817707735326,0.7640258296544962,5,10.0,128,9681,9681,0,mind-small,torchgeo_bench.coordbench.models.MINDLocationEncoder
bt-bioclim,bioclim_16,regression,linear,random,r2,0.8370008849333794,0.8220085873869151,0.8519931824798438,5,10.0,128,9681,9681,0,mind-small,torchgeo_bench.coordbench.models.MINDLocationEncoder
bt-bioclim,bioclim_17,regression,linear,random,r2,0.7837742617905491,0.7764682434296192,0.791080280151479,5,10.0,128,9681,9681,0,mind-small,torchgeo_bench.coordbench.models.MINDLocationEncoder
bt-bioclim,bioclim_18,regression,linear,random,r2,0.7829337549450481,0.7590512260385135,0.8068162838515828,5,10.0,128,9681,9681,0,mind-small,torchgeo_bench.coordbench.models.MINDLocationEncoder
bt-bioclim,bioclim_19,regression,linear,random,r2,0.6688437779722602,0.6349865573414409,0.7027009986030796,5,10.0,128,9681,9681,0,mind-small,torchgeo_bench.coordbench.models.MINDLocationEncoder
bt-bioclim,bioclim_01,regression,linear,spatial,r2,0.9639784775125768,0.9611881334446425,0.9667688215805111,5,10.0,128,9681,9681,0,mind-small,torchgeo_bench.coordbench.models.MINDLocationEncoder
bt-bioclim,bioclim_02,regression,linear,spatial,r2,0.810209947742254,0.7927979336397826,0.8276219618447254,5,10.0,128,9681,9681,0,mind-small,torchgeo_bench.coordbench.models.MINDLocationEncoder
bt-bioclim,bioclim_03,regression,linear,spatial,r2,0.947218536450821,0.9445603281898484,0.9498767447117936,5,10.0,128,9681,9681,0,mind-small,torchgeo_bench.coordbench.models.MINDLocationEncoder
bt-bioclim,bioclim_04,regression,linear,spatial,r2,0.968244345202239,0.966292478823864,0.970196211580614,5,10.0,128,9681,9681,0,mind-small,torchgeo_bench.coordbench.models.MINDLocationEncoder
bt-bioclim,bioclim_05,regression,linear,spatial,r2,0.9131791653673933,0.9082143836655238,0.9181439470692628,5,10.0,128,9681,9681,0,mind-small,torchgeo_bench.coordbench.models.MINDLocationEncoder
bt-bioclim,bioclim_06,regression,linear,spatial,r2,0.9712014565091002,0.9691349636932299,0.9732679493249704,5,10.0,128,9681,9681,0,mind-small,torchgeo_bench.coordbench.models.MINDLocationEncoder
bt-bioclim,bioclim_07,regression,linear,spatial,r2,0.9523045387911019,0.9509417540872656,0.9536673234949382,5,10.0,128,9681,9681,0,mind-small,torchgeo_bench.coordbench.models.MINDLocationEncoder
bt-bioclim,bioclim_08,regression,linear,spatial,r2,0.7992068642624601,0.7687479816523832,0.829665746872537,5,10.0,128,9681,9681,0,mind-small,torchgeo_bench.coordbench.models.MINDLocationEncoder
bt-bioclim,bioclim_09,regression,linear,spatial,r2,0.9253545213211922,0.9190664515974145,0.9316425910449699,5,10.0,128,9681,9681,0,mind-small,torchgeo_bench.coordbench.models.MINDLocationEncoder
bt-bioclim,bioclim_10,regression,linear,spatial,r2,0.9265271625776224,0.9224033945824743,0.9306509305727704,5,10.0,128,9681,9681,0,mind-small,torchgeo_bench.coordbench.models.MINDLocationEncoder
bt-bioclim,bioclim_11,regression,linear,spatial,r2,0.973843866430764,0.9717420979695018,0.9759456348920262,5,10.0,128,9681,9681,0,mind-small,torchgeo_bench.coordbench.models.MINDLocationEncoder
bt-bioclim,bioclim_12,regression,linear,spatial,r2,0.87936750624497,0.8537049137161213,0.9050300987738186,5,10.0,128,9681,9681,0,mind-small,torchgeo_bench.coordbench.models.MINDLocationEncoder
bt-bioclim,bioclim_13,regression,linear,spatial,r2,0.7726668734113615,0.6990991341090331,0.8462346127136899,5,10.0,128,9681,9681,0,mind-small,torchgeo_bench.coordbench.models.MINDLocationEncoder
bt-bioclim,bioclim_14,regression,linear,spatial,r2,0.6927644725277913,0.6360435354242037,0.7494854096313789,5,10.0,128,9681,9681,0,mind-small,torchgeo_bench.coordbench.models.MINDLocationEncoder
bt-bioclim,bioclim_15,regression,linear,spatial,r2,0.6665619471099286,0.6100218092164139,0.7231020850034432,5,10.0,128,9681,9681,0,mind-small,torchgeo_bench.coordbench.models.MINDLocationEncoder
bt-bioclim,bioclim_16,regression,linear,spatial,r2,0.8057682497660805,0.7558030821534515,0.8557334173787096,5,10.0,128,9681,9681,0,mind-small,torchgeo_bench.coordbench.models.MINDLocationEncoder
bt-bioclim,bioclim_17,regression,linear,spatial,r2,0.7240216601451518,0.6800595636100727,0.7679837566802309,5,10.0,128,9681,9681,0,mind-small,torchgeo_bench.coordbench.models.MINDLocationEncoder
bt-bioclim,bioclim_18,regression,linear,spatial,r2,0.7298384729641095,0.6911814397405682,0.7684955061876508,5,10.0,128,9681,9681,0,mind-small,torchgeo_bench.coordbench.models.MINDLocationEncoder
bt-bioclim,bioclim_19,regression,linear,spatial,r2,0.5754793086253309,0.5219161186955663,0.6290424985550955,5,10.0,128,9681,9681,0,mind-small,torchgeo_bench.coordbench.models.MINDLocationEncoder
bt-population,pop_density,regression,linear,random,r2,0.1072535810037438,0.07193614586497114,0.14257101614251644,5,10.0,128,9681,9681,0,mind-small,torchgeo_bench.coordbench.models.MINDLocationEncoder
bt-population,pop_density,regression,linear,spatial,r2,0.07788699876577823,0.030443980114641743,0.1253300174169147,5,10.0,128,9681,9681,0,mind-small,torchgeo_bench.coordbench.models.MINDLocationEncoder
bt-distroad,maxdist_road,regression,linear,random,r2,0.573756161653457,0.56885273890952,0.578659584397394,5,10.0,128,9681,9681,0,mind-small,torchgeo_bench.coordbench.models.MINDLocationEncoder
bt-distroad,maxdist_road,regression,linear,spatial,r2,0.5186115925411965,0.4637756008054946,0.5734475842768983,5,10.0,128,9681,9681,0,mind-small,torchgeo_bench.coordbench.models.MINDLocationEncoder
places-phys_health,phlth_crudeprev,regression,linear,random,r2,0.494093352996111,0.4853288038638743,0.5028579021283478,5,10.0,128,31435,31435,0,mind-small,torchgeo_bench.coordbench.models.MINDLocationEncoder
places-phys_health,phlth_crudeprev,regression,linear,spatial,r2,0.08582643533543888,-0.10575928684646144,0.27741215751733916,5,10.0,128,31435,31435,0,mind-small,torchgeo_bench.coordbench.models.MINDLocationEncoder
places-diabetes,diabetes_crudeprev,regression,linear,random,r2,0.37700722155580013,0.36994639250725253,0.38406805060434773,5,10.0,128,31435,31435,0,mind-small,torchgeo_bench.coordbench.models.MINDLocationEncoder
places-diabetes,diabetes_crudeprev,regression,linear,spatial,r2,-0.013171876247790482,-0.1347062529405087,0.10836250044492775,5,10.0,128,31435,31435,0,mind-small,torchgeo_bench.coordbench.models.MINDLocationEncoder
places-copd,copd_crudeprev,regression,linear,random,r2,0.530500540673785,0.5156293932471105,0.5453716881004596,5,10.0,128,31435,31435,0,mind-small,torchgeo_bench.coordbench.models.MINDLocationEncoder
places-copd,copd_crudeprev,regression,linear,spatial,r2,0.22785018726246536,0.06684271807780498,0.3888576564471258,5,10.0,128,31435,31435,0,mind-small,torchgeo_bench.coordbench.models.MINDLocationEncoder
places-cancer,cancer_crudeprev,regression,linear,random,r2,0.23368800633625403,0.22045305667847545,0.2469229559940326,5,10.0,128,31435,31435,0,mind-small,torchgeo_bench.coordbench.models.MINDLocationEncoder
places-cancer,cancer_crudeprev,regression,linear,spatial,r2,0.08004066863539668,0.04401170396039332,0.11606963331040003,5,10.0,128,31435,31435,0,mind-small,torchgeo_bench.coordbench.models.MINDLocationEncoder
places-chd,chd_crudeprev,regression,linear,random,r2,0.38593119160029105,0.3667661014184381,0.405096281782144,5,10.0,128,31435,31435,0,mind-small,torchgeo_bench.coordbench.models.MINDLocationEncoder
places-chd,chd_crudeprev,regression,linear,spatial,r2,0.15940860797382142,0.09787426917511774,0.2209429467725251,5,10.0,128,31435,31435,0,mind-small,torchgeo_bench.coordbench.models.MINDLocationEncoder
places-mental_health,mhlth_crudeprev,regression,linear,random,r2,0.410783796032849,0.40008160864638737,0.4214859834193106,5,10.0,128,31435,31435,0,mind-small,torchgeo_bench.coordbench.models.MINDLocationEncoder
places-mental_health,mhlth_crudeprev,regression,linear,spatial,r2,-0.1284593970613168,-0.48615753079607504,0.2292387366734415,5,10.0,128,31435,31435,0,mind-small,torchgeo_bench.coordbench.models.MINDLocationEncoder
places-checkup,checkup_crudeprev,regression,linear,random,r2,0.7113838036657468,0.7089314128625875,0.7138361944689061,5,10.0,128,31435,31435,0,mind-small,torchgeo_bench.coordbench.models.MINDLocationEncoder
places-checkup,checkup_crudeprev,regression,linear,spatial,r2,0.4546856127395035,0.3495191506759211,0.5598520748030859,5,10.0,128,31435,31435,0,mind-small,torchgeo_bench.coordbench.models.MINDLocationEncoder
places-sleep_lt7,sleep_crudeprev,regression,linear,random,r2,0.504175460461483,0.49428561127186416,0.5140653096511018,5,10.0,128,32409,32409,0,mind-small,torchgeo_bench.coordbench.models.MINDLocationEncoder
places-sleep_lt7,sleep_crudeprev,regression,linear,spatial,r2,0.055220179680080125,-0.16433006702253616,0.2747704263826964,5,10.0,128,32409,32409,0,mind-small,torchgeo_bench.coordbench.models.MINDLocationEncoder
places-asthma,casthma_crudeprev,regression,linear,random,r2,0.43561412473624445,0.4277923237479653,0.4434359257245236,5,10.0,128,31435,31435,0,mind-small,torchgeo_bench.coordbench.models.MINDLocationEncoder
places-asthma,casthma_crudeprev,regression,linear,spatial,r2,-0.19260540834961515,-0.5767491307313422,0.1915383140321119,5,10.0,128,31435,31435,0,mind-small,torchgeo_bench.coordbench.models.MINDLocationEncoder
places-obesity,obesity_crudeprev,regression,linear,random,r2,0.5321801339810955,0.5282013830415039,0.5361588849206872,5,10.0,128,31435,31435,0,mind-small,torchgeo_bench.coordbench.models.MINDLocationEncoder
places-obesity,obesity_crudeprev,regression,linear,spatial,r2,0.19175705335562004,0.060955460056864336,0.3225586466543757,5,10.0,128,31435,31435,0,mind-small,torchgeo_bench.coordbench.models.MINDLocationEncoder
places-smoking,csmoking_crudeprev,regression,linear,random,r2,0.5140195164065986,0.5095275557378658,0.5185114770753314,5,10.0,128,31435,31435,0,mind-small,torchgeo_bench.coordbench.models.MINDLocationEncoder
places-smoking,csmoking_crudeprev,regression,linear,spatial,r2,0.1616838643246316,-0.11861763058207969,0.4419853592313429,5,10.0,128,31435,31435,0,mind-small,torchgeo_bench.coordbench.models.MINDLocationEncoder
places-high_chol,highchol_crudeprev,regression,linear,random,r2,0.2829207675735017,0.2710828857064299,0.2947586494405735,5,10.0,128,31435,31435,0,mind-small,torchgeo_bench.coordbench.models.MINDLocationEncoder
places-high_chol,highchol_crudeprev,regression,linear,spatial,r2,-0.043751519535054274,-0.14795267328778536,0.0604496342176768,5,10.0,128,31435,31435,0,mind-small,torchgeo_bench.coordbench.models.MINDLocationEncoder
mosaiks-treecover,treecover,regression,linear,random,r2,0.6968049888359243,0.6887746517564756,0.7048353259153731,5,10.0,128,100000,100000,0,mind-small,torchgeo_bench.coordbench.models.MINDLocationEncoder
mosaiks-treecover,treecover,regression,linear,spatial,r2,0.6105342688063733,0.5587692690476788,0.6622992685650678,5,10.0,128,100000,100000,0,mind-small,torchgeo_bench.coordbench.models.MINDLocationEncoder
mosaiks-elevation,elevation,regression,linear,random,r2,0.9278123668494261,0.9264281837183407,0.9291965499805116,5,10.0,128,100000,100000,0,mind-small,torchgeo_bench.coordbench.models.MINDLocationEncoder
mosaiks-elevation,elevation,regression,linear,spatial,r2,0.7579976052398257,0.5616886267453289,0.9543065837343225,5,10.0,128,100000,100000,0,mind-small,torchgeo_bench.coordbench.models.MINDLocationEncoder
mosaiks-population,population,regression,linear,random,r2,0.47895823065220783,0.4721109592086214,0.48580550209579426,5,10.0,128,67968,67968,0,mind-small,torchgeo_bench.coordbench.models.MINDLocationEncoder
mosaiks-population,population,regression,linear,spatial,r2,0.382531043038213,0.2605895295168579,0.5044725565595681,5,10.0,128,67968,67968,0,mind-small,torchgeo_bench.coordbench.models.MINDLocationEncoder
mosaiks-nightlights,nightlights,regression,linear,random,r2,0.2571449712242204,0.2553533827953977,0.25893655965304313,5,10.0,128,100000,100000,0,mind-small,torchgeo_bench.coordbench.models.MINDLocationEncoder
mosaiks-nightlights,nightlights,regression,linear,spatial,r2,0.10142053648802367,0.03470468284895989,0.16813639012708745,5,10.0,128,100000,100000,0,mind-small,torchgeo_bench.coordbench.models.MINDLocationEncoder
mosaiks-income,income,regression,linear,random,r2,0.29568704712485105,0.2896338010393662,0.3017402932103359,5,10.0,128,91377,91377,0,mind-small,torchgeo_bench.coordbench.models.MINDLocationEncoder
mosaiks-income,income,regression,linear,spatial,r2,-0.08781291776622127,-0.23147093232052943,0.055845096788086884,5,10.0,128,91377,91377,0,mind-small,torchgeo_bench.coordbench.models.MINDLocationEncoder
mosaiks-roads,roads,regression,linear,random,r2,0.03302169836557611,0.030818471756673717,0.03522492497447851,5,10.0,128,100000,100000,0,mind-small,torchgeo_bench.coordbench.models.MINDLocationEncoder
mosaiks-roads,roads,regression,linear,spatial,r2,-0.00035036132711840917,-0.009244188007193547,0.008543465352956728,5,10.0,128,100000,100000,0,mind-small,torchgeo_bench.coordbench.models.MINDLocationEncoder
mosaiks-housing,housing,regression,linear,random,r2,0.5106455629968958,0.5035117464165189,0.5177793795772727,5,10.0,128,54586,54586,0,mind-small,torchgeo_bench.coordbench.models.MINDLocationEncoder
mosaiks-housing,housing,regression,linear,spatial,r2,-0.12230498448497525,-0.3901328700866497,0.14552290111669924,5,10.0,128,54586,54586,0,mind-small,torchgeo_bench.coordbench.models.MINDLocationEncoder
country,country,classification,knn5,random,accuracy,0.9437846880161672,0.9388650678381807,0.9487043081941537,5,10.0,128,8432,8432,0,mind-small,torchgeo_bench.coordbench.models.MINDLocationEncoder
country,country,classification,linear,random,accuracy,0.8171241879463196,0.8035213913307053,0.8307269845619338,5,10.0,128,8432,8432,0,mind-small,torchgeo_bench.coordbench.models.MINDLocationEncoder
country,country,classification,knn5,spatial,accuracy,0.7822762752902417,0.7563885400745788,0.8081640105059046,5,10.0,128,8432,8432,0,mind-small,torchgeo_bench.coordbench.models.MINDLocationEncoder
country,country,classification,linear,spatial,accuracy,0.6899704694747925,0.6488260920626107,0.7311148468869743,5,10.0,128,8432,8432,0,mind-small,torchgeo_bench.coordbench.models.MINDLocationEncoder
ecoregions,biome,classification,knn5,random,accuracy,0.8715777262180975,0.8651856253763546,0.8779698270598404,5,10.0,128,8620,8620,0,mind-small,torchgeo_bench.coordbench.models.MINDLocationEncoder
ecoregions,biome,classification,linear,random,accuracy,0.8185614585876465,0.8107155912207191,0.8264073259545739,5,10.0,128,8620,8620,0,mind-small,torchgeo_bench.coordbench.models.MINDLocationEncoder
ecoregions,ecoregion,classification,knn5,random,accuracy,0.7312064965197216,0.7243964454192858,0.7380165476201573,5,10.0,128,8620,8620,0,mind-small,torchgeo_bench.coordbench.models.MINDLocationEncoder
ecoregions,ecoregion,classification,linear,random,accuracy,0.5039443016052246,0.49370914712206926,0.51417945608838,5,10.0,128,8620,8620,0,mind-small,torchgeo_bench.coordbench.models.MINDLocationEncoder
ecoregions,biome,classification,knn5,spatial,accuracy,0.7820202385485198,0.755050100847607,0.8089903762494325,5,10.0,128,8620,8620,0,mind-small,torchgeo_bench.coordbench.models.MINDLocationEncoder
ecoregions,biome,classification,linear,spatial,accuracy,0.7718047022819519,0.7427559656023687,0.800853438961535,5,10.0,128,8620,8620,0,mind-small,torchgeo_bench.coordbench.models.MINDLocationEncoder
ecoregions,ecoregion,classification,knn5,spatial,accuracy,0.47469507863894667,0.43325560486590264,0.5161345524119907,5,10.0,128,8620,8620,0,mind-small,torchgeo_bench.coordbench.models.MINDLocationEncoder
ecoregions,ecoregion,classification,linear,spatial,accuracy,0.32275394797325135,0.2668544652482257,0.378653430698277,5,10.0,128,8620,8620,0,mind-small,torchgeo_bench.coordbench.models.MINDLocationEncoder
worldclim-bio1,bio1,regression,linear,random,r2,0.8573930280521018,0.8545445473836241,0.8602415087205796,5,10.0,128,18068,18068,0,mind-small,torchgeo_bench.coordbench.models.MINDLocationEncoder
worldclim-bio1,bio1,regression,linear,spatial,r2,0.7962612039455403,0.7741065990335483,0.8184158088575324,5,10.0,128,18068,18068,0,mind-small,torchgeo_bench.coordbench.models.MINDLocationEncoder
worldclim-bio12,bio12,regression,linear,random,r2,0.8773877057391154,0.8706431343037626,0.8841322771744682,5,10.0,128,18068,18068,0,mind-small,torchgeo_bench.coordbench.models.MINDLocationEncoder
worldclim-bio12,bio12,regression,linear,spatial,r2,0.8501265768193669,0.813810900658766,0.8864422529799677,5,10.0,128,18068,18068,0,mind-small,torchgeo_bench.coordbench.models.MINDLocationEncoder
soilgrids-soc,soc,regression,linear,random,r2,0.7956488831805846,0.7821831699998427,0.8091145963613264,5,10.0,128,4884,4884,0,mind-small,torchgeo_bench.coordbench.models.MINDLocationEncoder
soilgrids-soc,soc,regression,linear,spatial,r2,0.723602686313577,0.6655603394710241,0.78164503315613,5,10.0,128,4884,4884,0,mind-small,torchgeo_bench.coordbench.models.MINDLocationEncoder
soilgrids-phh2o,phh2o,regression,linear,random,r2,0.8932495110474775,0.8842262097334361,0.9022728123615189,5,10.0,128,4884,4884,0,mind-small,torchgeo_bench.coordbench.models.MINDLocationEncoder
soilgrids-phh2o,phh2o,regression,linear,spatial,r2,0.8692656293469057,0.8584610396170566,0.8800702190767548,5,10.0,128,4884,4884,0,mind-small,torchgeo_bench.coordbench.models.MINDLocationEncoder
dm-africa_crop_mask,africa_crop_mask,classification,knn5,random,accuracy,0.8873241805283758,0.8735108602208486,0.901137500835903,5,10.0,128,2556,2556,0,mind-small,torchgeo_bench.coordbench.models.MINDLocationEncoder
dm-africa_crop_mask,africa_crop_mask,classification,linear,random,accuracy,0.8845836997032166,0.8730242786050536,0.8961431208013796,5,10.0,128,2556,2556,0,mind-small,torchgeo_bench.coordbench.models.MINDLocationEncoder
dm-africa_crop_mask,africa_crop_mask,classification,knn5,spatial,accuracy,0.8855010258194446,0.8085129962719666,0.9624890553669225,5,10.0,128,2556,2556,0,mind-small,torchgeo_bench.coordbench.models.MINDLocationEncoder
dm-africa_crop_mask,africa_crop_mask,classification,linear,spatial,accuracy,0.9184882521629334,0.8484762419708121,0.9885002623550547,5,10.0,128,2556,2556,0,mind-small,torchgeo_bench.coordbench.models.MINDLocationEncoder
dm-aster_ged,aster_ged,regression,linear,random,r2,0.8043785980270792,0.7998686357553632,0.8088885602987953,5,10.0,128,17636,17636,0,mind-small,torchgeo_bench.coordbench.models.MINDLocationEncoder
dm-aster_ged,aster_ged,regression,linear,spatial,r2,0.7499432857791299,0.7005922381362234,0.7992943334220365,5,10.0,128,17636,17636,0,mind-small,torchgeo_bench.coordbench.models.MINDLocationEncoder
dm-canada_crops_coarse,canada_crops_coarse,classification,knn5,random,accuracy,0.4931908691379804,0.4837081665979536,0.5026735716780071,5,10.0,128,16079,16079,0,mind-small,torchgeo_bench.coordbench.models.MINDLocationEncoder
dm-canada_crops_coarse,canada_crops_coarse,classification,linear,random,accuracy,0.5023331582546234,0.49392070701443247,0.5107456094948144,5,10.0,128,16079,16079,0,mind-small,torchgeo_bench.coordbench.models.MINDLocationEncoder
dm-canada_crops_coarse,canada_crops_coarse,classification,knn5,spatial,accuracy,0.38147807135626727,0.2695185003221495,0.493437642390385,5,10.0,128,16079,16079,0,mind-small,torchgeo_bench.coordbench.models.MINDLocationEncoder
dm-canada_crops_coarse,canada_crops_coarse,classification,linear,spatial,accuracy,0.4535299718379974,0.33048689881779536,0.5765730448581995,5,10.0,128,16079,16079,0,mind-small,torchgeo_bench.coordbench.models.MINDLocationEncoder
dm-canada_crops_fine,canada_crops_fine,classification,knn5,random,accuracy,0.3195796845655089,0.31172208223649744,0.32743728689452034,5,10.0,128,14566,14566,0,mind-small,torchgeo_bench.coordbench.models.MINDLocationEncoder
dm-canada_crops_fine,canada_crops_fine,classification,linear,random,accuracy,0.35795632004737854,0.3517939549007776,0.3641186851939795,5,10.0,128,14566,14566,0,mind-small,torchgeo_bench.coordbench.models.MINDLocationEncoder
dm-canada_crops_fine,canada_crops_fine,classification,knn5,spatial,accuracy,0.1481068230083617,0.0906892715709148,0.2055243744458086,5,10.0,128,14566,14566,0,mind-small,torchgeo_bench.coordbench.models.MINDLocationEncoder
dm-canada_crops_fine,canada_crops_fine,classification,linear,spatial,accuracy,0.2940792888402939,0.22883785170860754,0.3593207259719802,5,10.0,128,14566,14566,0,mind-small,torchgeo_bench.coordbench.models.MINDLocationEncoder
dm-descals,descals,classification,knn5,random,accuracy,0.9464437591459521,0.9429636927988377,0.9499238254930665,5,10.0,128,17477,17477,0,mind-small,torchgeo_bench.coordbench.models.MINDLocationEncoder
dm-descals,descals,classification,linear,random,accuracy,0.9454136371612549,0.9402049740687756,0.9506223002537343,5,10.0,128,17477,17477,0,mind-small,torchgeo_bench.coordbench.models.MINDLocationEncoder
dm-descals,descals,classification,knn5,spatial,accuracy,0.9305525496483258,0.9004384959465455,0.9606666033501061,5,10.0,128,17477,17477,0,mind-small,torchgeo_bench.coordbench.models.MINDLocationEncoder
dm-descals,descals,classification,linear,spatial,accuracy,0.9447733163833618,0.911004622325461,0.9785420104412627,5,10.0,128,17477,17477,0,mind-small,torchgeo_bench.coordbench.models.MINDLocationEncoder
dm-ethiopia_crops,ethiopia_crops,classification,knn5,random,accuracy,0.9181818181818182,0.9064166987619469,0.9299469376016896,5,10.0,128,2530,2530,0,mind-small,torchgeo_bench.coordbench.models.MINDLocationEncoder
dm-ethiopia_crops,ethiopia_crops,classification,linear,random,accuracy,0.905138373374939,0.8952175147115677,0.9150592320383102,5,10.0,128,2530,2530,0,mind-small,torchgeo_bench.coordbench.models.MINDLocationEncoder
dm-ethiopia_crops,ethiopia_crops,classification,knn5,spatial,accuracy,0.8188529611753048,0.8034106063039265,0.8342953160466832,5,10.0,128,2530,2530,0,mind-small,torchgeo_bench.coordbench.models.MINDLocationEncoder
dm-ethiopia_crops,ethiopia_crops,classification,linear,spatial,accuracy,0.8558764457702637,0.7729037162192656,0.9388491753212618,5,10.0,128,2530,2530,0,mind-small,torchgeo_bench.coordbench.models.MINDLocationEncoder
dm-glance,glance,classification,knn5,random,accuracy,0.5328651282786298,0.5287654441321786,0.5369648124250809,5,10.0,128,34885,34885,0,mind-small,torchgeo_bench.coordbench.models.MINDLocationEncoder
dm-glance,glance,classification,linear,random,accuracy,0.48118104338645934,0.47898779437028133,0.48337429240263735,5,10.0,128,34885,34885,0,mind-small,torchgeo_bench.coordbench.models.MINDLocationEncoder
dm-glance,glance,classification,knn5,spatial,accuracy,0.3883437191934196,0.3677748613026194,0.4089125770842198,5,10.0,128,34885,34885,0,mind-small,torchgeo_bench.coordbench.models.MINDLocationEncoder
dm-glance,glance,classification,linear,spatial,accuracy,0.4475300431251526,0.4348231423015864,0.4602369439487188,5,10.0,128,34885,34885,0,mind-small,torchgeo_bench.coordbench.models.MINDLocationEncoder
dm-lcmap_lc,lcmap_lc,classification,knn5,random,accuracy,0.6425499811391928,0.6368474011760331,0.6482525611023525,5,10.0,128,26510,26510,0,mind-small,torchgeo_bench.coordbench.models.MINDLocationEncoder
dm-lcmap_lc,lcmap_lc,classification,linear,random,accuracy,0.6617502808570862,0.6580110864344676,0.6654894752797048,5,10.0,128,26510,26510,0,mind-small,torchgeo_bench.coordbench.models.MINDLocationEncoder
dm-lcmap_lc,lcmap_lc,classification,knn5,spatial,accuracy,0.5752228610173737,0.48314282757280635,0.6673028944619411,5,10.0,128,26510,26510,0,mind-small,torchgeo_bench.coordbench.models.MINDLocationEncoder
dm-lcmap_lc,lcmap_lc,classification,linear,spatial,accuracy,0.6485673069953919,0.5714204474412969,0.7257141665494868,5,10.0,128,26510,26510,0,mind-small,torchgeo_bench.coordbench.models.MINDLocationEncoder
dm-lcmap_lcc,lcmap_lcc,classification,knn5,random,accuracy,0.7116379310344827,0.6969954415935663,0.7262804204753991,5,10.0,128,2320,2320,0,mind-small,torchgeo_bench.coordbench.models.MINDLocationEncoder
dm-lcmap_lcc,lcmap_lcc,classification,linear,random,accuracy,0.7245689630508423,0.7100539172257978,0.7390840088758868,5,10.0,128,2320,2320,0,mind-small,torchgeo_bench.coordbench.models.MINDLocationEncoder
dm-lcmap_lcc,lcmap_lcc,classification,knn5,spatial,accuracy,0.6850663261536163,0.6384600591277368,0.7316725931794957,5,10.0,128,2320,2320,0,mind-small,torchgeo_bench.coordbench.models.MINDLocationEncoder
dm-lcmap_lcc,lcmap_lcc,classification,linear,spatial,accuracy,0.695874297618866,0.6350331865227992,0.7567154087149328,5,10.0,128,2320,2320,0,mind-small,torchgeo_bench.coordbench.models.MINDLocationEncoder
dm-lcmap_lu,lcmap_lu,classification,knn5,random,accuracy,0.6446278139965186,0.63752501853433,0.6517306094587072,5,10.0,128,26513,26513,0,mind-small,torchgeo_bench.coordbench.models.MINDLocationEncoder
dm-lcmap_lu,lcmap_lu,classification,linear,random,accuracy,0.6546981453895568,0.6465697806248849,0.6628265101542288,5,10.0,128,26513,26513,0,mind-small,torchgeo_bench.coordbench.models.MINDLocationEncoder
dm-lcmap_lu,lcmap_lu,classification,knn5,spatial,accuracy,0.5373947779277446,0.4953017211477862,0.579487834707703,5,10.0,128,26513,26513,0,mind-small,torchgeo_bench.coordbench.models.MINDLocationEncoder
dm-lcmap_lu,lcmap_lu,classification,linear,spatial,accuracy,0.6412105679512023,0.5950693543584745,0.6873517815439302,5,10.0,128,26513,26513,0,mind-small,torchgeo_bench.coordbench.models.MINDLocationEncoder
dm-lcmap_luc,lcmap_luc,classification,knn5,random,accuracy,0.6750824831226842,0.657847499958942,0.6923174662864263,5,10.0,128,991,991,0,mind-small,torchgeo_bench.coordbench.models.MINDLocationEncoder
dm-lcmap_luc,lcmap_luc,classification,linear,random,accuracy,0.7154255986213685,0.6934618436120614,0.7373893536306755,5,10.0,128,991,991,0,mind-small,torchgeo_bench.coordbench.models.MINDLocationEncoder
dm-lcmap_luc,lcmap_luc,classification,knn5,spatial,accuracy,0.6654638781667838,0.6046025713445178,0.7263251849890497,5,10.0,128,991,991,0,mind-small,torchgeo_bench.coordbench.models.MINDLocationEncoder
dm-lcmap_luc,lcmap_luc,classification,linear,spatial,accuracy,0.7090808391571045,0.6658087260162797,0.7523529522979293,5,10.0,128,991,991,0,mind-small,torchgeo_bench.coordbench.models.MINDLocationEncoder
dm-lucas_lc,lucas_lc,classification,knn5,random,accuracy,0.2721878059522595,0.27045733826493035,0.27391827363958865,5,10.0,128,203569,203569,0,mind-small,torchgeo_bench.coordbench.models.MINDLocationEncoder
dm-lucas_lc,lucas_lc,classification,linear,random,accuracy,0.2847486615180969,0.28172112265978166,0.28777620037641216,5,10.0,128,203569,203569,0,mind-small,torchgeo_bench.coordbench.models.MINDLocationEncoder
dm-lucas_lc,lucas_lc,classification,knn5,spatial,accuracy,0.14917489149087895,0.1259992712711161,0.1723505117106418,5,10.0,128,203569,203569,0,mind-small,torchgeo_bench.coordbench.models.MINDLocationEncoder
dm-lucas_lc,lucas_lc,classification,linear,spatial,accuracy,0.23117748498916627,0.20375583088242588,0.25859913909590665,5,10.0,128,203569,203569,0,mind-small,torchgeo_bench.coordbench.models.MINDLocationEncoder
dm-lucas_lu,lucas_lu,classification,knn5,random,accuracy,0.5927496507954803,0.5919434037457342,0.5935558978452263,5,10.0,128,226858,226858,0,mind-small,torchgeo_bench.coordbench.models.MINDLocationEncoder
dm-lucas_lu,lucas_lu,classification,linear,random,accuracy,0.5715381503105164,0.5700830346316409,0.5729932659893918,5,10.0,128,226858,226858,0,mind-small,torchgeo_bench.coordbench.models.MINDLocationEncoder
dm-lucas_lu,lucas_lu,classification,knn5,spatial,accuracy,0.45856455927494233,0.4121989740377844,0.5049301445121003,5,10.0,128,226858,226858,0,mind-small,torchgeo_bench.coordbench.models.MINDLocationEncoder
dm-lucas_lu,lucas_lu,classification,linear,spatial,accuracy,0.5168372571468354,0.4298948627995036,0.6037796514941671,5,10.0,128,226858,226858,0,mind-small,torchgeo_bench.coordbench.models.MINDLocationEncoder
dm-openet_ensemble,openet_ensemble,regression,linear,random,r2,0.08776288854716312,0.0827577602896956,0.09276801680463063,5,10.0,128,35683,35683,0,mind-small,torchgeo_bench.coordbench.models.MINDLocationEncoder
dm-openet_ensemble,openet_ensemble,regression,linear,spatial,r2,0.04066272450793913,-0.004832512054755593,0.08615796107063386,5,10.0,128,35683,35683,0,mind-small,torchgeo_bench.coordbench.models.MINDLocationEncoder
dm-us_trees,us_trees,classification,knn5,random,accuracy,0.1584108935679964,0.15623179813724863,0.16058998899874416,5,10.0,128,45382,45382,0,mind-small,torchgeo_bench.coordbench.models.MINDLocationEncoder
dm-us_trees,us_trees,classification,linear,random,accuracy,0.1781102806329727,0.1761178145236476,0.18010274674229781,5,10.0,128,45382,45382,0,mind-small,torchgeo_bench.coordbench.models.MINDLocationEncoder
dm-us_trees,us_trees,classification,knn5,spatial,accuracy,0.09061499551866288,0.07903028523522329,0.10219970580210247,5,10.0,128,45382,45382,0,mind-small,torchgeo_bench.coordbench.models.MINDLocationEncoder
dm-us_trees,us_trees,classification,linear,spatial,accuracy,0.12993090003728866,0.1092884993379275,0.15057330073664982,5,10.0,128,45382,45382,0,mind-small,torchgeo_bench.coordbench.models.MINDLocationEncoder
pdfm-conus27,Percent_Person_WithHighCholesterol,regression,linear,random,r2,0.3792005696130055,0.36822203341626875,0.3901791058097423,5,10.0,1024,35157,34894,0,climplicit,torchgeo_bench.coordbench.models.ClimplicitLocationEncoder
pdfm-conus27,Percent_Person_WithPhysicalHealthNotGood,regression,linear,random,r2,0.5774602872367349,0.5712646172174288,0.583655957256041,5,10.0,1024,35157,34894,0,climplicit,torchgeo_bench.coordbench.models.ClimplicitLocationEncoder
pdfm-conus27,Percent_Person_WithStroke,regression,linear,random,r2,0.41934634451677316,0.40628808639716846,0.43240460263637787,5,10.0,1024,35157,34894,0,climplicit,torchgeo_bench.coordbench.models.ClimplicitLocationEncoder
pdfm-conus27,Percent_Person_BingeDrinking,regression,linear,random,r2,0.5605472395416115,0.5570818482356108,0.5640126308476121,5,10.0,1024,35157,34894,0,climplicit,torchgeo_bench.coordbench.models.ClimplicitLocationEncoder
pdfm-conus27,Percent_Person_PhysicalInactivity,regression,linear,random,r2,0.5699908959974678,0.5663378367374681,0.5736439552574675,5,10.0,1024,35157,34894,0,climplicit,torchgeo_bench.coordbench.models.ClimplicitLocationEncoder
pdfm-conus27,Percent_Person_ReceivedAnnualCheckup,regression,linear,random,r2,0.7742800878754393,0.7722990759888668,0.7762610997620119,5,10.0,1024,35157,34894,0,climplicit,torchgeo_bench.coordbench.models.ClimplicitLocationEncoder
pdfm-conus27,Percent_Person_WithCancerExcludingSkinCancer,regression,linear,random,r2,0.32452670711790915,0.31384862415734566,0.33520479007847265,5,10.0,1024,35157,34894,0,climplicit,torchgeo_bench.coordbench.models.ClimplicitLocationEncoder
pdfm-conus27,Percent_Person_WithDiabetes,regression,linear,random,r2,0.4730140076083777,0.4615406954801976,0.4844873197365578,5,10.0,1024,35157,34894,0,climplicit,torchgeo_bench.coordbench.models.ClimplicitLocationEncoder
pdfm-conus27,Percent_Person_WithMentalHealthNotGood,regression,linear,random,r2,0.48443416004904244,0.4753323592382499,0.493535960859835,5,10.0,1024,35157,34894,0,climplicit,torchgeo_bench.coordbench.models.ClimplicitLocationEncoder
pdfm-conus27,Percent_Person_WithCoronaryHeartDisease,regression,linear,random,r2,0.4831919926088005,0.472978587511125,0.49340539770647607,5,10.0,1024,35157,34894,0,climplicit,torchgeo_bench.coordbench.models.ClimplicitLocationEncoder
pdfm-conus27,Percent_Person_WithHighBloodPressure,regression,linear,random,r2,0.5439512536727822,0.5339660369842087,0.5539364703613556,5,10.0,1024,35157,34894,0,climplicit,torchgeo_bench.coordbench.models.ClimplicitLocationEncoder
pdfm-conus27,Percent_Person_ReceivedCholesterolScreening,regression,linear,random,r2,0.4667256711747986,0.45548471932243856,0.4779666230271586,5,10.0,1024,35157,34894,0,climplicit,torchgeo_bench.coordbench.models.ClimplicitLocationEncoder
pdfm-conus27,Percent_Person_ReceivedDentalVisit,regression,linear,random,r2,0.5724409476284753,0.5659160457986946,0.578965849458256,5,10.0,1024,35157,34894,0,climplicit,torchgeo_bench.coordbench.models.ClimplicitLocationEncoder
pdfm-conus27,Percent_Person_WithAsthma,regression,linear,random,r2,0.5665974403963372,0.558928844701175,0.5742660360914994,5,10.0,1024,35157,34894,0,climplicit,torchgeo_bench.coordbench.models.ClimplicitLocationEncoder
pdfm-conus27,Percent_Person_WithChronicKidneyDisease,regression,linear,random,r2,0.36898011537952496,0.3517970784543519,0.38616315230469805,5,10.0,1024,35157,34894,0,climplicit,torchgeo_bench.coordbench.models.ClimplicitLocationEncoder
pdfm-conus27,Percent_Person_WithArthritis,regression,linear,random,r2,0.5132618502232132,0.5025078216405334,0.5240158788058931,5,10.0,1024,35157,34894,0,climplicit,torchgeo_bench.coordbench.models.ClimplicitLocationEncoder
pdfm-conus27,Percent_Person_WithChronicObstructivePulmonaryDisease,regression,linear,random,r2,0.6138345304815267,0.6078724372709637,0.6197966236920897,5,10.0,1024,35157,34894,0,climplicit,torchgeo_bench.coordbench.models.ClimplicitLocationEncoder
pdfm-conus27,Percent_Person_18OrMoreYears_WithHighBloodPressure_ReceivedTakingBloodPressureMedication,regression,linear,random,r2,0.26184479003148253,0.2474142331023348,0.2762753469606303,5,10.0,1024,35157,34894,0,climplicit,torchgeo_bench.coordbench.models.ClimplicitLocationEncoder
pdfm-conus27,Percent_Person_Obesity,regression,linear,random,r2,0.624476776169756,0.616319999367873,0.6326335529716391,5,10.0,1024,35157,34894,0,climplicit,torchgeo_bench.coordbench.models.ClimplicitLocationEncoder
pdfm-conus27,Percent_Person_SleepLessThan7Hours,regression,linear,random,r2,0.6073710180932878,0.5997037022972436,0.6150383338893319,5,10.0,1024,35157,34894,0,climplicit,torchgeo_bench.coordbench.models.ClimplicitLocationEncoder
pdfm-conus27,Percent_Person_Smoking,regression,linear,random,r2,0.5833300133590275,0.5762266882926259,0.590433338425429,5,10.0,1024,35157,34894,0,climplicit,torchgeo_bench.coordbench.models.ClimplicitLocationEncoder
pdfm-conus27,Median_Income_Household,regression,linear,random,r2,0.3947923363095783,0.3852619101753914,0.40432276244376514,5,10.0,1024,35157,34835,0,climplicit,torchgeo_bench.coordbench.models.ClimplicitLocationEncoder
pdfm-conus27,Median_HomeValue_HousingUnit_OccupiedHousingUnit_OwnerOccupied,regression,linear,random,r2,0.6808587294050156,0.6645135415015729,0.6972039173084582,5,10.0,1024,35157,34609,0,climplicit,torchgeo_bench.coordbench.models.ClimplicitLocationEncoder
pdfm-conus27,night_lights_log10,regression,linear,random,r2,0.6145683826511577,0.6105078563347853,0.61862890896753,5,10.0,1024,35157,35157,0,climplicit,torchgeo_bench.coordbench.models.ClimplicitLocationEncoder
pdfm-conus27,population_density_log10,regression,linear,random,r2,0.6607461197803789,0.6547512186818817,0.6667410208788761,5,10.0,1024,35157,35157,0,climplicit,torchgeo_bench.coordbench.models.ClimplicitLocationEncoder
pdfm-conus27,tree_cover,regression,linear,random,r2,0.7983395465401963,0.7944837089300486,0.8021953841503441,5,10.0,1024,35157,35157,0,climplicit,torchgeo_bench.coordbench.models.ClimplicitLocationEncoder
pdfm-conus27,elevation,regression,linear,random,r2,0.9763409524344111,0.9747364704817008,0.9779454343871214,5,10.0,1024,35157,35157,0,climplicit,torchgeo_bench.coordbench.models.ClimplicitLocationEncoder
pdfm-conus27,Percent_Person_WithHighCholesterol,regression,linear,spatial,r2,-0.38371531122147917,-0.576522020855378,-0.1909086015875804,5,10.0,1024,35157,34894,0,climplicit,torchgeo_bench.coordbench.models.ClimplicitLocationEncoder
pdfm-conus27,Percent_Person_WithPhysicalHealthNotGood,regression,linear,spatial,r2,-0.19762971628649767,-0.2925049646044734,-0.10275446796852192,5,10.0,1024,35157,34894,0,climplicit,torchgeo_bench.coordbench.models.ClimplicitLocationEncoder
pdfm-conus27,Percent_Person_WithStroke,regression,linear,spatial,r2,-0.17117628289675788,-0.2953855016595548,-0.046967064133960984,5,10.0,1024,35157,34894,0,climplicit,torchgeo_bench.coordbench.models.ClimplicitLocationEncoder
pdfm-conus27,Percent_Person_BingeDrinking,regression,linear,spatial,r2,-0.3520878372666555,-0.5314953845443777,-0.17268028998893328,5,10.0,1024,35157,34894,0,climplicit,torchgeo_bench.coordbench.models.ClimplicitLocationEncoder
pdfm-conus27,Percent_Person_PhysicalInactivity,regression,linear,spatial,r2,-0.13793208234945026,-0.20387092725868433,-0.07199323744021618,5,10.0,1024,35157,34894,0,climplicit,torchgeo_bench.coordbench.models.ClimplicitLocationEncoder
pdfm-conus27,Percent_Person_ReceivedAnnualCheckup,regression,linear,spatial,r2,0.15337182754557835,-0.17284665035102467,0.4795903054421814,5,10.0,1024,35157,34894,0,climplicit,torchgeo_bench.coordbench.models.ClimplicitLocationEncoder
pdfm-conus27,Percent_Person_WithCancerExcludingSkinCancer,regression,linear,spatial,r2,-0.20959018144785144,-0.34472624784283545,-0.07445411505286742,5,10.0,1024,35157,34894,0,climplicit,torchgeo_bench.coordbench.models.ClimplicitLocationEncoder
pdfm-conus27,Percent_Person_WithDiabetes,regression,linear,spatial,r2,-0.11494247401196409,-0.13458441531697637,-0.09530053270695181,5,10.0,1024,35157,34894,0,climplicit,torchgeo_bench.coordbench.models.ClimplicitLocationEncoder
pdfm-conus27,Percent_Person_WithMentalHealthNotGood,regression,linear,spatial,r2,-0.12214163204471629,-0.29705375598356165,0.05277049189412911,5,10.0,1024,35157,34894,0,climplicit,torchgeo_bench.coordbench.models.ClimplicitLocationEncoder
pdfm-conus27,Percent_Person_WithCoronaryHeartDisease,regression,linear,spatial,r2,-0.1929267307886719,-0.3212982585472086,-0.06455520303013515,5,10.0,1024,35157,34894,0,climplicit,torchgeo_bench.coordbench.models.ClimplicitLocationEncoder
pdfm-conus27,Percent_Person_WithHighBloodPressure,regression,linear,spatial,r2,-0.2384765256135394,-0.46881842525796785,-0.008134625969110965,5,10.0,1024,35157,34894,0,climplicit,torchgeo_bench.coordbench.models.ClimplicitLocationEncoder
pdfm-conus27,Percent_Person_ReceivedCholesterolScreening,regression,linear,spatial,r2,-0.3139045264476406,-0.6460959302300857,0.01828687733480444,5,10.0,1024,35157,34894,0,climplicit,torchgeo_bench.coordbench.models.ClimplicitLocationEncoder
pdfm-conus27,Percent_Person_ReceivedDentalVisit,regression,linear,spatial,r2,-0.306554201482297,-0.6558113874632194,0.04270298449862542,5,10.0,1024,35157,34894,0,climplicit,torchgeo_bench.coordbench.models.ClimplicitLocationEncoder
pdfm-conus27,Percent_Person_WithAsthma,regression,linear,spatial,r2,-0.13940777441788982,-0.46631126638079834,0.1874957175450187,5,10.0,1024,35157,34894,0,climplicit,torchgeo_bench.coordbench.models.ClimplicitLocationEncoder
pdfm-conus27,Percent_Person_WithChronicKidneyDisease,regression,linear,spatial,r2,-0.24931307604685354,-0.3577179052996249,-0.1409082467940822,5,10.0,1024,35157,34894,0,climplicit,torchgeo_bench.coordbench.models.ClimplicitLocationEncoder
pdfm-conus27,Percent_Person_WithArthritis,regression,linear,spatial,r2,-0.27630080494329823,-0.4310396028229907,-0.12156200706360579,5,10.0,1024,35157,34894,0,climplicit,torchgeo_bench.coordbench.models.ClimplicitLocationEncoder
pdfm-conus27,Percent_Person_WithChronicObstructivePulmonaryDisease,regression,linear,spatial,r2,-0.1382571465379878,-0.24884461209896813,-0.027669680977007463,5,10.0,1024,35157,34894,0,climplicit,torchgeo_bench.coordbench.models.ClimplicitLocationEncoder
pdfm-conus27,Percent_Person_18OrMoreYears_WithHighBloodPressure_ReceivedTakingBloodPressureMedication,regression,linear,spatial,r2,-0.20199755705516514,-0.3726198797767233,-0.03137523433360703,5,10.0,1024,35157,34894,0,climplicit,torchgeo_bench.coordbench.models.ClimplicitLocationEncoder
pdfm-conus27,Percent_Person_Obesity,regression,linear,spatial,r2,-0.07634882562190701,-0.2761119512043678,0.12341429996055381,5,10.0,1024,35157,34894,0,climplicit,torchgeo_bench.coordbench.models.ClimplicitLocationEncoder
pdfm-conus27,Percent_Person_SleepLessThan7Hours,regression,linear,spatial,r2,-0.013548611645945586,-0.2717778590888597,0.24468063579696855,5,10.0,1024,35157,34894,0,climplicit,torchgeo_bench.coordbench.models.ClimplicitLocationEncoder
pdfm-conus27,Percent_Person_Smoking,regression,linear,spatial,r2,-0.062169379705828344,-0.2083891029625215,0.08405034355086483,5,10.0,1024,35157,34894,0,climplicit,torchgeo_bench.coordbench.models.ClimplicitLocationEncoder
pdfm-conus27,Median_Income_Household,regression,linear,spatial,r2,-0.12198765668048858,-0.3281778960828682,0.08420258272189104,5,10.0,1024,35157,34835,0,climplicit,torchgeo_bench.coordbench.models.ClimplicitLocationEncoder
pdfm-conus27,Median_HomeValue_HousingUnit_OccupiedHousingUnit_OwnerOccupied,regression,linear,spatial,r2,-0.03236429016106568,-0.27889991379961127,0.2141713334774799,5,10.0,1024,35157,34609,0,climplicit,torchgeo_bench.coordbench.models.ClimplicitLocationEncoder
pdfm-conus27,night_lights_log10,regression,linear,spatial,r2,-0.13287062887997975,-0.27499521818270595,0.009253960422746454,5,10.0,1024,35157,35157,0,climplicit,torchgeo_bench.coordbench.models.ClimplicitLocationEncoder
pdfm-conus27,population_density_log10,regression,linear,spatial,r2,-0.0946541343318799,-0.2536304647038883,0.0643221960401285,5,10.0,1024,35157,35157,0,climplicit,torchgeo_bench.coordbench.models.ClimplicitLocationEncoder
pdfm-conus27,tree_cover,regression,linear,spatial,r2,0.42638163688091096,0.24412520639753532,0.6086380673642866,5,10.0,1024,35157,35157,0,climplicit,torchgeo_bench.coordbench.models.ClimplicitLocationEncoder
pdfm-conus27,elevation,regression,linear,spatial,r2,0.49580356909733664,0.05305807804307544,0.9385490601515978,5,10.0,1024,35157,35157,0,climplicit,torchgeo_bench.coordbench.models.ClimplicitLocationEncoder
satclip-air-temp,air_temperature,regression,linear,random,r2,0.981943501015213,0.9805333601517694,0.9833536418786566,5,10.0,1024,3076,3076,0,climplicit,torchgeo_bench.coordbench.models.ClimplicitLocationEncoder
satclip-air-temp,air_temperature,regression,linear,spatial,r2,0.975780236444281,0.9714619964512784,0.9800984764372836,5,10.0,1024,3076,3076,0,climplicit,torchgeo_bench.coordbench.models.ClimplicitLocationEncoder
california-housing,median_house_value,regression,linear,random,r2,0.5815358155055981,0.5768187989923939,0.5862528320188023,5,10.0,1024,20640,20640,0,climplicit,torchgeo_bench.coordbench.models.ClimplicitLocationEncoder
california-housing,median_house_value,regression,linear,spatial,r2,-1.0893313152127058,-1.9305066374184103,-0.2481559930070012,5,10.0,1024,20640,20640,0,climplicit,torchgeo_bench.coordbench.models.ClimplicitLocationEncoder
satclip-country,country,classification,knn5,random,accuracy,0.9657820150755022,0.9628627403457786,0.9687012898052259,5,10.0,1024,33053,33053,0,climplicit,torchgeo_bench.coordbench.models.ClimplicitLocationEncoder
satclip-country,country,classification,linear,random,accuracy,0.9356183409690857,0.9320319258855686,0.9392047560526028,5,10.0,1024,33053,33053,0,climplicit,torchgeo_bench.coordbench.models.ClimplicitLocationEncoder
satclip-country,country,classification,knn5,spatial,accuracy,0.7993700058004991,0.7698886390136009,0.8288513725873973,5,10.0,1024,33053,33053,0,climplicit,torchgeo_bench.coordbench.models.ClimplicitLocationEncoder
satclip-country,country,classification,linear,spatial,accuracy,0.756773054599762,0.7064998056984924,0.8070463035010316,5,10.0,1024,33053,33053,0,climplicit,torchgeo_bench.coordbench.models.ClimplicitLocationEncoder
satclip-ecoregion,ecoregion_class_index,classification,knn5,random,accuracy,0.8633147016387834,0.857781659433562,0.8688477438440049,5,10.0,1024,32798,32798,0,climplicit,torchgeo_bench.coordbench.models.ClimplicitLocationEncoder
satclip-ecoregion,ecoregion_class_index,classification,linear,random,accuracy,0.8162386178970337,0.8118932772581919,0.8205839585358754,5,10.0,1024,32798,32798,0,climplicit,torchgeo_bench.coordbench.models.ClimplicitLocationEncoder
satclip-ecoregion,ecoregion_class_index,classification,knn5,spatial,accuracy,0.6442450445871438,0.6307443174219324,0.6577457717523553,5,10.0,1024,32798,32798,0,climplicit,torchgeo_bench.coordbench.models.ClimplicitLocationEncoder
satclip-ecoregion,ecoregion_class_index,classification,linear,spatial,accuracy,0.5929634809494019,0.5681315400736622,0.6177954218251416,5,10.0,1024,32798,32798,0,climplicit,torchgeo_bench.coordbench.models.ClimplicitLocationEncoder
satclip-biome,biome_class_index,classification,knn5,random,accuracy,0.9321299303879608,0.930043003299095,0.9342168574768266,5,10.0,1024,32798,32798,0,climplicit,torchgeo_bench.coordbench.models.ClimplicitLocationEncoder
satclip-biome,biome_class_index,classification,linear,random,accuracy,0.898682689666748,0.8961911543810281,0.9011742249524679,5,10.0,1024,32798,32798,0,climplicit,torchgeo_bench.coordbench.models.ClimplicitLocationEncoder
satclip-biome,biome_class_index,classification,knn5,spatial,accuracy,0.824658342991998,0.8077182057689198,0.8415984802150762,5,10.0,1024,32798,32798,0,climplicit,torchgeo_bench.coordbench.models.ClimplicitLocationEncoder
satclip-biome,biome_class_index,classification,linear,spatial,accuracy,0.8114191770553589,0.8001641515755867,0.8226742025351311,5,10.0,1024,32798,32798,0,climplicit,torchgeo_bench.coordbench.models.ClimplicitLocationEncoder
satclip-population,log_population,regression,linear,random,r2,0.7372626341398982,0.7325518732028271,0.7419733950769694,5,10.0,1024,74512,74512,0,climplicit,torchgeo_bench.coordbench.models.ClimplicitLocationEncoder
satclip-population,log_population,regression,linear,spatial,r2,0.5528222290639759,0.44857475051768886,0.657069707610263,5,10.0,1024,74512,74512,0,climplicit,torchgeo_bench.coordbench.models.ClimplicitLocationEncoder
satclip-elevation,elevation,regression,linear,random,r2,0.8956919014919913,0.8930226978832039,0.8983611051007787,5,10.0,1024,100000,99995,0,climplicit,torchgeo_bench.coordbench.models.ClimplicitLocationEncoder
satclip-elevation,elevation,regression,linear,spatial,r2,0.7934882903649897,0.7305116648405559,0.8564649158894235,5,10.0,1024,100000,99995,0,climplicit,torchgeo_bench.coordbench.models.ClimplicitLocationEncoder
sustainbench-asset,asset_index,regression,linear,official,r2,0.5884706140529307,0.5884706140529307,0.5884706140529307,1,10.0,1024,86936,86936,0,climplicit,torchgeo_bench.coordbench.models.ClimplicitLocationEncoder
sustainbench-water,water_index,regression,linear,official,r2,0.44142566037043174,0.44142566037043174,0.44142566037043174,1,10.0,1024,87938,87938,0,climplicit,torchgeo_bench.coordbench.models.ClimplicitLocationEncoder
sustainbench-sanitation,sanitation_index,regression,linear,official,r2,0.5227151941904158,0.5227151941904158,0.5227151941904158,1,10.0,1024,89271,89271,0,climplicit,torchgeo_bench.coordbench.models.ClimplicitLocationEncoder
sustainbench-child_mortality,under5_mort,regression,linear,official,r2,0.3127010347220158,0.3127010347220158,0.3127010347220158,1,10.0,1024,105582,105582,0,climplicit,torchgeo_bench.coordbench.models.ClimplicitLocationEncoder
sustainbench-women_edu,women_edu,regression,linear,official,r2,0.581328433222851,0.581328433222851,0.581328433222851,1,10.0,1024,117062,117062,0,climplicit,torchgeo_bench.coordbench.models.ClimplicitLocationEncoder
sustainbench-women_bmi,women_bmi,regression,linear,official,r2,0.6760914506051662,0.6760914506051662,0.6760914506051662,1,10.0,1024,94866,94866,0,climplicit,torchgeo_bench.coordbench.models.ClimplicitLocationEncoder
bt-cropharvest,crop_type,classification,knn5,random,accuracy,0.5700000000000001,0.551395108833733,0.5886048911662671,5,10.0,1024,3600,3600,0,climplicit,torchgeo_bench.coordbench.models.ClimplicitLocationEncoder
bt-cropharvest,crop_type,classification,linear,random,accuracy,0.48555556535720823,0.4702500450614852,0.5008610856529313,5,10.0,1024,3600,3600,0,climplicit,torchgeo_bench.coordbench.models.ClimplicitLocationEncoder
bt-cropharvest,crop_type,classification,knn5,spatial,accuracy,0.18564687577587444,0.030509041389059327,0.3407847101626895,5,10.0,1024,3600,3600,0,climplicit,torchgeo_bench.coordbench.models.ClimplicitLocationEncoder
bt-cropharvest,crop_type,classification,linear,spatial,accuracy,0.1959467815235257,0.05647801666690325,0.33541554638014814,5,10.0,1024,3600,3600,0,climplicit,torchgeo_bench.coordbench.models.ClimplicitLocationEncoder
bt-biomass,biomass,regression,linear,random,r2,0.4936723801849781,0.4659133435184474,0.5214314168515088,5,10.0,1024,18393,18393,0,climplicit,torchgeo_bench.coordbench.models.ClimplicitLocationEncoder
bt-biomass,biomass,regression,linear,spatial,r2,0.3277572565239719,0.30028394948001436,0.3552305635679295,5,10.0,1024,18393,18393,0,climplicit,torchgeo_bench.coordbench.models.ClimplicitLocationEncoder
bt-landcover,water,regression,linear,random,r2,0.09535190417430664,0.07445164228316711,0.11625216606544617,5,10.0,1024,10000,10000,0,climplicit,torchgeo_bench.coordbench.models.ClimplicitLocationEncoder
bt-landcover,trees,regression,linear,random,r2,0.5610591067707812,0.5512078691199822,0.5709103444215802,5,10.0,1024,10000,10000,0,climplicit,torchgeo_bench.coordbench.models.ClimplicitLocationEncoder
bt-landcover,grass,regression,linear,random,r2,0.1905491570652263,0.1468814956807932,0.2342168184496594,5,10.0,1024,10000,10000,0,climplicit,torchgeo_bench.coordbench.models.ClimplicitLocationEncoder
bt-landcover,flooded_vegetation,regression,linear,random,r2,0.02228702848752149,-0.025974828071593667,0.07054888504663664,5,10.0,1024,10000,10000,0,climplicit,torchgeo_bench.coordbench.models.ClimplicitLocationEncoder
bt-landcover,crops,regression,linear,random,r2,0.3121466890641951,0.2763348353988968,0.34795854272949345,5,10.0,1024,10000,10000,0,climplicit,torchgeo_bench.coordbench.models.ClimplicitLocationEncoder
bt-landcover,shrub_and_scrub,regression,linear,random,r2,0.4849890905206693,0.45603703687017827,0.5139411441711603,5,10.0,1024,10000,10000,0,climplicit,torchgeo_bench.coordbench.models.ClimplicitLocationEncoder
bt-landcover,built,regression,linear,random,r2,0.025551450884832017,-0.00178764450932754,0.052890546278991576,5,10.0,1024,10000,10000,0,climplicit,torchgeo_bench.coordbench.models.ClimplicitLocationEncoder
bt-landcover,bare,regression,linear,random,r2,0.8373362802936921,0.8270963511719671,0.8475762094154171,5,10.0,1024,10000,10000,0,climplicit,torchgeo_bench.coordbench.models.ClimplicitLocationEncoder
bt-landcover,snow_and_ice,regression,linear,random,r2,0.8696048531029363,0.8637694103201494,0.8754402958857233,5,10.0,1024,10000,10000,0,climplicit,torchgeo_bench.coordbench.models.ClimplicitLocationEncoder
bt-landcover,water,regression,linear,spatial,r2,0.028281441793852124,-0.007959797044778599,0.06452268063248284,5,10.0,1024,10000,10000,0,climplicit,torchgeo_bench.coordbench.models.ClimplicitLocationEncoder
bt-landcover,trees,regression,linear,spatial,r2,0.48969457052398885,0.46127652870642505,0.5181126123415526,5,10.0,1024,10000,10000,0,climplicit,torchgeo_bench.coordbench.models.ClimplicitLocationEncoder
bt-landcover,grass,regression,linear,spatial,r2,0.01943030256453515,-0.04990539763271719,0.08876600276178749,5,10.0,1024,10000,10000,0,climplicit,torchgeo_bench.coordbench.models.ClimplicitLocationEncoder
bt-landcover,flooded_vegetation,regression,linear,spatial,r2,-0.04196047471142972,-0.08197628269829502,-0.001944666724564413,5,10.0,1024,10000,10000,0,climplicit,torchgeo_bench.coordbench.models.ClimplicitLocationEncoder
bt-landcover,crops,regression,linear,spatial,r2,0.16968768026581904,0.14891366262536027,0.19046169790627782,5,10.0,1024,10000,10000,0,climplicit,torchgeo_bench.coordbench.models.ClimplicitLocationEncoder
bt-landcover,shrub_and_scrub,regression,linear,spatial,r2,0.35513226504762213,0.29465394959313296,0.4156105805021113,5,10.0,1024,10000,10000,0,climplicit,torchgeo_bench.coordbench.models.ClimplicitLocationEncoder
bt-landcover,built,regression,linear,spatial,r2,-0.07805857707962716,-0.12405307656588868,-0.03206407759336564,5,10.0,1024,10000,10000,0,climplicit,torchgeo_bench.coordbench.models.ClimplicitLocationEncoder
bt-landcover,bare,regression,linear,spatial,r2,0.7527973005153673,0.6967652765362881,0.8088293244944466,5,10.0,1024,10000,10000,0,climplicit,torchgeo_bench.coordbench.models.ClimplicitLocationEncoder
bt-landcover,snow_and_ice,regression,linear,spatial,r2,0.8058033137726323,0.7580241730422164,0.8535824545030481,5,10.0,1024,10000,10000,0,climplicit,torchgeo_bench.coordbench.models.ClimplicitLocationEncoder
bt-bioclim,bioclim_01,regression,linear,random,r2,0.9919556240087852,0.9916065177021495,0.992304730315421,5,10.0,1024,9681,9681,0,climplicit,torchgeo_bench.coordbench.models.ClimplicitLocationEncoder
bt-bioclim,bioclim_02,regression,linear,random,r2,0.8859496230703128,0.8831354232625863,0.8887638228780392,5,10.0,1024,9681,9681,0,climplicit,torchgeo_bench.coordbench.models.ClimplicitLocationEncoder
bt-bioclim,bioclim_03,regression,linear,random,r2,0.9675736012724545,0.9657406254782093,0.9694065770666997,5,10.0,1024,9681,9681,0,climplicit,torchgeo_bench.coordbench.models.ClimplicitLocationEncoder
bt-bioclim,bioclim_04,regression,linear,random,r2,0.9836906527659878,0.9828577435343493,0.9845235619976263,5,10.0,1024,9681,9681,0,climplicit,torchgeo_bench.coordbench.models.ClimplicitLocationEncoder
bt-bioclim,bioclim_05,regression,linear,random,r2,0.9645459271020016,0.9631632433347287,0.9659286108692745,5,10.0,1024,9681,9681,0,climplicit,torchgeo_bench.coordbench.models.ClimplicitLocationEncoder
bt-bioclim,bioclim_06,regression,linear,random,r2,0.9908845753714711,0.9902989247006864,0.9914702260422559,5,10.0,1024,9681,9681,0,climplicit,torchgeo_bench.coordbench.models.ClimplicitLocationEncoder
bt-bioclim,bioclim_07,regression,linear,random,r2,0.9721919944957433,0.970538815747678,0.9738451732438087,5,10.0,1024,9681,9681,0,climplicit,torchgeo_bench.coordbench.models.ClimplicitLocationEncoder
bt-bioclim,bioclim_08,regression,linear,random,r2,0.896340739573976,0.8927374284791931,0.8999440506687588,5,10.0,1024,9681,9681,0,climplicit,torchgeo_bench.coordbench.models.ClimplicitLocationEncoder
bt-bioclim,bioclim_09,regression,linear,random,r2,0.9581545787366792,0.9545689869122799,0.9617401705610785,5,10.0,1024,9681,9681,0,climplicit,torchgeo_bench.coordbench.models.ClimplicitLocationEncoder
bt-bioclim,bioclim_10,regression,linear,random,r2,0.9733624691032453,0.9721682189224146,0.9745567192840761,5,10.0,1024,9681,9681,0,climplicit,torchgeo_bench.coordbench.models.ClimplicitLocationEncoder
bt-bioclim,bioclim_11,regression,linear,random,r2,0.993295750494385,0.9929329530027838,0.9936585479859862,5,10.0,1024,9681,9681,0,climplicit,torchgeo_bench.coordbench.models.ClimplicitLocationEncoder
bt-bioclim,bioclim_12,regression,linear,random,r2,0.9228030478054168,0.9135658805975381,0.9320402150132955,5,10.0,1024,9681,9681,0,climplicit,torchgeo_bench.coordbench.models.ClimplicitLocationEncoder
bt-bioclim,bioclim_13,regression,linear,random,r2,0.8511978151852386,0.8393391278108275,0.8630565025596497,5,10.0,1024,9681,9681,0,climplicit,torchgeo_bench.coordbench.models.ClimplicitLocationEncoder
bt-bioclim,bioclim_14,regression,linear,random,r2,0.7877276445559029,0.7686866269592748,0.8067686621525311,5,10.0,1024,9681,9681,0,climplicit,torchgeo_bench.coordbench.models.ClimplicitLocationEncoder
bt-bioclim,bioclim_15,regression,linear,random,r2,0.8274633547162129,0.8221948550898656,0.8327318543425603,5,10.0,1024,9681,9681,0,climplicit,torchgeo_bench.coordbench.models.ClimplicitLocationEncoder
bt-bioclim,bioclim_16,regression,linear,random,r2,0.8746518318479888,0.8618030294038926,0.8875006342920849,5,10.0,1024,9681,9681,0,climplicit,torchgeo_bench.coordbench.models.ClimplicitLocationEncoder
bt-bioclim,bioclim_17,regression,linear,random,r2,0.8077203499539761,0.7926200147962447,0.8228206851117076,5,10.0,1024,9681,9681,0,climplicit,torchgeo_bench.coordbench.models.ClimplicitLocationEncoder
bt-bioclim,bioclim_18,regression,linear,random,r2,0.802700333380263,0.788274736360239,0.817125930400287,5,10.0,1024,9681,9681,0,climplicit,torchgeo_bench.coordbench.models.ClimplicitLocationEncoder
bt-bioclim,bioclim_19,regression,linear,random,r2,0.7101061317522674,0.687795088367487,0.7324171751370478,5,10.0,1024,9681,9681,0,climplicit,torchgeo_bench.coordbench.models.ClimplicitLocationEncoder
bt-bioclim,bioclim_01,regression,linear,spatial,r2,0.9884938445276108,0.9870756442615173,0.9899120447937043,5,10.0,1024,9681,9681,0,climplicit,torchgeo_bench.coordbench.models.ClimplicitLocationEncoder
bt-bioclim,bioclim_02,regression,linear,spatial,r2,0.7785309900035114,0.7637519741495308,0.7933100058574921,5,10.0,1024,9681,9681,0,climplicit,torchgeo_bench.coordbench.models.ClimplicitLocationEncoder
bt-bioclim,bioclim_03,regression,linear,spatial,r2,0.9221025766581645,0.9156074096037781,0.928597743712551,5,10.0,1024,9681,9681,0,climplicit,torchgeo_bench.coordbench.models.ClimplicitLocationEncoder
bt-bioclim,bioclim_04,regression,linear,spatial,r2,0.9635095172367422,0.9601536202772235,0.9668654141962608,5,10.0,1024,9681,9681,0,climplicit,torchgeo_bench.coordbench.models.ClimplicitLocationEncoder
bt-bioclim,bioclim_05,regression,linear,spatial,r2,0.9373390929731833,0.9305805806414359,0.9440976053049307,5,10.0,1024,9681,9681,0,climplicit,torchgeo_bench.coordbench.models.ClimplicitLocationEncoder
bt-bioclim,bioclim_06,regression,linear,spatial,r2,0.983556464792035,0.9818548798295212,0.9852580497545487,5,10.0,1024,9681,9681,0,climplicit,torchgeo_bench.coordbench.models.ClimplicitLocationEncoder
bt-bioclim,bioclim_07,regression,linear,spatial,r2,0.9426275533048468,0.9375054700275932,0.9477496365821004,5,10.0,1024,9681,9681,0,climplicit,torchgeo_bench.coordbench.models.ClimplicitLocationEncoder
bt-bioclim,bioclim_08,regression,linear,spatial,r2,0.8028472912246469,0.7641660685736831,0.8415285138756108,5,10.0,1024,9681,9681,0,climplicit,torchgeo_bench.coordbench.models.ClimplicitLocationEncoder
bt-bioclim,bioclim_09,regression,linear,spatial,r2,0.9180872217836409,0.8986775787729123,0.9374968647943694,5,10.0,1024,9681,9681,0,climplicit,torchgeo_bench.coordbench.models.ClimplicitLocationEncoder
bt-bioclim,bioclim_10,regression,linear,spatial,r2,0.9553349897236483,0.9512842160372348,0.9593857634100618,5,10.0,1024,9681,9681,0,climplicit,torchgeo_bench.coordbench.models.ClimplicitLocationEncoder
bt-bioclim,bioclim_11,regression,linear,spatial,r2,0.9884685141203443,0.9875621617678281,0.9893748664728605,5,10.0,1024,9681,9681,0,climplicit,torchgeo_bench.coordbench.models.ClimplicitLocationEncoder
bt-bioclim,bioclim_12,regression,linear,spatial,r2,0.881077565016936,0.8517926680741283,0.9103624619597437,5,10.0,1024,9681,9681,0,climplicit,torchgeo_bench.coordbench.models.ClimplicitLocationEncoder
bt-bioclim,bioclim_13,regression,linear,spatial,r2,0.7489869398433359,0.6866034757732734,0.8113704039133983,5,10.0,1024,9681,9681,0,climplicit,torchgeo_bench.coordbench.models.ClimplicitLocationEncoder
bt-bioclim,bioclim_14,regression,linear,spatial,r2,0.5800241588431965,0.4977310330365135,0.6623172846498794,5,10.0,1024,9681,9681,0,climplicit,torchgeo_bench.coordbench.models.ClimplicitLocationEncoder
bt-bioclim,bioclim_15,regression,linear,spatial,r2,0.5790797548484397,0.5005389034333427,0.6576206062635366,5,10.0,1024,9681,9681,0,climplicit,torchgeo_bench.coordbench.models.ClimplicitLocationEncoder
bt-bioclim,bioclim_16,regression,linear,spatial,r2,0.7874645087389421,0.7346759485426049,0.8402530689352794,5,10.0,1024,9681,9681,0,climplicit,torchgeo_bench.coordbench.models.ClimplicitLocationEncoder
bt-bioclim,bioclim_17,regression,linear,spatial,r2,0.617861994085468,0.5392274149791102,0.6964965731918259,5,10.0,1024,9681,9681,0,climplicit,torchgeo_bench.coordbench.models.ClimplicitLocationEncoder
bt-bioclim,bioclim_18,regression,linear,spatial,r2,0.6234843819586272,0.5882487685438023,0.6587199953734522,5,10.0,1024,9681,9681,0,climplicit,torchgeo_bench.coordbench.models.ClimplicitLocationEncoder
bt-bioclim,bioclim_19,regression,linear,spatial,r2,0.4826046772191126,0.35724860219559135,0.6079607522426338,5,10.0,1024,9681,9681,0,climplicit,torchgeo_bench.coordbench.models.ClimplicitLocationEncoder
bt-population,pop_density,regression,linear,random,r2,0.07126825851922296,0.03968115208191712,0.10285536495652879,5,10.0,1024,9681,9681,0,climplicit,torchgeo_bench.coordbench.models.ClimplicitLocationEncoder
bt-population,pop_density,regression,linear,spatial,r2,0.016851407202054802,-0.002802972787025928,0.036505787191135536,5,10.0,1024,9681,9681,0,climplicit,torchgeo_bench.coordbench.models.ClimplicitLocationEncoder
bt-distroad,maxdist_road,regression,linear,random,r2,0.5814571460741023,0.5747919180556611,0.5881223740925434,5,10.0,1024,9681,9681,0,climplicit,torchgeo_bench.coordbench.models.ClimplicitLocationEncoder
bt-distroad,maxdist_road,regression,linear,spatial,r2,0.4226915357327551,0.3469706295605691,0.49841244190494105,5,10.0,1024,9681,9681,0,climplicit,torchgeo_bench.coordbench.models.ClimplicitLocationEncoder
places-phys_health,phlth_crudeprev,regression,linear,random,r2,0.5699213947824563,0.5581481841564739,0.5816946054084386,5,10.0,1024,31435,31435,0,climplicit,torchgeo_bench.coordbench.models.ClimplicitLocationEncoder
places-phys_health,phlth_crudeprev,regression,linear,spatial,r2,-0.2939828240570373,-0.457633470080171,-0.13033217803390357,5,10.0,1024,31435,31435,0,climplicit,torchgeo_bench.coordbench.models.ClimplicitLocationEncoder
places-diabetes,diabetes_crudeprev,regression,linear,random,r2,0.449589739689912,0.4384820912280154,0.4606973881518086,5,10.0,1024,31435,31435,0,climplicit,torchgeo_bench.coordbench.models.ClimplicitLocationEncoder
places-diabetes,diabetes_crudeprev,regression,linear,spatial,r2,-0.19544546058925377,-0.325697279393528,-0.06519364178497955,5,10.0,1024,31435,31435,0,climplicit,torchgeo_bench.coordbench.models.ClimplicitLocationEncoder
places-copd,copd_crudeprev,regression,linear,random,r2,0.601424285045981,0.5878632882425312,0.6149852818494308,5,10.0,1024,31435,31435,0,climplicit,torchgeo_bench.coordbench.models.ClimplicitLocationEncoder
places-copd,copd_crudeprev,regression,linear,spatial,r2,-0.189356594979452,-0.27010215237680213,-0.10861103758210186,5,10.0,1024,31435,31435,0,climplicit,torchgeo_bench.coordbench.models.ClimplicitLocationEncoder
places-cancer,cancer_crudeprev,regression,linear,random,r2,0.3050565024251285,0.29100674855552344,0.31910625629473355,5,10.0,1024,31435,31435,0,climplicit,torchgeo_bench.coordbench.models.ClimplicitLocationEncoder
places-cancer,cancer_crudeprev,regression,linear,spatial,r2,-0.2990726855611806,-0.4314397961950083,-0.16670557492735294,5,10.0,1024,31435,31435,0,climplicit,torchgeo_bench.coordbench.models.ClimplicitLocationEncoder
places-chd,chd_crudeprev,regression,linear,random,r2,0.4576420775027602,0.4376440862310222,0.4776400687744982,5,10.0,1024,31435,31435,0,climplicit,torchgeo_bench.coordbench.models.ClimplicitLocationEncoder
places-chd,chd_crudeprev,regression,linear,spatial,r2,-0.2923832151087933,-0.44255379099005626,-0.1422126392275303,5,10.0,1024,31435,31435,0,climplicit,torchgeo_bench.coordbench.models.ClimplicitLocationEncoder
places-mental_health,mhlth_crudeprev,regression,linear,random,r2,0.4772606558154447,0.461806649410753,0.4927146622201364,5,10.0,1024,31435,31435,0,climplicit,torchgeo_bench.coordbench.models.ClimplicitLocationEncoder
places-mental_health,mhlth_crudeprev,regression,linear,spatial,r2,-0.04958342651008869,-0.12980282754906847,0.03063597452889108,5,10.0,1024,31435,31435,0,climplicit,torchgeo_bench.coordbench.models.ClimplicitLocationEncoder
places-checkup,checkup_crudeprev,regression,linear,random,r2,0.7751070471884176,0.7700043869833638,0.7802097073934714,5,10.0,1024,31435,31435,0,climplicit,torchgeo_bench.coordbench.models.ClimplicitLocationEncoder
places-checkup,checkup_crudeprev,regression,linear,spatial,r2,0.19497202863656304,0.03894187566267704,0.35100218161044905,5,10.0,1024,31435,31435,0,climplicit,torchgeo_bench.coordbench.models.ClimplicitLocationEncoder
places-sleep_lt7,sleep_crudeprev,regression,linear,random,r2,0.5909063306050786,0.5799624199946571,0.6018502412155,5,10.0,1024,32409,32409,0,climplicit,torchgeo_bench.coordbench.models.ClimplicitLocationEncoder
places-sleep_lt7,sleep_crudeprev,regression,linear,spatial,r2,-0.08104563942300691,-0.2485541354446048,0.08646285659859099,5,10.0,1024,32409,32409,0,climplicit,torchgeo_bench.coordbench.models.ClimplicitLocationEncoder
places-asthma,casthma_crudeprev,regression,linear,random,r2,0.5361421585127523,0.5253299028798292,0.5469544141456754,5,10.0,1024,31435,31435,0,climplicit,torchgeo_bench.coordbench.models.ClimplicitLocationEncoder
places-asthma,casthma_crudeprev,regression,linear,spatial,r2,-0.1666667340821562,-0.3082034845645866,-0.02512998359972579,5,10.0,1024,31435,31435,0,climplicit,torchgeo_bench.coordbench.models.ClimplicitLocationEncoder
places-obesity,obesity_crudeprev,regression,linear,random,r2,0.6118094914452236,0.6043215964307463,0.6192973864597008,5,10.0,1024,31435,31435,0,climplicit,torchgeo_bench.coordbench.models.ClimplicitLocationEncoder
places-obesity,obesity_crudeprev,regression,linear,spatial,r2,-0.00755914988392623,-0.20048224476038304,0.1853639449925306,5,10.0,1024,31435,31435,0,climplicit,torchgeo_bench.coordbench.models.ClimplicitLocationEncoder
places-smoking,csmoking_crudeprev,regression,linear,random,r2,0.5926431074160744,0.5842281089794448,0.601058105852704,5,10.0,1024,31435,31435,0,climplicit,torchgeo_bench.coordbench.models.ClimplicitLocationEncoder
places-smoking,csmoking_crudeprev,regression,linear,spatial,r2,-0.11198268282437078,-0.3178916772288737,0.09392631158013214,5,10.0,1024,31435,31435,0,climplicit,torchgeo_bench.coordbench.models.ClimplicitLocationEncoder
places-high_chol,highchol_crudeprev,regression,linear,random,r2,0.3475193848512527,0.334204862724272,0.3608339069782334,5,10.0,1024,31435,31435,0,climplicit,torchgeo_bench.coordbench.models.ClimplicitLocationEncoder
places-high_chol,highchol_crudeprev,regression,linear,spatial,r2,-0.3986025396914986,-0.5760325620501816,-0.22117251733281565,5,10.0,1024,31435,31435,0,climplicit,torchgeo_bench.coordbench.models.ClimplicitLocationEncoder
mosaiks-treecover,treecover,regression,linear,random,r2,0.7405872557298689,0.7341777279295574,0.7469967835301805,5,10.0,1024,100000,100000,0,climplicit,torchgeo_bench.coordbench.models.ClimplicitLocationEncoder
mosaiks-treecover,treecover,regression,linear,spatial,r2,0.5231278219507915,0.4266579765411662,0.6195976673604169,5,10.0,1024,100000,100000,0,climplicit,torchgeo_bench.coordbench.models.ClimplicitLocationEncoder
mosaiks-elevation,elevation,regression,linear,random,r2,0.9551714768920625,0.9545381552991189,0.9558047984850061,5,10.0,1024,100000,100000,0,climplicit,torchgeo_bench.coordbench.models.ClimplicitLocationEncoder
mosaiks-elevation,elevation,regression,linear,spatial,r2,0.4013137299595531,-0.453178661784218,1.2558061217033243,5,10.0,1024,100000,100000,0,climplicit,torchgeo_bench.coordbench.models.ClimplicitLocationEncoder
mosaiks-population,population,regression,linear,random,r2,0.5320069410231056,0.5266230826734397,0.5373907993727716,5,10.0,1024,67968,67968,0,climplicit,torchgeo_bench.coordbench.models.ClimplicitLocationEncoder
mosaiks-population,population,regression,linear,spatial,r2,0.12916955564722793,0.01453794010582371,0.24380117118863215,5,10.0,1024,67968,67968,0,climplicit,torchgeo_bench.coordbench.models.ClimplicitLocationEncoder
mosaiks-nightlights,nightlights,regression,linear,random,r2,0.36822865587097897,0.363545830873649,0.37291148086830894,5,10.0,1024,100000,100000,0,climplicit,torchgeo_bench.coordbench.models.ClimplicitLocationEncoder
mosaiks-nightlights,nightlights,regression,linear,spatial,r2,-0.29686598797278374,-0.36901881388159563,-0.22471316206397188,5,10.0,1024,100000,100000,0,climplicit,torchgeo_bench.coordbench.models.ClimplicitLocationEncoder
mosaiks-income,income,regression,linear,random,r2,0.3745722411523882,0.3689428145745364,0.38020166773023994,5,10.0,1024,91377,91377,0,climplicit,torchgeo_bench.coordbench.models.ClimplicitLocationEncoder
mosaiks-income,income,regression,linear,spatial,r2,-0.8397228068927912,-1.2452422371157839,-0.4342033766697986,5,10.0,1024,91377,91377,0,climplicit,torchgeo_bench.coordbench.models.ClimplicitLocationEncoder
mosaiks-roads,roads,regression,linear,random,r2,0.05319490797868898,0.0491253911582767,0.05726442479910125,5,10.0,1024,100000,100000,0,climplicit,torchgeo_bench.coordbench.models.ClimplicitLocationEncoder
mosaiks-roads,roads,regression,linear,spatial,r2,-0.034474688378186215,-0.05205987610283053,-0.016889500653541903,5,10.0,1024,100000,100000,0,climplicit,torchgeo_bench.coordbench.models.ClimplicitLocationEncoder
mosaiks-housing,housing,regression,linear,random,r2,0.6043793256283208,0.6005704581393613,0.6081881931172802,5,10.0,1024,54586,54586,0,climplicit,torchgeo_bench.coordbench.models.ClimplicitLocationEncoder
mosaiks-housing,housing,regression,linear,spatial,r2,-0.6935454290439322,-0.9494744934364308,-0.43761636465143366,5,10.0,1024,54586,54586,0,climplicit,torchgeo_bench.coordbench.models.ClimplicitLocationEncoder
country,country,classification,knn5,random,accuracy,0.924216586119098,0.9207975500592246,0.9276356221789713,5,10.0,1024,8432,8432,0,climplicit,torchgeo_bench.coordbench.models.ClimplicitLocationEncoder
country,country,classification,linear,random,accuracy,0.9327548742294312,0.9261320371340874,0.9393777113247749,5,10.0,1024,8432,8432,0,climplicit,torchgeo_bench.coordbench.models.ClimplicitLocationEncoder
country,country,classification,knn5,spatial,accuracy,0.6773025319328834,0.6436810144003356,0.7109240494654311,5,10.0,1024,8432,8432,0,climplicit,torchgeo_bench.coordbench.models.ClimplicitLocationEncoder
country,country,classification,linear,spatial,accuracy,0.6739110350608826,0.6485045516402284,0.6993175184815368,5,10.0,1024,8432,8432,0,climplicit,torchgeo_bench.coordbench.models.ClimplicitLocationEncoder
ecoregions,biome,classification,knn5,random,accuracy,0.8665893271461715,0.8622954163518973,0.8708832379404458,5,10.0,1024,8620,8620,0,climplicit,torchgeo_bench.coordbench.models.ClimplicitLocationEncoder
ecoregions,biome,classification,linear,random,accuracy,0.8648491621017456,0.8569128964159174,0.8727854277875737,5,10.0,1024,8620,8620,0,climplicit,torchgeo_bench.coordbench.models.ClimplicitLocationEncoder
ecoregions,ecoregion,classification,knn5,random,accuracy,0.7256380510440834,0.7138073793188101,0.7374687227693567,5,10.0,1024,8620,8620,0,climplicit,torchgeo_bench.coordbench.models.ClimplicitLocationEncoder
ecoregions,ecoregion,classification,linear,random,accuracy,0.7468677282333374,0.7362188545511359,0.7575166019155388,5,10.0,1024,8620,8620,0,climplicit,torchgeo_bench.coordbench.models.ClimplicitLocationEncoder
ecoregions,biome,classification,knn5,spatial,accuracy,0.7376261683092598,0.7131154263325937,0.7621369102859258,5,10.0,1024,8620,8620,0,climplicit,torchgeo_bench.coordbench.models.ClimplicitLocationEncoder
ecoregions,biome,classification,linear,spatial,accuracy,0.7357735276222229,0.7083576307352291,0.7631894245092168,5,10.0,1024,8620,8620,0,climplicit,torchgeo_bench.coordbench.models.ClimplicitLocationEncoder
ecoregions,ecoregion,classification,knn5,spatial,accuracy,0.43320279148916263,0.40291413782232216,0.4634914451560031,5,10.0,1024,8620,8620,0,climplicit,torchgeo_bench.coordbench.models.ClimplicitLocationEncoder
ecoregions,ecoregion,classification,linear,spatial,accuracy,0.43651060461997987,0.3927726214425767,0.48024858779738305,5,10.0,1024,8620,8620,0,climplicit,torchgeo_bench.coordbench.models.ClimplicitLocationEncoder
worldclim-bio1,bio1,regression,linear,random,r2,0.8982452931084077,0.895542104645822,0.9009484815709935,5,10.0,1024,18068,18068,0,climplicit,torchgeo_bench.coordbench.models.ClimplicitLocationEncoder
worldclim-bio1,bio1,regression,linear,spatial,r2,0.8015588112946801,0.7808550253462846,0.8222625972430756,5,10.0,1024,18068,18068,0,climplicit,torchgeo_bench.coordbench.models.ClimplicitLocationEncoder
worldclim-bio12,bio12,regression,linear,random,r2,0.9145300115780353,0.9111634679638806,0.9178965551921899,5,10.0,1024,18068,18068,0,climplicit,torchgeo_bench.coordbench.models.ClimplicitLocationEncoder
worldclim-bio12,bio12,regression,linear,spatial,r2,0.8580705003939728,0.8285240854293591,0.8876169153585866,5,10.0,1024,18068,18068,0,climplicit,torchgeo_bench.coordbench.models.ClimplicitLocationEncoder
soilgrids-soc,soc,regression,linear,random,r2,0.8014265895464456,0.7873462943563071,0.8155068847365842,5,10.0,1024,4884,4884,0,climplicit,torchgeo_bench.coordbench.models.ClimplicitLocationEncoder
soilgrids-soc,soc,regression,linear,spatial,r2,0.667875179242569,0.5933998021281243,0.7423505563570137,5,10.0,1024,4884,4884,0,climplicit,torchgeo_bench.coordbench.models.ClimplicitLocationEncoder
soilgrids-phh2o,phh2o,regression,linear,random,r2,0.8750601277311469,0.8683653761061804,0.8817548793561135,5,10.0,1024,4884,4884,0,climplicit,torchgeo_bench.coordbench.models.ClimplicitLocationEncoder
soilgrids-phh2o,phh2o,regression,linear,spatial,r2,0.768697425356774,0.7432741867536415,0.7941206639599064,5,10.0,1024,4884,4884,0,climplicit,torchgeo_bench.coordbench.models.ClimplicitLocationEncoder
dm-africa_crop_mask,africa_crop_mask,classification,knn5,random,accuracy,0.8877193921232877,0.8761143823616928,0.8993244018848825,5,10.0,1024,2556,2556,0,climplicit,torchgeo_bench.coordbench.models.ClimplicitLocationEncoder
dm-africa_crop_mask,africa_crop_mask,classification,linear,random,accuracy,0.8849788904190063,0.8764023461432093,0.8935554346948034,5,10.0,1024,2556,2556,0,climplicit,torchgeo_bench.coordbench.models.ClimplicitLocationEncoder
dm-africa_crop_mask,africa_crop_mask,classification,knn5,spatial,accuracy,0.9158348035145476,0.8438779664747269,0.9877916405543683,5,10.0,1024,2556,2556,0,climplicit,torchgeo_bench.coordbench.models.ClimplicitLocationEncoder
dm-africa_crop_mask,africa_crop_mask,classification,linear,spatial,accuracy,0.914412546157837,0.8374280241698001,0.9913970681458738,5,10.0,1024,2556,2556,0,climplicit,torchgeo_bench.coordbench.models.ClimplicitLocationEncoder
dm-aster_ged,aster_ged,regression,linear,random,r2,0.8158160590114786,0.8115022838707083,0.8201298341522488,5,10.0,1024,17636,17636,0,climplicit,torchgeo_bench.coordbench.models.ClimplicitLocationEncoder
dm-aster_ged,aster_ged,regression,linear,spatial,r2,0.6199208030164016,0.5667569110548383,0.673084694977965,5,10.0,1024,17636,17636,0,climplicit,torchgeo_bench.coordbench.models.ClimplicitLocationEncoder
dm-canada_crops_coarse,canada_crops_coarse,classification,knn5,random,accuracy,0.494621430174168,0.48420011766287124,0.5050427426854648,5,10.0,1024,16079,16079,0,climplicit,torchgeo_bench.coordbench.models.ClimplicitLocationEncoder
dm-canada_crops_coarse,canada_crops_coarse,classification,linear,random,accuracy,0.523043441772461,0.5144284038923318,0.5316584796525902,5,10.0,1024,16079,16079,0,climplicit,torchgeo_bench.coordbench.models.ClimplicitLocationEncoder
dm-canada_crops_coarse,canada_crops_coarse,classification,knn5,spatial,accuracy,0.35715403251060945,0.22276452161962962,0.4915435434015893,5,10.0,1024,16079,16079,0,climplicit,torchgeo_bench.coordbench.models.ClimplicitLocationEncoder
dm-canada_crops_coarse,canada_crops_coarse,classification,linear,spatial,accuracy,0.4575775623321533,0.32280688401588525,0.5923482406484213,5,10.0,1024,16079,16079,0,climplicit,torchgeo_bench.coordbench.models.ClimplicitLocationEncoder
dm-canada_crops_fine,canada_crops_fine,classification,knn5,random,accuracy,0.3183437981019457,0.3122662223500929,0.3244213738537985,5,10.0,1024,14566,14566,0,climplicit,torchgeo_bench.coordbench.models.ClimplicitLocationEncoder
dm-canada_crops_fine,canada_crops_fine,classification,linear,random,accuracy,0.3684604108333588,0.3636767556004953,0.3732440660662223,5,10.0,1024,14566,14566,0,climplicit,torchgeo_bench.coordbench.models.ClimplicitLocationEncoder
dm-canada_crops_fine,canada_crops_fine,classification,knn5,spatial,accuracy,0.1125319061549469,0.09331589286609958,0.13174791944379424,5,10.0,1024,14566,14566,0,climplicit,torchgeo_bench.coordbench.models.ClimplicitLocationEncoder
dm-canada_crops_fine,canada_crops_fine,classification,linear,spatial,accuracy,0.2839195877313614,0.2097322613180868,0.35810691414463597,5,10.0,1024,14566,14566,0,climplicit,torchgeo_bench.coordbench.models.ClimplicitLocationEncoder
dm-descals,descals,classification,knn5,random,accuracy,0.9460430886883191,0.9423814254793288,0.9497047518973094,5,10.0,1024,17477,17477,0,climplicit,torchgeo_bench.coordbench.models.ClimplicitLocationEncoder
dm-descals,descals,classification,linear,random,accuracy,0.9475306749343873,0.9423465729992226,0.9527147768695519,5,10.0,1024,17477,17477,0,climplicit,torchgeo_bench.coordbench.models.ClimplicitLocationEncoder
dm-descals,descals,classification,knn5,spatial,accuracy,0.9328027055381829,0.887736863364781,0.9778685477115848,5,10.0,1024,17477,17477,0,climplicit,torchgeo_bench.coordbench.models.ClimplicitLocationEncoder
dm-descals,descals,classification,linear,spatial,accuracy,0.9448046922683716,0.9110161236838734,0.9785932608528698,5,10.0,1024,17477,17477,0,climplicit,torchgeo_bench.coordbench.models.ClimplicitLocationEncoder
dm-ethiopia_crops,ethiopia_crops,classification,knn5,random,accuracy,0.9169960474308301,0.9070751775509794,0.9269169173106807,5,10.0,1024,2530,2530,0,climplicit,torchgeo_bench.coordbench.models.ClimplicitLocationEncoder
dm-ethiopia_crops,ethiopia_crops,classification,linear,random,accuracy,0.9213438987731933,0.9097931875170231,0.9328946100293636,5,10.0,1024,2530,2530,0,climplicit,torchgeo_bench.coordbench.models.ClimplicitLocationEncoder
dm-ethiopia_crops,ethiopia_crops,classification,knn5,spatial,accuracy,0.6728078531702222,0.4777107306282069,0.8679049757122375,5,10.0,1024,2530,2530,0,climplicit,torchgeo_bench.coordbench.models.ClimplicitLocationEncoder
dm-ethiopia_crops,ethiopia_crops,classification,linear,spatial,accuracy,0.8654392957687378,0.7884278653351309,0.9424507262023447,5,10.0,1024,2530,2530,0,climplicit,torchgeo_bench.coordbench.models.ClimplicitLocationEncoder
dm-glance,glance,classification,knn5,random,accuracy,0.5369643113085854,0.5318327657751004,0.5420958568420703,5,10.0,1024,34885,34885,0,climplicit,torchgeo_bench.coordbench.models.ClimplicitLocationEncoder
dm-glance,glance,classification,linear,random,accuracy,0.518761670589447,0.5154130604222809,0.5221102807566131,5,10.0,1024,34885,34885,0,climplicit,torchgeo_bench.coordbench.models.ClimplicitLocationEncoder
dm-glance,glance,classification,knn5,spatial,accuracy,0.38791963146396113,0.361783082028124,0.4140561808997983,5,10.0,1024,34885,34885,0,climplicit,torchgeo_bench.coordbench.models.ClimplicitLocationEncoder
dm-glance,glance,classification,linear,spatial,accuracy,0.4055158495903015,0.3809292965583134,0.4301024026222896,5,10.0,1024,34885,34885,0,climplicit,torchgeo_bench.coordbench.models.ClimplicitLocationEncoder
dm-lcmap_lc,lcmap_lc,classification,knn5,random,accuracy,0.644926442851754,0.6404367783270741,0.649416107376434,5,10.0,1024,26510,26510,0,climplicit,torchgeo_bench.coordbench.models.ClimplicitLocationEncoder
dm-lcmap_lc,lcmap_lc,classification,linear,random,accuracy,0.6685401797294617,0.6630574258827491,0.6740229335761743,5,10.0,1024,26510,26510,0,climplicit,torchgeo_bench.coordbench.models.ClimplicitLocationEncoder
dm-lcmap_lc,lcmap_lc,classification,knn5,spatial,accuracy,0.5716835330441243,0.488460850324272,0.6549062157639767,5,10.0,1024,26510,26510,0,climplicit,torchgeo_bench.coordbench.models.ClimplicitLocationEncoder
dm-lcmap_lc,lcmap_lc,classification,linear,spatial,accuracy,0.6300142884254456,0.5564897566740837,0.7035388201768075,5,10.0,1024,26510,26510,0,climplicit,torchgeo_bench.coordbench.models.ClimplicitLocationEncoder
dm-lcmap_lcc,lcmap_lcc,classification,knn5,random,accuracy,0.7060344827586207,0.6957798471953704,0.7162891183218709,5,10.0,1024,2320,2320,0,climplicit,torchgeo_bench.coordbench.models.ClimplicitLocationEncoder
dm-lcmap_lcc,lcmap_lcc,classification,linear,random,accuracy,0.7215517163276672,0.7111352954967799,0.7319681371585546,5,10.0,1024,2320,2320,0,climplicit,torchgeo_bench.coordbench.models.ClimplicitLocationEncoder
dm-lcmap_lcc,lcmap_lcc,classification,knn5,spatial,accuracy,0.6825644756140261,0.6373892506735152,0.7277397005545371,5,10.0,1024,2320,2320,0,climplicit,torchgeo_bench.coordbench.models.ClimplicitLocationEncoder
dm-lcmap_lcc,lcmap_lcc,classification,linear,spatial,accuracy,0.7107591032981873,0.6783453466595574,0.7431728599368171,5,10.0,1024,2320,2320,0,climplicit,torchgeo_bench.coordbench.models.ClimplicitLocationEncoder
dm-lcmap_lu,lcmap_lu,classification,knn5,random,accuracy,0.6456462762478382,0.6374988055571764,0.6537937469385,5,10.0,1024,26513,26513,0,climplicit,torchgeo_bench.coordbench.models.ClimplicitLocationEncoder
dm-lcmap_lu,lcmap_lu,classification,linear,random,accuracy,0.6651460409164429,0.655035512037982,0.6752565697949038,5,10.0,1024,26513,26513,0,climplicit,torchgeo_bench.coordbench.models.ClimplicitLocationEncoder
dm-lcmap_lu,lcmap_lu,classification,knn5,spatial,accuracy,0.5103993534901926,0.45949203912573094,0.5613066678546542,5,10.0,1024,26513,26513,0,climplicit,torchgeo_bench.coordbench.models.ClimplicitLocationEncoder
dm-lcmap_lu,lcmap_lu,classification,linear,spatial,accuracy,0.613728940486908,0.5631898821579844,0.6642679988158315,5,10.0,1024,26513,26513,0,climplicit,torchgeo_bench.coordbench.models.ClimplicitLocationEncoder
dm-lcmap_luc,lcmap_luc,classification,knn5,random,accuracy,0.6589360946144864,0.643898590040518,0.6739735991884549,5,10.0,1024,991,991,0,climplicit,torchgeo_bench.coordbench.models.ClimplicitLocationEncoder
dm-lcmap_luc,lcmap_luc,classification,linear,random,accuracy,0.6488807678222657,0.621150057320952,0.6766114783235794,5,10.0,1024,991,991,0,climplicit,torchgeo_bench.coordbench.models.ClimplicitLocationEncoder
dm-lcmap_luc,lcmap_luc,classification,knn5,spatial,accuracy,0.646284406573362,0.5862449374166244,0.7063238757300995,5,10.0,1024,991,991,0,climplicit,torchgeo_bench.coordbench.models.ClimplicitLocationEncoder
dm-lcmap_luc,lcmap_luc,classification,linear,spatial,accuracy,0.6575960516929626,0.6129840985009868,0.7022080048849385,5,10.0,1024,991,991,0,climplicit,torchgeo_bench.coordbench.models.ClimplicitLocationEncoder
dm-lucas_lc,lucas_lc,classification,knn5,random,accuracy,0.27313588929635585,0.2715182613951669,0.2747535171975448,5,10.0,1024,203569,203569,0,climplicit,torchgeo_bench.coordbench.models.ClimplicitLocationEncoder
dm-lucas_lc,lucas_lc,classification,linear,random,accuracy,0.3041966140270233,0.3020028704102378,0.3063903576438088,5,10.0,1024,203569,203569,0,climplicit,torchgeo_bench.coordbench.models.ClimplicitLocationEncoder
dm-lucas_lc,lucas_lc,classification,knn5,spatial,accuracy,0.1519645851930186,0.12296814921621152,0.18096102116982565,5,10.0,1024,203569,203569,0,climplicit,torchgeo_bench.coordbench.models.ClimplicitLocationEncoder
dm-lucas_lc,lucas_lc,classification,linear,spatial,accuracy,0.24006597995758056,0.22295823023515293,0.2571737296800082,5,10.0,1024,203569,203569,0,climplicit,torchgeo_bench.coordbench.models.ClimplicitLocationEncoder
dm-lucas_lu,lucas_lu,classification,knn5,random,accuracy,0.5925909536795191,0.591471296789298,0.5937106105697402,5,10.0,1024,226858,226858,0,climplicit,torchgeo_bench.coordbench.models.ClimplicitLocationEncoder
dm-lucas_lu,lucas_lu,classification,linear,random,accuracy,0.5927452325820923,0.5904624235845679,0.5950280415796168,5,10.0,1024,226858,226858,0,climplicit,torchgeo_bench.coordbench.models.ClimplicitLocationEncoder
dm-lucas_lu,lucas_lu,classification,knn5,spatial,accuracy,0.4432338627572552,0.35772123516955534,0.528746490344955,5,10.0,1024,226858,226858,0,climplicit,torchgeo_bench.coordbench.models.ClimplicitLocationEncoder
dm-lucas_lu,lucas_lu,classification,linear,spatial,accuracy,0.5441783308982849,0.5004373581858454,0.5879193036107244,5,10.0,1024,226858,226858,0,climplicit,torchgeo_bench.coordbench.models.ClimplicitLocationEncoder
dm-openet_ensemble,openet_ensemble,regression,linear,random,r2,0.1273714778577603,0.12157985013833568,0.1331631055771849,5,10.0,1024,35683,35683,0,climplicit,torchgeo_bench.coordbench.models.ClimplicitLocationEncoder
dm-openet_ensemble,openet_ensemble,regression,linear,spatial,r2,-0.09850571298926118,-0.18615997568824683,-0.010851450290275538,5,10.0,1024,35683,35683,0,climplicit,torchgeo_bench.coordbench.models.ClimplicitLocationEncoder
dm-us_trees,us_trees,classification,knn5,random,accuracy,0.15814644533063751,0.15721828763326715,0.15907460302800788,5,10.0,1024,45382,45382,0,climplicit,torchgeo_bench.coordbench.models.ClimplicitLocationEncoder
dm-us_trees,us_trees,classification,linear,random,accuracy,0.19075852632522583,0.1857345173755593,0.19578253527489237,5,10.0,1024,45382,45382,0,climplicit,torchgeo_bench.coordbench.models.ClimplicitLocationEncoder
dm-us_trees,us_trees,classification,knn5,spatial,accuracy,0.08551625835391044,0.0625463573028885,0.10848615940493238,5,10.0,1024,45382,45382,0,climplicit,torchgeo_bench.coordbench.models.ClimplicitLocationEncoder
dm-us_trees,us_trees,classification,linear,spatial,accuracy,0.11995419561862945,0.09545973011678288,0.14444866112047602,5,10.0,1024,45382,45382,0,climplicit,torchgeo_bench.coordbench.models.ClimplicitLocationEncoder
pdfm-conus27,Percent_Person_WithHighCholesterol,regression,linear,random,r2,0.27858564379760054,0.2682214749813665,0.28894981261383457,5,10.0,256,35157,34894,0,sinr,torchgeo_bench.coordbench.models.SINRLocationEncoder
pdfm-conus27,Percent_Person_WithPhysicalHealthNotGood,regression,linear,random,r2,0.47665555477773836,0.4699778653367333,0.4833332442187434,5,10.0,256,35157,34894,0,sinr,torchgeo_bench.coordbench.models.SINRLocationEncoder
pdfm-conus27,Percent_Person_WithStroke,regression,linear,random,r2,0.3022678459653883,0.2920918583479111,0.3124438335828655,5,10.0,256,35157,34894,0,sinr,torchgeo_bench.coordbench.models.SINRLocationEncoder
pdfm-conus27,Percent_Person_BingeDrinking,regression,linear,random,r2,0.45875658911954265,0.4529141410902989,0.46459903714878636,5,10.0,256,35157,34894,0,sinr,torchgeo_bench.coordbench.models.SINRLocationEncoder
pdfm-conus27,Percent_Person_PhysicalInactivity,regression,linear,random,r2,0.4892919376650232,0.48446422357047975,0.4941196517595667,5,10.0,256,35157,34894,0,sinr,torchgeo_bench.coordbench.models.SINRLocationEncoder
pdfm-conus27,Percent_Person_ReceivedAnnualCheckup,regression,linear,random,r2,0.7219650125407346,0.7174294566326713,0.726500568448798,5,10.0,256,35157,34894,0,sinr,torchgeo_bench.coordbench.models.SINRLocationEncoder
pdfm-conus27,Percent_Person_WithCancerExcludingSkinCancer,regression,linear,random,r2,0.2325037343238404,0.2243105563691774,0.24069691227850337,5,10.0,256,35157,34894,0,sinr,torchgeo_bench.coordbench.models.SINRLocationEncoder
pdfm-conus27,Percent_Person_WithDiabetes,regression,linear,random,r2,0.37465146036039115,0.3636925611834684,0.38561035953731393,5,10.0,256,35157,34894,0,sinr,torchgeo_bench.coordbench.models.SINRLocationEncoder
pdfm-conus27,Percent_Person_WithMentalHealthNotGood,regression,linear,random,r2,0.4302329999819289,0.4233053042844842,0.43716069567937355,5,10.0,256,35157,34894,0,sinr,torchgeo_bench.coordbench.models.SINRLocationEncoder
pdfm-conus27,Percent_Person_WithCoronaryHeartDisease,regression,linear,random,r2,0.3587624500735863,0.3547570332705294,0.36276786687664325,5,10.0,256,35157,34894,0,sinr,torchgeo_bench.coordbench.models.SINRLocationEncoder
pdfm-conus27,Percent_Person_WithHighBloodPressure,regression,linear,random,r2,0.45187917414038326,0.4444600852721968,0.4592982630085697,5,10.0,256,35157,34894,0,sinr,torchgeo_bench.coordbench.models.SINRLocationEncoder
pdfm-conus27,Percent_Person_ReceivedCholesterolScreening,regression,linear,random,r2,0.4209314585732211,0.4050034896401673,0.43685942750627493,5,10.0,256,35157,34894,0,sinr,torchgeo_bench.coordbench.models.SINRLocationEncoder
pdfm-conus27,Percent_Person_ReceivedDentalVisit,regression,linear,random,r2,0.4972830861327905,0.4878792512111949,0.5066869210543861,5,10.0,256,35157,34894,0,sinr,torchgeo_bench.coordbench.models.SINRLocationEncoder
pdfm-conus27,Percent_Person_WithAsthma,regression,linear,random,r2,0.48654625728788403,0.48037480608056965,0.4927177084951984,5,10.0,256,35157,34894,0,sinr,torchgeo_bench.coordbench.models.SINRLocationEncoder
pdfm-conus27,Percent_Person_WithChronicKidneyDisease,regression,linear,random,r2,0.25624690034168973,0.24658830324973238,0.2659054974336471,5,10.0,256,35157,34894,0,sinr,torchgeo_bench.coordbench.models.SINRLocationEncoder
pdfm-conus27,Percent_Person_WithArthritis,regression,linear,random,r2,0.406647223988316,0.398894863908364,0.414399584068268,5,10.0,256,35157,34894,0,sinr,torchgeo_bench.coordbench.models.SINRLocationEncoder
pdfm-conus27,Percent_Person_WithChronicObstructivePulmonaryDisease,regression,linear,random,r2,0.5000040072372695,0.49303958644209567,0.5069684280324432,5,10.0,256,35157,34894,0,sinr,torchgeo_bench.coordbench.models.SINRLocationEncoder
pdfm-conus27,Percent_Person_18OrMoreYears_WithHighBloodPressure_ReceivedTakingBloodPressureMedication,regression,linear,random,r2,0.21449708070446394,0.19815418881697558,0.2308399725919523,5,10.0,256,35157,34894,0,sinr,torchgeo_bench.coordbench.models.SINRLocationEncoder
pdfm-conus27,Percent_Person_Obesity,regression,linear,random,r2,0.5418217477833525,0.5302606626716135,0.5533828328950914,5,10.0,256,35157,34894,0,sinr,torchgeo_bench.coordbench.models.SINRLocationEncoder
pdfm-conus27,Percent_Person_SleepLessThan7Hours,regression,linear,random,r2,0.5298950845047903,0.5204515989762619,0.5393385700333186,5,10.0,256,35157,34894,0,sinr,torchgeo_bench.coordbench.models.SINRLocationEncoder
pdfm-conus27,Percent_Person_Smoking,regression,linear,random,r2,0.4942150478356904,0.48563851656606977,0.5027915791053111,5,10.0,256,35157,34894,0,sinr,torchgeo_bench.coordbench.models.SINRLocationEncoder
pdfm-conus27,Median_Income_Household,regression,linear,random,r2,0.3505028045052251,0.3416739233419878,0.35933168566846235,5,10.0,256,35157,34835,0,sinr,torchgeo_bench.coordbench.models.SINRLocationEncoder
pdfm-conus27,Median_HomeValue_HousingUnit_OccupiedHousingUnit_OwnerOccupied,regression,linear,random,r2,0.6276514838293341,0.6116819985197792,0.643620969138889,5,10.0,256,35157,34609,0,sinr,torchgeo_bench.coordbench.models.SINRLocationEncoder
pdfm-conus27,night_lights_log10,regression,linear,random,r2,0.4623904173316687,0.4561071247299968,0.46867370993334057,5,10.0,256,35157,35157,0,sinr,torchgeo_bench.coordbench.models.SINRLocationEncoder
pdfm-conus27,population_density_log10,regression,linear,random,r2,0.532586557870224,0.5256768532910786,0.5394962624493694,5,10.0,256,35157,35157,0,sinr,torchgeo_bench.coordbench.models.SINRLocationEncoder
pdfm-conus27,tree_cover,regression,linear,random,r2,0.7118398578429183,0.7055717973090541,0.7181079183767825,5,10.0,256,35157,35157,0,sinr,torchgeo_bench.coordbench.models.SINRLocationEncoder
pdfm-conus27,elevation,regression,linear,random,r2,0.9371966105786089,0.9332696262645228,0.941123594892695,5,10.0,256,35157,35157,0,sinr,torchgeo_bench.coordbench.models.SINRLocationEncoder
pdfm-conus27,Percent_Person_WithHighCholesterol,regression,linear,spatial,r2,-4.02118786040553,-8.197800250946504,0.15542453013544222,5,10.0,256,35157,34894,0,sinr,torchgeo_bench.coordbench.models.SINRLocationEncoder
pdfm-conus27,Percent_Person_WithPhysicalHealthNotGood,regression,linear,spatial,r2,-3.6660458016600956,-7.413645822848342,0.0815542195281509,5,10.0,256,35157,34894,0,sinr,torchgeo_bench.coordbench.models.SINRLocationEncoder
pdfm-conus27,Percent_Person_WithStroke,regression,linear,spatial,r2,-1.5185851967100181,-2.4357223783928297,-0.6014480150272066,5,10.0,256,35157,34894,0,sinr,torchgeo_bench.coordbench.models.SINRLocationEncoder
pdfm-conus27,Percent_Person_BingeDrinking,regression,linear,spatial,r2,-4.534689909509214,-6.851441859135285,-2.2179379598831432,5,10.0,256,35157,34894,0,sinr,torchgeo_bench.coordbench.models.SINRLocationEncoder
pdfm-conus27,Percent_Person_PhysicalInactivity,regression,linear,spatial,r2,-4.160948303662442,-8.552940170928693,0.23104356360380862,5,10.0,256,35157,34894,0,sinr,torchgeo_bench.coordbench.models.SINRLocationEncoder
pdfm-conus27,Percent_Person_ReceivedAnnualCheckup,regression,linear,spatial,r2,-2.5273856389418876,-4.030510371830934,-1.0242609060528411,5,10.0,256,35157,34894,0,sinr,torchgeo_bench.coordbench.models.SINRLocationEncoder
pdfm-conus27,Percent_Person_WithCancerExcludingSkinCancer,regression,linear,spatial,r2,-0.6720493782554013,-1.2937040164979006,-0.05039474001290212,5,10.0,256,35157,34894,0,sinr,torchgeo_bench.coordbench.models.SINRLocationEncoder
pdfm-conus27,Percent_Person_WithDiabetes,regression,linear,spatial,r2,-5.542283651994749,-12.419991279397323,1.3354239754078234,5,10.0,256,35157,34894,0,sinr,torchgeo_bench.coordbench.models.SINRLocationEncoder
pdfm-conus27,Percent_Person_WithMentalHealthNotGood,regression,linear,spatial,r2,-4.0174312328096455,-6.288731593205485,-1.746130872413806,5,10.0,256,35157,34894,0,sinr,torchgeo_bench.coordbench.models.SINRLocationEncoder
pdfm-conus27,Percent_Person_WithCoronaryHeartDisease,regression,linear,spatial,r2,-0.9828785958450006,-1.4708309483279944,-0.4949262433620068,5,10.0,256,35157,34894,0,sinr,torchgeo_bench.coordbench.models.SINRLocationEncoder
pdfm-conus27,Percent_Person_WithHighBloodPressure,regression,linear,spatial,r2,-2.723941876526503,-4.155286242925933,-1.2925975101270726,5,10.0,256,35157,34894,0,sinr,torchgeo_bench.coordbench.models.SINRLocationEncoder
pdfm-conus27,Percent_Person_ReceivedCholesterolScreening,regression,linear,spatial,r2,-1.5373086289791877,-2.9413383623394522,-0.13327889561892325,5,10.0,256,35157,34894,0,sinr,torchgeo_bench.coordbench.models.SINRLocationEncoder
pdfm-conus27,Percent_Person_ReceivedDentalVisit,regression,linear,spatial,r2,-8.603174573795254,-15.484252628294197,-1.7220965192963122,5,10.0,256,35157,34894,0,sinr,torchgeo_bench.coordbench.models.SINRLocationEncoder
pdfm-conus27,Percent_Person_WithAsthma,regression,linear,spatial,r2,-6.162830920820641,-13.651587190140297,1.325925348499016,5,10.0,256,35157,34894,0,sinr,torchgeo_bench.coordbench.models.SINRLocationEncoder
pdfm-conus27,Percent_Person_WithChronicKidneyDisease,regression,linear,spatial,r2,-2.6396146585421905,-4.8387348429774715,-0.440494474106909,5,10.0,256,35157,34894,0,sinr,torchgeo_bench.coordbench.models.SINRLocationEncoder
pdfm-conus27,Percent_Person_WithArthritis,regression,linear,spatial,r2,-1.423533954338719,-1.8523695069797093,-0.994698401697729,5,10.0,256,35157,34894,0,sinr,torchgeo_bench.coordbench.models.SINRLocationEncoder
pdfm-conus27,Percent_Person_WithChronicObstructivePulmonaryDisease,regression,linear,spatial,r2,-1.0832607051546672,-1.9150128954861223,-0.2515085148232121,5,10.0,256,35157,34894,0,sinr,torchgeo_bench.coordbench.models.SINRLocationEncoder
pdfm-conus27,Percent_Person_18OrMoreYears_WithHighBloodPressure_ReceivedTakingBloodPressureMedication,regression,linear,spatial,r2,-2.384291096575004,-4.227998460107136,-0.5405837330428722,5,10.0,256,35157,34894,0,sinr,torchgeo_bench.coordbench.models.SINRLocationEncoder
pdfm-conus27,Percent_Person_Obesity,regression,linear,spatial,r2,-6.9063158164768055,-12.530325451365147,-1.2823061815884627,5,10.0,256,35157,34894,0,sinr,torchgeo_bench.coordbench.models.SINRLocationEncoder
pdfm-conus27,Percent_Person_SleepLessThan7Hours,regression,linear,spatial,r2,-4.811994942843697,-11.523160005357107,1.899170119669714,5,10.0,256,35157,34894,0,sinr,torchgeo_bench.coordbench.models.SINRLocationEncoder
pdfm-conus27,Percent_Person_Smoking,regression,linear,spatial,r2,-1.7018964000653205,-2.9710984492265284,-0.43269435090411257,5,10.0,256,35157,34894,0,sinr,torchgeo_bench.coordbench.models.SINRLocationEncoder
pdfm-conus27,Median_Income_Household,regression,linear,spatial,r2,-2.5191451161621794,-4.9490371020555965,-0.08925313026876225,5,10.0,256,35157,34835,0,sinr,torchgeo_bench.coordbench.models.SINRLocationEncoder
pdfm-conus27,Median_HomeValue_HousingUnit_OccupiedHousingUnit_OwnerOccupied,regression,linear,spatial,r2,-1.627147175879714,-2.571313782333959,-0.682980569425469,5,10.0,256,35157,34609,0,sinr,torchgeo_bench.coordbench.models.SINRLocationEncoder
pdfm-conus27,night_lights_log10,regression,linear,spatial,r2,-0.9687437975719992,-1.4829641420469755,-0.4545234530970229,5,10.0,256,35157,35157,0,sinr,torchgeo_bench.coordbench.models.SINRLocationEncoder
pdfm-conus27,population_density_log10,regression,linear,spatial,r2,-1.5644549358345432,-2.779812529483798,-0.3490973421852883,5,10.0,256,35157,35157,0,sinr,torchgeo_bench.coordbench.models.SINRLocationEncoder
pdfm-conus27,tree_cover,regression,linear,spatial,r2,-0.3898911608883961,-1.316126423780803,0.536344102004011,5,10.0,256,35157,35157,0,sinr,torchgeo_bench.coordbench.models.SINRLocationEncoder
pdfm-conus27,elevation,regression,linear,spatial,r2,-0.7826626211446744,-1.6096902986507464,0.04436505636139765,5,10.0,256,35157,35157,0,sinr,torchgeo_bench.coordbench.models.SINRLocationEncoder
satclip-air-temp,air_temperature,regression,linear,random,r2,0.9511059351354982,0.946711789289693,0.9555000809813035,5,10.0,256,3076,3076,0,sinr,torchgeo_bench.coordbench.models.SINRLocationEncoder
satclip-air-temp,air_temperature,regression,linear,spatial,r2,0.9215542815259365,0.9019966078877805,0.9411119551640926,5,10.0,256,3076,3076,0,sinr,torchgeo_bench.coordbench.models.SINRLocationEncoder
california-housing,median_house_value,regression,linear,random,r2,0.4903336899506652,0.48420041113266826,0.4964669687686621,5,10.0,256,20640,20640,0,sinr,torchgeo_bench.coordbench.models.SINRLocationEncoder
california-housing,median_house_value,regression,linear,spatial,r2,-571.4487748493806,-1356.2591543130216,213.36160461426027,5,10.0,256,20640,20640,0,sinr,torchgeo_bench.coordbench.models.SINRLocationEncoder
satclip-country,country,classification,knn5,random,accuracy,0.9612137200388753,0.9594669761125781,0.9629604639651724,5,10.0,256,33053,33053,0,sinr,torchgeo_bench.coordbench.models.SINRLocationEncoder
satclip-country,country,classification,linear,random,accuracy,0.8973767399787903,0.8908600154995245,0.9038934644580561,5,10.0,256,33053,33053,0,sinr,torchgeo_bench.coordbench.models.SINRLocationEncoder
satclip-country,country,classification,knn5,spatial,accuracy,0.8561458484598801,0.8203793046373159,0.8919123922824442,5,10.0,256,33053,33053,0,sinr,torchgeo_bench.coordbench.models.SINRLocationEncoder
satclip-country,country,classification,linear,spatial,accuracy,0.8043447136878967,0.7572841418815606,0.8514052854942329,5,10.0,256,33053,33053,0,sinr,torchgeo_bench.coordbench.models.SINRLocationEncoder
satclip-ecoregion,ecoregion_class_index,classification,knn5,random,accuracy,0.8426122317500809,0.8390714499119787,0.8461530135881832,5,10.0,256,32798,32798,0,sinr,torchgeo_bench.coordbench.models.SINRLocationEncoder
satclip-ecoregion,ecoregion_class_index,classification,linear,random,accuracy,0.6946762442588806,0.6882315680824642,0.7011209204352971,5,10.0,256,32798,32798,0,sinr,torchgeo_bench.coordbench.models.SINRLocationEncoder
satclip-ecoregion,ecoregion_class_index,classification,knn5,spatial,accuracy,0.6389834704587429,0.6157256373771458,0.66224130354034,5,10.0,256,32798,32798,0,sinr,torchgeo_bench.coordbench.models.SINRLocationEncoder
satclip-ecoregion,ecoregion_class_index,classification,linear,spatial,accuracy,0.551417875289917,0.5211468843356073,0.5816888662442268,5,10.0,256,32798,32798,0,sinr,torchgeo_bench.coordbench.models.SINRLocationEncoder
satclip-biome,biome_class_index,classification,knn5,random,accuracy,0.9224036512853313,0.9196384082872137,0.925168894283449,5,10.0,256,32798,32798,0,sinr,torchgeo_bench.coordbench.models.SINRLocationEncoder
satclip-biome,biome_class_index,classification,linear,random,accuracy,0.8676137804985047,0.8660433907512084,0.869184170245801,5,10.0,256,32798,32798,0,sinr,torchgeo_bench.coordbench.models.SINRLocationEncoder
satclip-biome,biome_class_index,classification,knn5,spatial,accuracy,0.8307006916374299,0.8210947158938189,0.8403066673810409,5,10.0,256,32798,32798,0,sinr,torchgeo_bench.coordbench.models.SINRLocationEncoder
satclip-biome,biome_class_index,classification,linear,spatial,accuracy,0.8242179989814759,0.815493232471329,0.8329427654916227,5,10.0,256,32798,32798,0,sinr,torchgeo_bench.coordbench.models.SINRLocationEncoder
satclip-population,log_population,regression,linear,random,r2,0.728732768047242,0.7245710641971566,0.7328944718973274,5,10.0,256,74512,74512,0,sinr,torchgeo_bench.coordbench.models.SINRLocationEncoder
satclip-population,log_population,regression,linear,spatial,r2,0.6341083058809727,0.54638657110504,0.7218300406569054,5,10.0,256,74512,74512,0,sinr,torchgeo_bench.coordbench.models.SINRLocationEncoder
satclip-elevation,elevation,regression,linear,random,r2,0.683636269370463,0.6741526928560798,0.6931198458848461,5,10.0,256,100000,99995,0,sinr,torchgeo_bench.coordbench.models.SINRLocationEncoder
satclip-elevation,elevation,regression,linear,spatial,r2,0.516448803903517,0.4212105130895189,0.611687094717515,5,10.0,256,100000,99995,0,sinr,torchgeo_bench.coordbench.models.SINRLocationEncoder
sustainbench-asset,asset_index,regression,linear,official,r2,0.4853899288932134,0.4853899288932134,0.4853899288932134,1,10.0,256,86936,86936,0,sinr,torchgeo_bench.coordbench.models.SINRLocationEncoder
sustainbench-water,water_index,regression,linear,official,r2,0.32838730369464286,0.32838730369464286,0.32838730369464286,1,10.0,256,87938,87938,0,sinr,torchgeo_bench.coordbench.models.SINRLocationEncoder
sustainbench-sanitation,sanitation_index,regression,linear,official,r2,0.43069879047391824,0.43069879047391824,0.43069879047391824,1,10.0,256,89271,89271,0,sinr,torchgeo_bench.coordbench.models.SINRLocationEncoder
sustainbench-child_mortality,under5_mort,regression,linear,official,r2,0.2509533014377223,0.2509533014377223,0.2509533014377223,1,10.0,256,105582,105582,0,sinr,torchgeo_bench.coordbench.models.SINRLocationEncoder
sustainbench-women_edu,women_edu,regression,linear,official,r2,0.5014307032481045,0.5014307032481045,0.5014307032481045,1,10.0,256,117062,117062,0,sinr,torchgeo_bench.coordbench.models.SINRLocationEncoder
sustainbench-women_bmi,women_bmi,regression,linear,official,r2,0.6452000760299652,0.6452000760299652,0.6452000760299652,1,10.0,256,94866,94866,0,sinr,torchgeo_bench.coordbench.models.SINRLocationEncoder
bt-cropharvest,crop_type,classification,knn5,random,accuracy,0.5588888888888889,0.5395918284078239,0.5781859493699538,5,10.0,256,3600,3600,0,sinr,torchgeo_bench.coordbench.models.SINRLocationEncoder
bt-cropharvest,crop_type,classification,linear,random,accuracy,0.4758333504199982,0.4562781060587778,0.4953885947812186,5,10.0,256,3600,3600,0,sinr,torchgeo_bench.coordbench.models.SINRLocationEncoder
bt-cropharvest,crop_type,classification,knn5,spatial,accuracy,0.13354664837638072,-0.019846805298494447,0.28694010205125586,5,10.0,256,3600,3600,0,sinr,torchgeo_bench.coordbench.models.SINRLocationEncoder
bt-cropharvest,crop_type,classification,linear,spatial,accuracy,0.23671929333359004,0.03684630356598134,0.43659228310119874,5,10.0,256,3600,3600,0,sinr,torchgeo_bench.coordbench.models.SINRLocationEncoder
bt-biomass,biomass,regression,linear,random,r2,0.4053840376164993,0.38156173647549474,0.4292063387575039,5,10.0,256,18393,18393,0,sinr,torchgeo_bench.coordbench.models.SINRLocationEncoder
bt-biomass,biomass,regression,linear,spatial,r2,0.19200281479643608,0.09051434271975296,0.2934912868731192,5,10.0,256,18393,18393,0,sinr,torchgeo_bench.coordbench.models.SINRLocationEncoder
bt-landcover,water,regression,linear,random,r2,0.019019051245918694,0.0043333481163121915,0.0337047543755252,5,10.0,256,10000,10000,0,sinr,torchgeo_bench.coordbench.models.SINRLocationEncoder
bt-landcover,trees,regression,linear,random,r2,0.5107400631312251,0.4934738754961177,0.5280062507663326,5,10.0,256,10000,10000,0,sinr,torchgeo_bench.coordbench.models.SINRLocationEncoder
bt-landcover,grass,regression,linear,random,r2,0.21596830275585593,0.16732867899008724,0.2646079265216246,5,10.0,256,10000,10000,0,sinr,torchgeo_bench.coordbench.models.SINRLocationEncoder
bt-landcover,flooded_vegetation,regression,linear,random,r2,0.07852191201853782,0.055723307290129434,0.10132051674694621,5,10.0,256,10000,10000,0,sinr,torchgeo_bench.coordbench.models.SINRLocationEncoder
bt-landcover,crops,regression,linear,random,r2,0.3016594017913617,0.2742199551660776,0.3290988484166458,5,10.0,256,10000,10000,0,sinr,torchgeo_bench.coordbench.models.SINRLocationEncoder
bt-landcover,shrub_and_scrub,regression,linear,random,r2,0.4633338213510452,0.44192766660319194,0.4847399760988985,5,10.0,256,10000,10000,0,sinr,torchgeo_bench.coordbench.models.SINRLocationEncoder
bt-landcover,built,regression,linear,random,r2,0.05230303461945955,0.031040634919654624,0.07356543431926447,5,10.0,256,10000,10000,0,sinr,torchgeo_bench.coordbench.models.SINRLocationEncoder
bt-landcover,bare,regression,linear,random,r2,0.8261151383386928,0.8151026724452509,0.8371276042321346,5,10.0,256,10000,10000,0,sinr,torchgeo_bench.coordbench.models.SINRLocationEncoder
bt-landcover,snow_and_ice,regression,linear,random,r2,0.8796272079053159,0.8737888920775431,0.8854655237330887,5,10.0,256,10000,10000,0,sinr,torchgeo_bench.coordbench.models.SINRLocationEncoder
bt-landcover,water,regression,linear,spatial,r2,-0.014396100522343214,-0.03987348250858037,0.01108128146389394,5,10.0,256,10000,10000,0,sinr,torchgeo_bench.coordbench.models.SINRLocationEncoder
bt-landcover,trees,regression,linear,spatial,r2,0.43207495906030047,0.41380730686888606,0.4503426112517149,5,10.0,256,10000,10000,0,sinr,torchgeo_bench.coordbench.models.SINRLocationEncoder
bt-landcover,grass,regression,linear,spatial,r2,0.1131397505905661,0.048106585223594706,0.17817291595753748,5,10.0,256,10000,10000,0,sinr,torchgeo_bench.coordbench.models.SINRLocationEncoder
bt-landcover,flooded_vegetation,regression,linear,spatial,r2,0.03238071567238445,0.0016617002756403841,0.06309973106912851,5,10.0,256,10000,10000,0,sinr,torchgeo_bench.coordbench.models.SINRLocationEncoder
bt-landcover,crops,regression,linear,spatial,r2,0.1932425204022502,0.1260994047749195,0.2603856360295809,5,10.0,256,10000,10000,0,sinr,torchgeo_bench.coordbench.models.SINRLocationEncoder
bt-landcover,shrub_and_scrub,regression,linear,spatial,r2,0.3467242289454652,0.30020103485998095,0.3932474230309494,5,10.0,256,10000,10000,0,sinr,torchgeo_bench.coordbench.models.SINRLocationEncoder
bt-landcover,built,regression,linear,spatial,r2,-0.011224621408387713,-0.04029588437053063,0.017846641553755205,5,10.0,256,10000,10000,0,sinr,torchgeo_bench.coordbench.models.SINRLocationEncoder
bt-landcover,bare,regression,linear,spatial,r2,0.7619860667908511,0.7100624659115116,0.8139096676701907,5,10.0,256,10000,10000,0,sinr,torchgeo_bench.coordbench.models.SINRLocationEncoder
bt-landcover,snow_and_ice,regression,linear,spatial,r2,0.8430271781258523,0.8045610466119578,0.8814933096397467,5,10.0,256,10000,10000,0,sinr,torchgeo_bench.coordbench.models.SINRLocationEncoder
bt-bioclim,bioclim_01,regression,linear,random,r2,0.9651825618232917,0.963084210761295,0.9672809128852883,5,10.0,256,9681,9681,0,sinr,torchgeo_bench.coordbench.models.SINRLocationEncoder
bt-bioclim,bioclim_02,regression,linear,random,r2,0.8295051087710732,0.8212370802522221,0.8377731372899243,5,10.0,256,9681,9681,0,sinr,torchgeo_bench.coordbench.models.SINRLocationEncoder
bt-bioclim,bioclim_03,regression,linear,random,r2,0.9697976319747914,0.968304866123189,0.9712903978263938,5,10.0,256,9681,9681,0,sinr,torchgeo_bench.coordbench.models.SINRLocationEncoder
bt-bioclim,bioclim_04,regression,linear,random,r2,0.9765055005078717,0.9753114063218175,0.9776995946939259,5,10.0,256,9681,9681,0,sinr,torchgeo_bench.coordbench.models.SINRLocationEncoder
bt-bioclim,bioclim_05,regression,linear,random,r2,0.9016261417863115,0.8974592532757477,0.9057930302968753,5,10.0,256,9681,9681,0,sinr,torchgeo_bench.coordbench.models.SINRLocationEncoder
bt-bioclim,bioclim_06,regression,linear,random,r2,0.9743932353875125,0.9726661212569943,0.9761203495180308,5,10.0,256,9681,9681,0,sinr,torchgeo_bench.coordbench.models.SINRLocationEncoder
bt-bioclim,bioclim_07,regression,linear,random,r2,0.9554902890841099,0.95316171473776,0.9578188634304599,5,10.0,256,9681,9681,0,sinr,torchgeo_bench.coordbench.models.SINRLocationEncoder
bt-bioclim,bioclim_08,regression,linear,random,r2,0.8437613487539757,0.8364310120912418,0.8510916854167095,5,10.0,256,9681,9681,0,sinr,torchgeo_bench.coordbench.models.SINRLocationEncoder
bt-bioclim,bioclim_09,regression,linear,random,r2,0.9513911335935564,0.9487159557379112,0.9540663114492016,5,10.0,256,9681,9681,0,sinr,torchgeo_bench.coordbench.models.SINRLocationEncoder
bt-bioclim,bioclim_10,regression,linear,random,r2,0.9069561988898049,0.9024747711323975,0.9114376266472124,5,10.0,256,9681,9681,0,sinr,torchgeo_bench.coordbench.models.SINRLocationEncoder
bt-bioclim,bioclim_11,regression,linear,random,r2,0.9791322596166525,0.97783374961238,0.980430769620925,5,10.0,256,9681,9681,0,sinr,torchgeo_bench.coordbench.models.SINRLocationEncoder
bt-bioclim,bioclim_12,regression,linear,random,r2,0.8324671075233099,0.8198956057075646,0.8450386093390552,5,10.0,256,9681,9681,0,sinr,torchgeo_bench.coordbench.models.SINRLocationEncoder
bt-bioclim,bioclim_13,regression,linear,random,r2,0.7531819360544969,0.7296903766921136,0.7766734954168802,5,10.0,256,9681,9681,0,sinr,torchgeo_bench.coordbench.models.SINRLocationEncoder
bt-bioclim,bioclim_14,regression,linear,random,r2,0.7084420749678385,0.7000919608891772,0.7167921890464998,5,10.0,256,9681,9681,0,sinr,torchgeo_bench.coordbench.models.SINRLocationEncoder
bt-bioclim,bioclim_15,regression,linear,random,r2,0.7852855216297506,0.7794784406296776,0.7910926026298236,5,10.0,256,9681,9681,0,sinr,torchgeo_bench.coordbench.models.SINRLocationEncoder
bt-bioclim,bioclim_16,regression,linear,random,r2,0.7743558664999997,0.7569681543606325,0.7917435786393668,5,10.0,256,9681,9681,0,sinr,torchgeo_bench.coordbench.models.SINRLocationEncoder
bt-bioclim,bioclim_17,regression,linear,random,r2,0.7273361449134581,0.7223613191157909,0.7323109707111253,5,10.0,256,9681,9681,0,sinr,torchgeo_bench.coordbench.models.SINRLocationEncoder
bt-bioclim,bioclim_18,regression,linear,random,r2,0.7677926015946445,0.7415257794250374,0.7940594237642515,5,10.0,256,9681,9681,0,sinr,torchgeo_bench.coordbench.models.SINRLocationEncoder
bt-bioclim,bioclim_19,regression,linear,random,r2,0.6440269897760719,0.6147448476068565,0.6733091319452872,5,10.0,256,9681,9681,0,sinr,torchgeo_bench.coordbench.models.SINRLocationEncoder
bt-bioclim,bioclim_01,regression,linear,spatial,r2,0.9460934123642168,0.9331153427336345,0.9590714819947992,5,10.0,256,9681,9681,0,sinr,torchgeo_bench.coordbench.models.SINRLocationEncoder
bt-bioclim,bioclim_02,regression,linear,spatial,r2,0.7177325414229859,0.6823624916099363,0.7531025912360355,5,10.0,256,9681,9681,0,sinr,torchgeo_bench.coordbench.models.SINRLocationEncoder
bt-bioclim,bioclim_03,regression,linear,spatial,r2,0.9344296249242682,0.9137469735449935,0.9551122763035429,5,10.0,256,9681,9681,0,sinr,torchgeo_bench.coordbench.models.SINRLocationEncoder
bt-bioclim,bioclim_04,regression,linear,spatial,r2,0.9541151562607932,0.9419196736618107,0.9663106388597758,5,10.0,256,9681,9681,0,sinr,torchgeo_bench.coordbench.models.SINRLocationEncoder
bt-bioclim,bioclim_05,regression,linear,spatial,r2,0.8461175219687288,0.828048272880907,0.8641867710565506,5,10.0,256,9681,9681,0,sinr,torchgeo_bench.coordbench.models.SINRLocationEncoder
bt-bioclim,bioclim_06,regression,linear,spatial,r2,0.9568586900266343,0.9499123719752126,0.9638050080780559,5,10.0,256,9681,9681,0,sinr,torchgeo_bench.coordbench.models.SINRLocationEncoder
bt-bioclim,bioclim_07,regression,linear,spatial,r2,0.9151044147410481,0.9025488204426398,0.9276600090394563,5,10.0,256,9681,9681,0,sinr,torchgeo_bench.coordbench.models.SINRLocationEncoder
bt-bioclim,bioclim_08,regression,linear,spatial,r2,0.745472246015602,0.6980619095300894,0.7928825825011147,5,10.0,256,9681,9681,0,sinr,torchgeo_bench.coordbench.models.SINRLocationEncoder
bt-bioclim,bioclim_09,regression,linear,spatial,r2,0.924042210735539,0.908423086912862,0.9396613345582161,5,10.0,256,9681,9681,0,sinr,torchgeo_bench.coordbench.models.SINRLocationEncoder
bt-bioclim,bioclim_10,regression,linear,spatial,r2,0.85880008673158,0.833908036463201,0.8836921369999591,5,10.0,256,9681,9681,0,sinr,torchgeo_bench.coordbench.models.SINRLocationEncoder
bt-bioclim,bioclim_11,regression,linear,spatial,r2,0.9645739941564914,0.9575957734742151,0.9715522148387676,5,10.0,256,9681,9681,0,sinr,torchgeo_bench.coordbench.models.SINRLocationEncoder
bt-bioclim,bioclim_12,regression,linear,spatial,r2,0.7291749749175352,0.6685676723975407,0.7897822774375298,5,10.0,256,9681,9681,0,sinr,torchgeo_bench.coordbench.models.SINRLocationEncoder
bt-bioclim,bioclim_13,regression,linear,spatial,r2,0.6689668540622762,0.5821397662926008,0.7557939418319516,5,10.0,256,9681,9681,0,sinr,torchgeo_bench.coordbench.models.SINRLocationEncoder
bt-bioclim,bioclim_14,regression,linear,spatial,r2,0.4972316208387947,0.4248635493669689,0.5695996923106205,5,10.0,256,9681,9681,0,sinr,torchgeo_bench.coordbench.models.SINRLocationEncoder
bt-bioclim,bioclim_15,regression,linear,spatial,r2,0.6188941335536358,0.5569251156046016,0.68086315150267,5,10.0,256,9681,9681,0,sinr,torchgeo_bench.coordbench.models.SINRLocationEncoder
bt-bioclim,bioclim_16,regression,linear,spatial,r2,0.6836254961653003,0.6133409087666579,0.7539100835639427,5,10.0,256,9681,9681,0,sinr,torchgeo_bench.coordbench.models.SINRLocationEncoder
bt-bioclim,bioclim_17,regression,linear,spatial,r2,0.5222312790019767,0.45647206457471556,0.5879904934292379,5,10.0,256,9681,9681,0,sinr,torchgeo_bench.coordbench.models.SINRLocationEncoder
bt-bioclim,bioclim_18,regression,linear,spatial,r2,0.6245099802770488,0.5858887380565593,0.6631312224975384,5,10.0,256,9681,9681,0,sinr,torchgeo_bench.coordbench.models.SINRLocationEncoder
bt-bioclim,bioclim_19,regression,linear,spatial,r2,0.4251881543254973,0.2860304875886856,0.5643458210623089,5,10.0,256,9681,9681,0,sinr,torchgeo_bench.coordbench.models.SINRLocationEncoder
bt-population,pop_density,regression,linear,random,r2,0.08522286164989316,0.057566583691394224,0.1128791396083921,5,10.0,256,9681,9681,0,sinr,torchgeo_bench.coordbench.models.SINRLocationEncoder
bt-population,pop_density,regression,linear,spatial,r2,0.05661034566758625,0.024672075977937594,0.0885486153572349,5,10.0,256,9681,9681,0,sinr,torchgeo_bench.coordbench.models.SINRLocationEncoder
bt-distroad,maxdist_road,regression,linear,random,r2,0.586712827058321,0.5793847664023302,0.5940408877143117,5,10.0,256,9681,9681,0,sinr,torchgeo_bench.coordbench.models.SINRLocationEncoder
bt-distroad,maxdist_road,regression,linear,spatial,r2,0.5105582904840503,0.45932095735170975,0.5617956236163909,5,10.0,256,9681,9681,0,sinr,torchgeo_bench.coordbench.models.SINRLocationEncoder
places-phys_health,phlth_crudeprev,regression,linear,random,r2,0.4850869169303184,0.4779045565106247,0.49226927735001214,5,10.0,256,31435,31435,0,sinr,torchgeo_bench.coordbench.models.SINRLocationEncoder
places-phys_health,phlth_crudeprev,regression,linear,spatial,r2,-1.1273516221601767,-1.8565981041661483,-0.39810514015420506,5,10.0,256,31435,31435,0,sinr,torchgeo_bench.coordbench.models.SINRLocationEncoder
places-diabetes,diabetes_crudeprev,regression,linear,random,r2,0.36915585754118324,0.361720145594879,0.3765915694874875,5,10.0,256,31435,31435,0,sinr,torchgeo_bench.coordbench.models.SINRLocationEncoder
places-diabetes,diabetes_crudeprev,regression,linear,spatial,r2,-1.5813238895178607,-2.8288744756964883,-0.3337733033392334,5,10.0,256,31435,31435,0,sinr,torchgeo_bench.coordbench.models.SINRLocationEncoder
places-copd,copd_crudeprev,regression,linear,random,r2,0.5046739030286632,0.49173368095702935,0.5176141251002971,5,10.0,256,31435,31435,0,sinr,torchgeo_bench.coordbench.models.SINRLocationEncoder
places-copd,copd_crudeprev,regression,linear,spatial,r2,-1.047052293581325,-1.4456733971488447,-0.6484311900138051,5,10.0,256,31435,31435,0,sinr,torchgeo_bench.coordbench.models.SINRLocationEncoder
places-cancer,cancer_crudeprev,regression,linear,random,r2,0.23465019159623185,0.2205332698086023,0.2487671133838614,5,10.0,256,31435,31435,0,sinr,torchgeo_bench.coordbench.models.SINRLocationEncoder
places-cancer,cancer_crudeprev,regression,linear,spatial,r2,-1.2213672472587735,-2.7045790029080283,0.261844508390481,5,10.0,256,31435,31435,0,sinr,torchgeo_bench.coordbench.models.SINRLocationEncoder
places-chd,chd_crudeprev,regression,linear,random,r2,0.35536301426576233,0.3381285509449062,0.3725974775866185,5,10.0,256,31435,31435,0,sinr,torchgeo_bench.coordbench.models.SINRLocationEncoder
places-chd,chd_crudeprev,regression,linear,spatial,r2,-1.2490182992507628,-1.829118246621782,-0.6689183518797437,5,10.0,256,31435,31435,0,sinr,torchgeo_bench.coordbench.models.SINRLocationEncoder
places-mental_health,mhlth_crudeprev,regression,linear,random,r2,0.43217893740021884,0.4183834906706172,0.4459743841298205,5,10.0,256,31435,31435,0,sinr,torchgeo_bench.coordbench.models.SINRLocationEncoder
places-mental_health,mhlth_crudeprev,regression,linear,spatial,r2,-1.4645222803784517,-2.582442262523242,-0.3466022982336612,5,10.0,256,31435,31435,0,sinr,torchgeo_bench.coordbench.models.SINRLocationEncoder
places-checkup,checkup_crudeprev,regression,linear,random,r2,0.7331162220917786,0.7296719152289469,0.7365605289546103,5,10.0,256,31435,31435,0,sinr,torchgeo_bench.coordbench.models.SINRLocationEncoder
places-checkup,checkup_crudeprev,regression,linear,spatial,r2,-2.1781919750764644,-5.104021815356688,0.7476378652037594,5,10.0,256,31435,31435,0,sinr,torchgeo_bench.coordbench.models.SINRLocationEncoder
places-sleep_lt7,sleep_crudeprev,regression,linear,random,r2,0.5181023311758544,0.5076287238262039,0.5285759385255048,5,10.0,256,32409,32409,0,sinr,torchgeo_bench.coordbench.models.SINRLocationEncoder
places-sleep_lt7,sleep_crudeprev,regression,linear,spatial,r2,-2.270664942316105,-3.9311022995900213,-0.6102275850421892,5,10.0,256,32409,32409,0,sinr,torchgeo_bench.coordbench.models.SINRLocationEncoder
places-asthma,casthma_crudeprev,regression,linear,random,r2,0.46173324331560284,0.4568605727344801,0.46660591389672557,5,10.0,256,31435,31435,0,sinr,torchgeo_bench.coordbench.models.SINRLocationEncoder
places-asthma,casthma_crudeprev,regression,linear,spatial,r2,-1.6073181815540571,-2.3017698722379665,-0.9128664908701479,5,10.0,256,31435,31435,0,sinr,torchgeo_bench.coordbench.models.SINRLocationEncoder
places-obesity,obesity_crudeprev,regression,linear,random,r2,0.5391852541694548,0.5334324788772921,0.5449380294616176,5,10.0,256,31435,31435,0,sinr,torchgeo_bench.coordbench.models.SINRLocationEncoder
places-obesity,obesity_crudeprev,regression,linear,spatial,r2,-0.508777744311056,-0.9816112345047531,-0.03594425411735902,5,10.0,256,31435,31435,0,sinr,torchgeo_bench.coordbench.models.SINRLocationEncoder
places-smoking,csmoking_crudeprev,regression,linear,random,r2,0.519305029538114,0.5147141311485567,0.5238959279276713,5,10.0,256,31435,31435,0,sinr,torchgeo_bench.coordbench.models.SINRLocationEncoder
places-smoking,csmoking_crudeprev,regression,linear,spatial,r2,-1.0554914976641079,-1.61163452115325,-0.49934847417496586,5,10.0,256,31435,31435,0,sinr,torchgeo_bench.coordbench.models.SINRLocationEncoder
places-high_chol,highchol_crudeprev,regression,linear,random,r2,0.268086232405803,0.25653919224744526,0.2796332725641607,5,10.0,256,31435,31435,0,sinr,torchgeo_bench.coordbench.models.SINRLocationEncoder
places-high_chol,highchol_crudeprev,regression,linear,spatial,r2,-1.7964549161759493,-2.684745342666724,-0.9081644896851748,5,10.0,256,31435,31435,0,sinr,torchgeo_bench.coordbench.models.SINRLocationEncoder
mosaiks-treecover,treecover,regression,linear,random,r2,0.6479159178192366,0.6409629929553947,0.6548688426830785,5,10.0,256,100000,100000,0,sinr,torchgeo_bench.coordbench.models.SINRLocationEncoder
mosaiks-treecover,treecover,regression,linear,spatial,r2,-0.02485483934054349,-0.676519743827303,0.6268100651462161,5,10.0,256,100000,100000,0,sinr,torchgeo_bench.coordbench.models.SINRLocationEncoder
mosaiks-elevation,elevation,regression,linear,random,r2,0.9041525147609528,0.9027587949628293,0.9055462345590763,5,10.0,256,100000,100000,0,sinr,torchgeo_bench.coordbench.models.SINRLocationEncoder
mosaiks-elevation,elevation,regression,linear,spatial,r2,-2.6285406802375553,-7.0850728816910875,1.827991521215977,5,10.0,256,100000,100000,0,sinr,torchgeo_bench.coordbench.models.SINRLocationEncoder
mosaiks-population,population,regression,linear,random,r2,0.45391321603666485,0.44789958176281186,0.45992685031051783,5,10.0,256,67968,67968,0,sinr,torchgeo_bench.coordbench.models.SINRLocationEncoder
mosaiks-population,population,regression,linear,spatial,r2,-0.5128326485629409,-1.3559987010546573,0.3303334039287755,5,10.0,256,67968,67968,0,sinr,torchgeo_bench.coordbench.models.SINRLocationEncoder
mosaiks-nightlights,nightlights,regression,linear,random,r2,0.25520828733330536,0.25207495599953483,0.2583416186670759,5,10.0,256,100000,100000,0,sinr,torchgeo_bench.coordbench.models.SINRLocationEncoder
mosaiks-nightlights,nightlights,regression,linear,spatial,r2,-1.7584388278671839,-3.321593657377962,-0.19528399835640564,5,10.0,256,100000,100000,0,sinr,torchgeo_bench.coordbench.models.SINRLocationEncoder
mosaiks-income,income,regression,linear,random,r2,0.2972711535276423,0.2925538468655688,0.30198846018971576,5,10.0,256,91377,91377,0,sinr,torchgeo_bench.coordbench.models.SINRLocationEncoder
mosaiks-income,income,regression,linear,spatial,r2,-12.980885854603446,-27.926192598436565,1.9644208892296717,5,10.0,256,91377,91377,0,sinr,torchgeo_bench.coordbench.models.SINRLocationEncoder
mosaiks-roads,roads,regression,linear,random,r2,0.04277267278573145,0.03924140524303356,0.04630394032842934,5,10.0,256,100000,100000,0,sinr,torchgeo_bench.coordbench.models.SINRLocationEncoder
mosaiks-roads,roads,regression,linear,spatial,r2,-0.0778012929576926,-0.10450123146976602,-0.05110135444561918,5,10.0,256,100000,100000,0,sinr,torchgeo_bench.coordbench.models.SINRLocationEncoder
mosaiks-housing,housing,regression,linear,random,r2,0.5223566021201984,0.5154946576999315,0.5292185465404653,5,10.0,256,54586,54586,0,sinr,torchgeo_bench.coordbench.models.SINRLocationEncoder
mosaiks-housing,housing,regression,linear,spatial,r2,-50.64877142794783,-112.96396894140204,11.66642608550638,5,10.0,256,54586,54586,0,sinr,torchgeo_bench.coordbench.models.SINRLocationEncoder
country,country,classification,knn5,random,accuracy,0.9257579241439492,0.9199423868772311,0.9315734614106673,5,10.0,256,8432,8432,0,sinr,torchgeo_bench.coordbench.models.SINRLocationEncoder
country,country,classification,linear,random,accuracy,0.8753578782081604,0.8644597245500655,0.8862560318662552,5,10.0,256,8432,8432,0,sinr,torchgeo_bench.coordbench.models.SINRLocationEncoder
country,country,classification,knn5,spatial,accuracy,0.7805439545130497,0.766740358455468,0.7943475505706314,5,10.0,256,8432,8432,0,sinr,torchgeo_bench.coordbench.models.SINRLocationEncoder
country,country,classification,linear,spatial,accuracy,0.7256533145904541,0.6963769146565055,0.7549297145244027,5,10.0,256,8432,8432,0,sinr,torchgeo_bench.coordbench.models.SINRLocationEncoder
ecoregions,biome,classification,knn5,random,accuracy,0.8573085846867748,0.8543282523019338,0.8602889170716159,5,10.0,256,8620,8620,0,sinr,torchgeo_bench.coordbench.models.SINRLocationEncoder
ecoregions,biome,classification,linear,random,accuracy,0.8264500975608826,0.8203842411031005,0.8325159540186647,5,10.0,256,8620,8620,0,sinr,torchgeo_bench.coordbench.models.SINRLocationEncoder
ecoregions,ecoregion,classification,knn5,random,accuracy,0.6940835266821346,0.683327770778191,0.7048392825860782,5,10.0,256,8620,8620,0,sinr,torchgeo_bench.coordbench.models.SINRLocationEncoder
ecoregions,ecoregion,classification,linear,random,accuracy,0.5842227220535279,0.5778011956499478,0.590644248457108,5,10.0,256,8620,8620,0,sinr,torchgeo_bench.coordbench.models.SINRLocationEncoder
ecoregions,biome,classification,knn5,spatial,accuracy,0.7413692651653484,0.7132290970855957,0.7695094332451011,5,10.0,256,8620,8620,0,sinr,torchgeo_bench.coordbench.models.SINRLocationEncoder
ecoregions,biome,classification,linear,spatial,accuracy,0.7452550053596496,0.7204192689466224,0.7700907417726768,5,10.0,256,8620,8620,0,sinr,torchgeo_bench.coordbench.models.SINRLocationEncoder
ecoregions,ecoregion,classification,knn5,spatial,accuracy,0.43084202293363,0.3835174499101835,0.4781665959570765,5,10.0,256,8620,8620,0,sinr,torchgeo_bench.coordbench.models.SINRLocationEncoder
ecoregions,ecoregion,classification,linear,spatial,accuracy,0.38230655789375306,0.33910021236379295,0.4255129034237132,5,10.0,256,8620,8620,0,sinr,torchgeo_bench.coordbench.models.SINRLocationEncoder
worldclim-bio1,bio1,regression,linear,random,r2,0.9726084799033614,0.9720811494604484,0.9731358103462744,5,10.0,256,18068,18068,0,sinr,torchgeo_bench.coordbench.models.SINRLocationEncoder
worldclim-bio1,bio1,regression,linear,spatial,r2,0.9584312811909033,0.9537796952571612,0.9630828671246453,5,10.0,256,18068,18068,0,sinr,torchgeo_bench.coordbench.models.SINRLocationEncoder
worldclim-bio12,bio12,regression,linear,random,r2,0.8320735641513768,0.8266799697258995,0.837467158576854,5,10.0,256,18068,18068,0,sinr,torchgeo_bench.coordbench.models.SINRLocationEncoder
worldclim-bio12,bio12,regression,linear,spatial,r2,0.7303361599890733,0.6962085230785443,0.7644637968996023,5,10.0,256,18068,18068,0,sinr,torchgeo_bench.coordbench.models.SINRLocationEncoder
soilgrids-soc,soc,regression,linear,random,r2,0.8234314013715235,0.8018057372474238,0.8450570654956232,5,10.0,256,4884,4884,0,sinr,torchgeo_bench.coordbench.models.SINRLocationEncoder
soilgrids-soc,soc,regression,linear,spatial,r2,0.7335886730888083,0.6766193092394341,0.7905580369381824,5,10.0,256,4884,4884,0,sinr,torchgeo_bench.coordbench.models.SINRLocationEncoder
soilgrids-phh2o,phh2o,regression,linear,random,r2,0.8661774607729681,0.8631665258867022,0.869188395659234,5,10.0,256,4884,4884,0,sinr,torchgeo_bench.coordbench.models.SINRLocationEncoder
soilgrids-phh2o,phh2o,regression,linear,spatial,r2,0.7923523505401815,0.7615508886940678,0.8231538123862951,5,10.0,256,4884,4884,0,sinr,torchgeo_bench.coordbench.models.SINRLocationEncoder
dm-africa_crop_mask,africa_crop_mask,classification,knn5,random,accuracy,0.8818523727984344,0.8685452655892466,0.8951594800076222,5,10.0,256,2556,2556,0,sinr,torchgeo_bench.coordbench.models.SINRLocationEncoder
dm-africa_crop_mask,africa_crop_mask,classification,linear,random,accuracy,0.883414113521576,0.873269062933138,0.8935591641100139,5,10.0,256,2556,2556,0,sinr,torchgeo_bench.coordbench.models.SINRLocationEncoder
dm-africa_crop_mask,africa_crop_mask,classification,knn5,spatial,accuracy,0.9191152223995569,0.8486442585905344,0.9895861862085794,5,10.0,256,2556,2556,0,sinr,torchgeo_bench.coordbench.models.SINRLocationEncoder
dm-africa_crop_mask,africa_crop_mask,classification,linear,spatial,accuracy,0.9191152095794678,0.8486442584468238,0.9895861607121118,5,10.0,256,2556,2556,0,sinr,torchgeo_bench.coordbench.models.SINRLocationEncoder
dm-aster_ged,aster_ged,regression,linear,random,r2,0.7325268297961406,0.7277700827032104,0.7372835768890708,5,10.0,256,17636,17636,0,sinr,torchgeo_bench.coordbench.models.SINRLocationEncoder
dm-aster_ged,aster_ged,regression,linear,spatial,r2,0.41984359415922406,0.15224858034732336,0.6874386079711248,5,10.0,256,17636,17636,0,sinr,torchgeo_bench.coordbench.models.SINRLocationEncoder
dm-canada_crops_coarse,canada_crops_coarse,classification,knn5,random,accuracy,0.4875934866878671,0.4792400714410179,0.49594690193471636,5,10.0,256,16079,16079,0,sinr,torchgeo_bench.coordbench.models.SINRLocationEncoder
dm-canada_crops_coarse,canada_crops_coarse,classification,linear,random,accuracy,0.5022087514400482,0.49372410951491613,0.5106933933651803,5,10.0,256,16079,16079,0,sinr,torchgeo_bench.coordbench.models.SINRLocationEncoder
dm-canada_crops_coarse,canada_crops_coarse,classification,knn5,spatial,accuracy,0.3265246828085002,0.1802020341001454,0.47284733151685504,5,10.0,256,16079,16079,0,sinr,torchgeo_bench.coordbench.models.SINRLocationEncoder
dm-canada_crops_coarse,canada_crops_coarse,classification,linear,spatial,accuracy,0.42151060700416565,0.3073096467862816,0.5357115672220497,5,10.0,256,16079,16079,0,sinr,torchgeo_bench.coordbench.models.SINRLocationEncoder
dm-canada_crops_fine,canada_crops_fine,classification,knn5,random,accuracy,0.31594068291597954,0.3086197047896328,0.3232616610423263,5,10.0,256,14566,14566,0,sinr,torchgeo_bench.coordbench.models.SINRLocationEncoder
dm-canada_crops_fine,canada_crops_fine,classification,linear,random,accuracy,0.3624874949455261,0.3560092704542652,0.368965719436787,5,10.0,256,14566,14566,0,sinr,torchgeo_bench.coordbench.models.SINRLocationEncoder
dm-canada_crops_fine,canada_crops_fine,classification,knn5,spatial,accuracy,0.17018080140461206,0.07219994331554391,0.2681616594936802,5,10.0,256,14566,14566,0,sinr,torchgeo_bench.coordbench.models.SINRLocationEncoder
dm-canada_crops_fine,canada_crops_fine,classification,linear,spatial,accuracy,0.2607181519269943,0.15606619710105935,0.3653701067529293,5,10.0,256,14566,14566,0,sinr,torchgeo_bench.coordbench.models.SINRLocationEncoder
dm-descals,descals,classification,knn5,random,accuracy,0.946157456058508,0.9422953907236071,0.9500195213934088,5,10.0,256,17477,17477,0,sinr,torchgeo_bench.coordbench.models.SINRLocationEncoder
dm-descals,descals,classification,linear,random,accuracy,0.9454136371612549,0.9402049740687756,0.9506223002537343,5,10.0,256,17477,17477,0,sinr,torchgeo_bench.coordbench.models.SINRLocationEncoder
dm-descals,descals,classification,knn5,spatial,accuracy,0.9331699208546407,0.8858785186567146,0.9804613230525667,5,10.0,256,17477,17477,0,sinr,torchgeo_bench.coordbench.models.SINRLocationEncoder
dm-descals,descals,classification,linear,spatial,accuracy,0.9387828707695007,0.9108396349928012,0.9667261065462003,5,10.0,256,17477,17477,0,sinr,torchgeo_bench.coordbench.models.SINRLocationEncoder
dm-ethiopia_crops,ethiopia_crops,classification,knn5,random,accuracy,0.9197628458498025,0.9071022787525321,0.9324234129470729,5,10.0,256,2530,2530,0,sinr,torchgeo_bench.coordbench.models.SINRLocationEncoder
dm-ethiopia_crops,ethiopia_crops,classification,linear,random,accuracy,0.8814229726791382,0.8692403346433283,0.893605610714948,5,10.0,256,2530,2530,0,sinr,torchgeo_bench.coordbench.models.SINRLocationEncoder
dm-ethiopia_crops,ethiopia_crops,classification,knn5,spatial,accuracy,0.8560553421276857,0.7912893739374527,0.9208213103179188,5,10.0,256,2530,2530,0,sinr,torchgeo_bench.coordbench.models.SINRLocationEncoder
dm-ethiopia_crops,ethiopia_crops,classification,linear,spatial,accuracy,0.8654074470202128,0.7885213463864481,0.9422935476539774,5,10.0,256,2530,2530,0,sinr,torchgeo_bench.coordbench.models.SINRLocationEncoder
dm-glance,glance,classification,knn5,random,accuracy,0.5223161817400028,0.519808308960516,0.5248240545194897,5,10.0,256,34885,34885,0,sinr,torchgeo_bench.coordbench.models.SINRLocationEncoder
dm-glance,glance,classification,linear,random,accuracy,0.462032413482666,0.45366981538204115,0.47039501158329083,5,10.0,256,34885,34885,0,sinr,torchgeo_bench.coordbench.models.SINRLocationEncoder
dm-glance,glance,classification,knn5,spatial,accuracy,0.35921710145360075,0.3433497709637572,0.3750844319434443,5,10.0,256,34885,34885,0,sinr,torchgeo_bench.coordbench.models.SINRLocationEncoder
dm-glance,glance,classification,linear,spatial,accuracy,0.3968814671039581,0.37884376378434487,0.41491917042357135,5,10.0,256,34885,34885,0,sinr,torchgeo_bench.coordbench.models.SINRLocationEncoder
dm-lcmap_lc,lcmap_lc,classification,knn5,random,accuracy,0.6371180686533384,0.6312962167874099,0.642939920519267,5,10.0,256,26510,26510,0,sinr,torchgeo_bench.coordbench.models.SINRLocationEncoder
dm-lcmap_lc,lcmap_lc,classification,linear,random,accuracy,0.6449264287948608,0.641266065429319,0.6485867921604027,5,10.0,256,26510,26510,0,sinr,torchgeo_bench.coordbench.models.SINRLocationEncoder
dm-lcmap_lc,lcmap_lc,classification,knn5,spatial,accuracy,0.5474595514096073,0.4671128824950965,0.6278062203241181,5,10.0,256,26510,26510,0,sinr,torchgeo_bench.coordbench.models.SINRLocationEncoder
dm-lcmap_lc,lcmap_lc,classification,linear,spatial,accuracy,0.5657836616039276,0.4873085401037479,0.6442587831041072,5,10.0,256,26510,26510,0,sinr,torchgeo_bench.coordbench.models.SINRLocationEncoder
dm-lcmap_lcc,lcmap_lcc,classification,knn5,random,accuracy,0.6965517241379311,0.679780106501428,0.7133233417744342,5,10.0,256,2320,2320,0,sinr,torchgeo_bench.coordbench.models.SINRLocationEncoder
dm-lcmap_lcc,lcmap_lcc,classification,linear,random,accuracy,0.7232758641242981,0.7096045438380019,0.7369471844105944,5,10.0,256,2320,2320,0,sinr,torchgeo_bench.coordbench.models.SINRLocationEncoder
dm-lcmap_lcc,lcmap_lcc,classification,knn5,spatial,accuracy,0.6734094634427368,0.6092040642247601,0.7376148626607134,5,10.0,256,2320,2320,0,sinr,torchgeo_bench.coordbench.models.SINRLocationEncoder
dm-lcmap_lcc,lcmap_lcc,classification,linear,spatial,accuracy,0.6908282041549683,0.6205190538101357,0.7611373544998008,5,10.0,256,2320,2320,0,sinr,torchgeo_bench.coordbench.models.SINRLocationEncoder
dm-lcmap_lu,lcmap_lu,classification,knn5,random,accuracy,0.6388570827399392,0.6299908659857564,0.6477232994941221,5,10.0,256,26513,26513,0,sinr,torchgeo_bench.coordbench.models.SINRLocationEncoder
dm-lcmap_lu,lcmap_lu,classification,linear,random,accuracy,0.6319546818733215,0.6219997856925242,0.6419095780541187,5,10.0,256,26513,26513,0,sinr,torchgeo_bench.coordbench.models.SINRLocationEncoder
dm-lcmap_lu,lcmap_lu,classification,knn5,spatial,accuracy,0.4780007706933752,0.3953298574871182,0.5606716838996322,5,10.0,256,26513,26513,0,sinr,torchgeo_bench.coordbench.models.SINRLocationEncoder
dm-lcmap_lu,lcmap_lu,classification,linear,spatial,accuracy,0.5070723772048951,0.4089401114695781,0.605204642940212,5,10.0,256,26513,26513,0,sinr,torchgeo_bench.coordbench.models.SINRLocationEncoder
dm-lcmap_luc,lcmap_luc,classification,knn5,random,accuracy,0.6639916755494645,0.6510349835422354,0.6769483675566935,5,10.0,256,991,991,0,sinr,torchgeo_bench.coordbench.models.SINRLocationEncoder
dm-lcmap_luc,lcmap_luc,classification,linear,random,accuracy,0.7033399343490601,0.6760928157494875,0.7305870529486326,5,10.0,256,991,991,0,sinr,torchgeo_bench.coordbench.models.SINRLocationEncoder
dm-lcmap_luc,lcmap_luc,classification,knn5,spatial,accuracy,0.6441006515624705,0.5965041150110362,0.6916971881139049,5,10.0,256,991,991,0,sinr,torchgeo_bench.coordbench.models.SINRLocationEncoder
dm-lcmap_luc,lcmap_luc,classification,linear,spatial,accuracy,0.6386842131614685,0.6023286126531588,0.6750398136697782,5,10.0,256,991,991,0,sinr,torchgeo_bench.coordbench.models.SINRLocationEncoder
dm-lucas_lc,lucas_lc,classification,knn5,random,accuracy,0.26907338208445075,0.2666682274004355,0.271478536768466,5,10.0,256,203569,203569,0,sinr,torchgeo_bench.coordbench.models.SINRLocationEncoder
dm-lucas_lc,lucas_lc,classification,linear,random,accuracy,0.28111353516578674,0.27892328192426225,0.28330378840731124,5,10.0,256,203569,203569,0,sinr,torchgeo_bench.coordbench.models.SINRLocationEncoder
dm-lucas_lc,lucas_lc,classification,knn5,spatial,accuracy,0.13586750640752096,0.11530093138630855,0.15643408142873338,5,10.0,256,203569,203569,0,sinr,torchgeo_bench.coordbench.models.SINRLocationEncoder
dm-lucas_lc,lucas_lc,classification,linear,spatial,accuracy,0.1862150639295578,0.16792678139779374,0.20450334646132187,5,10.0,256,203569,203569,0,sinr,torchgeo_bench.coordbench.models.SINRLocationEncoder
dm-lucas_lu,lucas_lu,classification,knn5,random,accuracy,0.5903516674491407,0.5894117126987376,0.5912916221995438,5,10.0,256,226858,226858,0,sinr,torchgeo_bench.coordbench.models.SINRLocationEncoder
dm-lucas_lu,lucas_lu,classification,linear,random,accuracy,0.5675532817840576,0.5666977646081234,0.5684087989599919,5,10.0,256,226858,226858,0,sinr,torchgeo_bench.coordbench.models.SINRLocationEncoder
dm-lucas_lu,lucas_lu,classification,knn5,spatial,accuracy,0.46239267234814296,0.39446934065251427,0.5303160040437717,5,10.0,256,226858,226858,0,sinr,torchgeo_bench.coordbench.models.SINRLocationEncoder
dm-lucas_lu,lucas_lu,classification,linear,spatial,accuracy,0.5134500801563263,0.4512972192556459,0.5756029410570067,5,10.0,256,226858,226858,0,sinr,torchgeo_bench.coordbench.models.SINRLocationEncoder
dm-openet_ensemble,openet_ensemble,regression,linear,random,r2,0.08370208040408993,0.08094554190795204,0.08645861890022781,5,10.0,256,35683,35683,0,sinr,torchgeo_bench.coordbench.models.SINRLocationEncoder
dm-openet_ensemble,openet_ensemble,regression,linear,spatial,r2,-0.14147998168718176,-0.18059162891298658,-0.10236833446137693,5,10.0,256,35683,35683,0,sinr,torchgeo_bench.coordbench.models.SINRLocationEncoder
dm-us_trees,us_trees,classification,knn5,random,accuracy,0.1543345064091736,0.15054835691207197,0.15812065590627522,5,10.0,256,45382,45382,0,sinr,torchgeo_bench.coordbench.models.SINRLocationEncoder
dm-us_trees,us_trees,classification,linear,random,accuracy,0.1786390483379364,0.17557277864700851,0.18170531802886428,5,10.0,256,45382,45382,0,sinr,torchgeo_bench.coordbench.models.SINRLocationEncoder
dm-us_trees,us_trees,classification,knn5,spatial,accuracy,0.07871467579730525,0.0705502912315619,0.0868790603630486,5,10.0,256,45382,45382,0,sinr,torchgeo_bench.coordbench.models.SINRLocationEncoder
dm-us_trees,us_trees,classification,linear,spatial,accuracy,0.11284105479717255,0.0922089305179373,0.1334731790764078,5,10.0,256,45382,45382,0,sinr,torchgeo_bench.coordbench.models.SINRLocationEncoder
pdfm-conus27,Percent_Person_WithHighCholesterol,regression,linear,random,r2,0.3438735439008348,0.33332511891859795,0.35442196888307165,5,10.0,512,35157,34894,0,geoclip,torchgeo_bench.coordbench.models.GeoCLIPLocationEncoder
pdfm-conus27,Percent_Person_WithPhysicalHealthNotGood,regression,linear,random,r2,0.5335076230410443,0.5259571065681518,0.5410581395139368,5,10.0,512,35157,34894,0,geoclip,torchgeo_bench.coordbench.models.GeoCLIPLocationEncoder
pdfm-conus27,Percent_Person_WithStroke,regression,linear,random,r2,0.37224724157237354,0.3604041518643261,0.38409033128042097,5,10.0,512,35157,34894,0,geoclip,torchgeo_bench.coordbench.models.GeoCLIPLocationEncoder
pdfm-conus27,Percent_Person_BingeDrinking,regression,linear,random,r2,0.43295029599459756,0.4212391565211423,0.4446614354680528,5,10.0,512,35157,34894,0,geoclip,torchgeo_bench.coordbench.models.GeoCLIPLocationEncoder
pdfm-conus27,Percent_Person_PhysicalInactivity,regression,linear,random,r2,0.5279281605452922,0.522628329154629,0.5332279919359555,5,10.0,512,35157,34894,0,geoclip,torchgeo_bench.coordbench.models.GeoCLIPLocationEncoder
pdfm-conus27,Percent_Person_ReceivedAnnualCheckup,regression,linear,random,r2,0.6704787775426095,0.6681370640784466,0.6728204910067724,5,10.0,512,35157,34894,0,geoclip,torchgeo_bench.coordbench.models.GeoCLIPLocationEncoder
pdfm-conus27,Percent_Person_WithCancerExcludingSkinCancer,regression,linear,random,r2,0.29208037925970276,0.28019727188840643,0.3039634866309991,5,10.0,512,35157,34894,0,geoclip,torchgeo_bench.coordbench.models.GeoCLIPLocationEncoder
pdfm-conus27,Percent_Person_WithDiabetes,regression,linear,random,r2,0.4235304922825465,0.41216225877094714,0.4348987257941459,5,10.0,512,35157,34894,0,geoclip,torchgeo_bench.coordbench.models.GeoCLIPLocationEncoder
pdfm-conus27,Percent_Person_WithMentalHealthNotGood,regression,linear,random,r2,0.45247126478094535,0.4419148713138376,0.4630276582480531,5,10.0,512,35157,34894,0,geoclip,torchgeo_bench.coordbench.models.GeoCLIPLocationEncoder
pdfm-conus27,Percent_Person_WithCoronaryHeartDisease,regression,linear,random,r2,0.42769017767967005,0.4205485258571706,0.4348318295021695,5,10.0,512,35157,34894,0,geoclip,torchgeo_bench.coordbench.models.GeoCLIPLocationEncoder
pdfm-conus27,Percent_Person_WithHighBloodPressure,regression,linear,random,r2,0.5026263137645667,0.4936260432606602,0.5116265842684732,5,10.0,512,35157,34894,0,geoclip,torchgeo_bench.coordbench.models.GeoCLIPLocationEncoder
pdfm-conus27,Percent_Person_ReceivedCholesterolScreening,regression,linear,random,r2,0.3751205589295864,0.3615039313270497,0.3887371865321231,5,10.0,512,35157,34894,0,geoclip,torchgeo_bench.coordbench.models.GeoCLIPLocationEncoder
pdfm-conus27,Percent_Person_ReceivedDentalVisit,regression,linear,random,r2,0.5377398777280955,0.5319420362488639,0.5435377192073271,5,10.0,512,35157,34894,0,geoclip,torchgeo_bench.coordbench.models.GeoCLIPLocationEncoder
pdfm-conus27,Percent_Person_WithAsthma,regression,linear,random,r2,0.47526093896291044,0.468578929880534,0.48194294804528687,5,10.0,512,35157,34894,0,geoclip,torchgeo_bench.coordbench.models.GeoCLIPLocationEncoder
pdfm-conus27,Percent_Person_WithChronicKidneyDisease,regression,linear,random,r2,0.31879941285328117,0.30361665194898374,0.3339821737575786,5,10.0,512,35157,34894,0,geoclip,torchgeo_bench.coordbench.models.GeoCLIPLocationEncoder
pdfm-conus27,Percent_Person_WithArthritis,regression,linear,random,r2,0.4712899399461542,0.46094355916630986,0.48163632072599855,5,10.0,512,35157,34894,0,geoclip,torchgeo_bench.coordbench.models.GeoCLIPLocationEncoder
pdfm-conus27,Percent_Person_WithChronicObstructivePulmonaryDisease,regression,linear,random,r2,0.560586727198449,0.5533694138891198,0.5678040405077783,5,10.0,512,35157,34894,0,geoclip,torchgeo_bench.coordbench.models.GeoCLIPLocationEncoder
pdfm-conus27,Percent_Person_18OrMoreYears_WithHighBloodPressure_ReceivedTakingBloodPressureMedication,regression,linear,random,r2,0.25650468069702603,0.24197295377703346,0.2710364076170186,5,10.0,512,35157,34894,0,geoclip,torchgeo_bench.coordbench.models.GeoCLIPLocationEncoder
pdfm-conus27,Percent_Person_Obesity,regression,linear,random,r2,0.5575749478345601,0.5499722658328122,0.5651776298363079,5,10.0,512,35157,34894,0,geoclip,torchgeo_bench.coordbench.models.GeoCLIPLocationEncoder
pdfm-conus27,Percent_Person_SleepLessThan7Hours,regression,linear,random,r2,0.5388767405294755,0.5334584492513251,0.544295031807626,5,10.0,512,35157,34894,0,geoclip,torchgeo_bench.coordbench.models.GeoCLIPLocationEncoder
pdfm-conus27,Percent_Person_Smoking,regression,linear,random,r2,0.5340033172055417,0.5271786889994624,0.540827945411621,5,10.0,512,35157,34894,0,geoclip,torchgeo_bench.coordbench.models.GeoCLIPLocationEncoder
pdfm-conus27,Median_Income_Household,regression,linear,random,r2,0.3761830477289895,0.3688336980645866,0.38353239739339234,5,10.0,512,35157,34835,0,geoclip,torchgeo_bench.coordbench.models.GeoCLIPLocationEncoder
pdfm-conus27,Median_HomeValue_HousingUnit_OccupiedHousingUnit_OwnerOccupied,regression,linear,random,r2,0.5955343421589021,0.5781641765240193,0.6129045077937849,5,10.0,512,35157,34609,0,geoclip,torchgeo_bench.coordbench.models.GeoCLIPLocationEncoder
pdfm-conus27,night_lights_log10,regression,linear,random,r2,0.6930361353041472,0.6855786308510644,0.70049363975723,5,10.0,512,35157,35157,0,geoclip,torchgeo_bench.coordbench.models.GeoCLIPLocationEncoder
pdfm-conus27,population_density_log10,regression,linear,random,r2,0.6929756232467398,0.6855562735316612,0.7003949729618184,5,10.0,512,35157,35157,0,geoclip,torchgeo_bench.coordbench.models.GeoCLIPLocationEncoder
pdfm-conus27,tree_cover,regression,linear,random,r2,0.7510887311133623,0.7451433194004564,0.7570341428262681,5,10.0,512,35157,35157,0,geoclip,torchgeo_bench.coordbench.models.GeoCLIPLocationEncoder
pdfm-conus27,elevation,regression,linear,random,r2,0.8934900933889255,0.8910621176234548,0.8959180691543962,5,10.0,512,35157,35157,0,geoclip,torchgeo_bench.coordbench.models.GeoCLIPLocationEncoder
pdfm-conus27,Percent_Person_WithHighCholesterol,regression,linear,spatial,r2,0.08579617080255726,-0.048773486030788835,0.22036582763590334,5,10.0,512,35157,34894,0,geoclip,torchgeo_bench.coordbench.models.GeoCLIPLocationEncoder
pdfm-conus27,Percent_Person_WithPhysicalHealthNotGood,regression,linear,spatial,r2,0.255829098610139,0.1391883983812665,0.37246979883901155,5,10.0,512,35157,34894,0,geoclip,torchgeo_bench.coordbench.models.GeoCLIPLocationEncoder
pdfm-conus27,Percent_Person_WithStroke,regression,linear,spatial,r2,0.16773968397017713,0.0348103126876102,0.30066905525274407,5,10.0,512,35157,34894,0,geoclip,torchgeo_bench.coordbench.models.GeoCLIPLocationEncoder
pdfm-conus27,Percent_Person_BingeDrinking,regression,linear,spatial,r2,0.006080543451596698,-0.06849956816998508,0.08066065507317847,5,10.0,512,35157,34894,0,geoclip,torchgeo_bench.coordbench.models.GeoCLIPLocationEncoder
pdfm-conus27,Percent_Person_PhysicalInactivity,regression,linear,spatial,r2,0.23880442810230793,0.07125314175077285,0.406355714453843,5,10.0,512,35157,34894,0,geoclip,torchgeo_bench.coordbench.models.GeoCLIPLocationEncoder
pdfm-conus27,Percent_Person_ReceivedAnnualCheckup,regression,linear,spatial,r2,0.1366941673705135,-0.3601614353005779,0.6335497700416048,5,10.0,512,35157,34894,0,geoclip,torchgeo_bench.coordbench.models.GeoCLIPLocationEncoder
pdfm-conus27,Percent_Person_WithCancerExcludingSkinCancer,regression,linear,spatial,r2,0.13342243242401008,0.08519083554419635,0.18165402930382382,5,10.0,512,35157,34894,0,geoclip,torchgeo_bench.coordbench.models.GeoCLIPLocationEncoder
pdfm-conus27,Percent_Person_WithDiabetes,regression,linear,spatial,r2,0.18222987662990475,0.06542818706700247,0.299031566192807,5,10.0,512,35157,34894,0,geoclip,torchgeo_bench.coordbench.models.GeoCLIPLocationEncoder
pdfm-conus27,Percent_Person_WithMentalHealthNotGood,regression,linear,spatial,r2,0.13487484118888327,0.041271579887287815,0.22847810249047873,5,10.0,512,35157,34894,0,geoclip,torchgeo_bench.coordbench.models.GeoCLIPLocationEncoder
pdfm-conus27,Percent_Person_WithCoronaryHeartDisease,regression,linear,spatial,r2,0.20606693218652627,0.06468682214995466,0.34744704222309786,5,10.0,512,35157,34894,0,geoclip,torchgeo_bench.coordbench.models.GeoCLIPLocationEncoder
pdfm-conus27,Percent_Person_WithHighBloodPressure,regression,linear,spatial,r2,0.23645503819911617,0.05745578450526381,0.41545429189296856,5,10.0,512,35157,34894,0,geoclip,torchgeo_bench.coordbench.models.GeoCLIPLocationEncoder
pdfm-conus27,Percent_Person_ReceivedCholesterolScreening,regression,linear,spatial,r2,-0.10377752120152248,-0.3074931170834281,0.09993807468038315,5,10.0,512,35157,34894,0,geoclip,torchgeo_bench.coordbench.models.GeoCLIPLocationEncoder
pdfm-conus27,Percent_Person_ReceivedDentalVisit,regression,linear,spatial,r2,0.2490297274447279,0.07939039926532587,0.4186690556241299,5,10.0,512,35157,34894,0,geoclip,torchgeo_bench.coordbench.models.GeoCLIPLocationEncoder
pdfm-conus27,Percent_Person_WithAsthma,regression,linear,spatial,r2,0.08182710051179735,-0.04716121609191533,0.21081541711551005,5,10.0,512,35157,34894,0,geoclip,torchgeo_bench.coordbench.models.GeoCLIPLocationEncoder
pdfm-conus27,Percent_Person_WithChronicKidneyDisease,regression,linear,spatial,r2,0.14318353313731663,0.030124753008930027,0.25624231326570324,5,10.0,512,35157,34894,0,geoclip,torchgeo_bench.coordbench.models.GeoCLIPLocationEncoder
pdfm-conus27,Percent_Person_WithArthritis,regression,linear,spatial,r2,0.2601715440416982,0.14781835842777913,0.3725247296556172,5,10.0,512,35157,34894,0,geoclip,torchgeo_bench.coordbench.models.GeoCLIPLocationEncoder
pdfm-conus27,Percent_Person_WithChronicObstructivePulmonaryDisease,regression,linear,spatial,r2,0.26509892203896496,0.12434151233460261,0.4058563317433273,5,10.0,512,35157,34894,0,geoclip,torchgeo_bench.coordbench.models.GeoCLIPLocationEncoder
pdfm-conus27,Percent_Person_18OrMoreYears_WithHighBloodPressure_ReceivedTakingBloodPressureMedication,regression,linear,spatial,r2,0.1334747583368464,0.03772379806401341,0.2292257186096794,5,10.0,512,35157,34894,0,geoclip,torchgeo_bench.coordbench.models.GeoCLIPLocationEncoder
pdfm-conus27,Percent_Person_Obesity,regression,linear,spatial,r2,0.25716862175850413,0.11328525728155761,0.4010519862354507,5,10.0,512,35157,34894,0,geoclip,torchgeo_bench.coordbench.models.GeoCLIPLocationEncoder
pdfm-conus27,Percent_Person_SleepLessThan7Hours,regression,linear,spatial,r2,0.2521671977776924,0.19222367522557154,0.3121107203298133,5,10.0,512,35157,34894,0,geoclip,torchgeo_bench.coordbench.models.GeoCLIPLocationEncoder
pdfm-conus27,Percent_Person_Smoking,regression,linear,spatial,r2,0.2601921965727991,0.07116903984488285,0.44921535330071527,5,10.0,512,35157,34894,0,geoclip,torchgeo_bench.coordbench.models.GeoCLIPLocationEncoder
pdfm-conus27,Median_Income_Household,regression,linear,spatial,r2,0.19692438285764607,0.08048311810430955,0.3133656476109826,5,10.0,512,35157,34835,0,geoclip,torchgeo_bench.coordbench.models.GeoCLIPLocationEncoder
pdfm-conus27,Median_HomeValue_HousingUnit_OccupiedHousingUnit_OwnerOccupied,regression,linear,spatial,r2,0.14882321014608874,-0.1881842241651291,0.48583064445730656,5,10.0,512,35157,34609,0,geoclip,torchgeo_bench.coordbench.models.GeoCLIPLocationEncoder
pdfm-conus27,night_lights_log10,regression,linear,spatial,r2,0.6103464284388084,0.5568031551504563,0.6638897017271604,5,10.0,512,35157,35157,0,geoclip,torchgeo_bench.coordbench.models.GeoCLIPLocationEncoder
pdfm-conus27,population_density_log10,regression,linear,spatial,r2,0.6141682313515741,0.5538583225960403,0.6744781401071078,5,10.0,512,35157,35157,0,geoclip,torchgeo_bench.coordbench.models.GeoCLIPLocationEncoder
pdfm-conus27,tree_cover,regression,linear,spatial,r2,0.5955361974438402,0.5293650224798316,0.6617073724078488,5,10.0,512,35157,35157,0,geoclip,torchgeo_bench.coordbench.models.GeoCLIPLocationEncoder
pdfm-conus27,elevation,regression,linear,spatial,r2,0.39607594620344233,-0.1896507602147265,0.9818026526216111,5,10.0,512,35157,35157,0,geoclip,torchgeo_bench.coordbench.models.GeoCLIPLocationEncoder
satclip-air-temp,air_temperature,regression,linear,random,r2,0.9224854350206229,0.9188727588221618,0.9260981112190839,5,10.0,512,3076,3076,0,geoclip,torchgeo_bench.coordbench.models.GeoCLIPLocationEncoder
satclip-air-temp,air_temperature,regression,linear,spatial,r2,0.9087425379200731,0.8899077299274684,0.9275773459126778,5,10.0,512,3076,3076,0,geoclip,torchgeo_bench.coordbench.models.GeoCLIPLocationEncoder
california-housing,median_house_value,regression,linear,random,r2,0.7017856100695559,0.6956586455681057,0.707912574571006,5,10.0,512,20640,20640,0,geoclip,torchgeo_bench.coordbench.models.GeoCLIPLocationEncoder
california-housing,median_house_value,regression,linear,spatial,r2,-2.779287886192084,-7.025685521486638,1.46710974910247,5,10.0,512,20640,20640,0,geoclip,torchgeo_bench.coordbench.models.GeoCLIPLocationEncoder
satclip-country,country,classification,knn5,random,accuracy,0.9654796034024804,0.963945738145905,0.9670134686590558,5,10.0,512,33053,33053,0,geoclip,torchgeo_bench.coordbench.models.GeoCLIPLocationEncoder
satclip-country,country,classification,linear,random,accuracy,0.869421637058258,0.8657180522996882,0.8731252218168278,5,10.0,512,33053,33053,0,geoclip,torchgeo_bench.coordbench.models.GeoCLIPLocationEncoder
satclip-country,country,classification,knn5,spatial,accuracy,0.8436298898209508,0.8134776813341842,0.8737820983077174,5,10.0,512,33053,33053,0,geoclip,torchgeo_bench.coordbench.models.GeoCLIPLocationEncoder
satclip-country,country,classification,linear,spatial,accuracy,0.777583372592926,0.7246394452947763,0.8305272998910757,5,10.0,512,33053,33053,0,geoclip,torchgeo_bench.coordbench.models.GeoCLIPLocationEncoder
satclip-ecoregion,ecoregion_class_index,classification,knn5,random,accuracy,0.8436795931116805,0.8398554814441828,0.8475037047791782,5,10.0,512,32798,32798,0,geoclip,torchgeo_bench.coordbench.models.GeoCLIPLocationEncoder
satclip-ecoregion,ecoregion_class_index,classification,linear,random,accuracy,0.6367458581924439,0.6301240619374526,0.6433676544474352,5,10.0,512,32798,32798,0,geoclip,torchgeo_bench.coordbench.models.GeoCLIPLocationEncoder
satclip-ecoregion,ecoregion_class_index,classification,knn5,spatial,accuracy,0.5855969201794811,0.553122610471026,0.6180712298879362,5,10.0,512,32798,32798,0,geoclip,torchgeo_bench.coordbench.models.GeoCLIPLocationEncoder
satclip-ecoregion,ecoregion_class_index,classification,linear,spatial,accuracy,0.4563924431800842,0.41894852435432667,0.49383636200584174,5,10.0,512,32798,32798,0,geoclip,torchgeo_bench.coordbench.models.GeoCLIPLocationEncoder
satclip-biome,biome_class_index,classification,knn5,random,accuracy,0.9231660555780739,0.9218202511039747,0.924511860052173,5,10.0,512,32798,32798,0,geoclip,torchgeo_bench.coordbench.models.GeoCLIPLocationEncoder
satclip-biome,biome_class_index,classification,linear,random,accuracy,0.8263308763504028,0.8257274167966115,0.8269343359041941,5,10.0,512,32798,32798,0,geoclip,torchgeo_bench.coordbench.models.GeoCLIPLocationEncoder
satclip-biome,biome_class_index,classification,knn5,spatial,accuracy,0.8066469276404978,0.7956300628189671,0.8176637924620286,5,10.0,512,32798,32798,0,geoclip,torchgeo_bench.coordbench.models.GeoCLIPLocationEncoder
satclip-biome,biome_class_index,classification,linear,spatial,accuracy,0.7650715589523316,0.7516551560300206,0.7784879618746425,5,10.0,512,32798,32798,0,geoclip,torchgeo_bench.coordbench.models.GeoCLIPLocationEncoder
satclip-population,log_population,regression,linear,random,r2,0.6947101083670489,0.6900141281892452,0.6994060885448526,5,10.0,512,74512,74512,0,geoclip,torchgeo_bench.coordbench.models.GeoCLIPLocationEncoder
satclip-population,log_population,regression,linear,spatial,r2,0.6206434762245461,0.5227144127468415,0.7185725397022507,5,10.0,512,74512,74512,0,geoclip,torchgeo_bench.coordbench.models.GeoCLIPLocationEncoder
satclip-elevation,elevation,regression,linear,random,r2,0.6060234537513759,0.5987047509669159,0.6133421565358359,5,10.0,512,100000,99995,0,geoclip,torchgeo_bench.coordbench.models.GeoCLIPLocationEncoder
satclip-elevation,elevation,regression,linear,spatial,r2,0.45199314148865544,0.3638991755961086,0.5400871073812022,5,10.0,512,100000,99995,0,geoclip,torchgeo_bench.coordbench.models.GeoCLIPLocationEncoder
sustainbench-asset,asset_index,regression,linear,official,r2,0.5186600645514492,0.5186600645514492,0.5186600645514492,1,10.0,512,86936,86936,0,geoclip,torchgeo_bench.coordbench.models.GeoCLIPLocationEncoder
sustainbench-water,water_index,regression,linear,official,r2,0.34066964467033045,0.34066964467033045,0.34066964467033045,1,10.0,512,87938,87938,0,geoclip,torchgeo_bench.coordbench.models.GeoCLIPLocationEncoder
sustainbench-sanitation,sanitation_index,regression,linear,official,r2,0.4547288757584056,0.4547288757584056,0.4547288757584056,1,10.0,512,89271,89271,0,geoclip,torchgeo_bench.coordbench.models.GeoCLIPLocationEncoder
sustainbench-child_mortality,under5_mort,regression,linear,official,r2,0.20593921572792007,0.20593921572792007,0.20593921572792007,1,10.0,512,105582,105582,0,geoclip,torchgeo_bench.coordbench.models.GeoCLIPLocationEncoder
sustainbench-women_edu,women_edu,regression,linear,official,r2,0.5169339726395767,0.5169339726395767,0.5169339726395767,1,10.0,512,117062,117062,0,geoclip,torchgeo_bench.coordbench.models.GeoCLIPLocationEncoder
sustainbench-women_bmi,women_bmi,regression,linear,official,r2,0.6376191974464849,0.6376191974464849,0.6376191974464849,1,10.0,512,94866,94866,0,geoclip,torchgeo_bench.coordbench.models.GeoCLIPLocationEncoder
bt-cropharvest,crop_type,classification,knn5,random,accuracy,0.5694444444444444,0.5580251084493919,0.5808637804394969,5,10.0,512,3600,3600,0,geoclip,torchgeo_bench.coordbench.models.GeoCLIPLocationEncoder
bt-cropharvest,crop_type,classification,linear,random,accuracy,0.5638889074325562,0.5555555820465088,0.5722222328186035,5,10.0,512,3600,3600,0,geoclip,torchgeo_bench.coordbench.models.GeoCLIPLocationEncoder
bt-cropharvest,crop_type,classification,knn5,spatial,accuracy,0.16363460478432684,0.028760060858877334,0.29850914870977635,5,10.0,512,3600,3600,0,geoclip,torchgeo_bench.coordbench.models.GeoCLIPLocationEncoder
bt-cropharvest,crop_type,classification,linear,spatial,accuracy,0.21207251418381928,0.07616062301791907,0.34798440534971953,5,10.0,512,3600,3600,0,geoclip,torchgeo_bench.coordbench.models.GeoCLIPLocationEncoder
bt-biomass,biomass,regression,linear,random,r2,0.39163937367550855,0.3709579933599689,0.41232075399104823,5,10.0,512,18393,18393,0,geoclip,torchgeo_bench.coordbench.models.GeoCLIPLocationEncoder
bt-biomass,biomass,regression,linear,spatial,r2,0.26947445021202954,0.24887106340463477,0.2900778370194243,5,10.0,512,18393,18393,0,geoclip,torchgeo_bench.coordbench.models.GeoCLIPLocationEncoder
bt-landcover,water,regression,linear,random,r2,0.024780471049564712,0.006205064719749735,0.04335587737937969,5,10.0,512,10000,10000,0,geoclip,torchgeo_bench.coordbench.models.GeoCLIPLocationEncoder
bt-landcover,trees,regression,linear,random,r2,0.47795496308867164,0.46360607313775015,0.4923038530395931,5,10.0,512,10000,10000,0,geoclip,torchgeo_bench.coordbench.models.GeoCLIPLocationEncoder
bt-landcover,grass,regression,linear,random,r2,0.14591320149867007,0.12189253417725056,0.1699338688200896,5,10.0,512,10000,10000,0,geoclip,torchgeo_bench.coordbench.models.GeoCLIPLocationEncoder
bt-landcover,flooded_vegetation,regression,linear,random,r2,0.029213367004888413,0.0016029085113354706,0.05682382549844135,5,10.0,512,10000,10000,0,geoclip,torchgeo_bench.coordbench.models.GeoCLIPLocationEncoder
bt-landcover,crops,regression,linear,random,r2,0.24345476606146627,0.2224640882990476,0.2644454438238849,5,10.0,512,10000,10000,0,geoclip,torchgeo_bench.coordbench.models.GeoCLIPLocationEncoder
bt-landcover,shrub_and_scrub,regression,linear,random,r2,0.41236162748591704,0.39043419333376833,0.43428906163806574,5,10.0,512,10000,10000,0,geoclip,torchgeo_bench.coordbench.models.GeoCLIPLocationEncoder
bt-landcover,built,regression,linear,random,r2,0.045444011930676195,0.033038806467062413,0.05784921739428998,5,10.0,512,10000,10000,0,geoclip,torchgeo_bench.coordbench.models.GeoCLIPLocationEncoder
bt-landcover,bare,regression,linear,random,r2,0.792027386388217,0.7801345754190772,0.8039201973573569,5,10.0,512,10000,10000,0,geoclip,torchgeo_bench.coordbench.models.GeoCLIPLocationEncoder
bt-landcover,snow_and_ice,regression,linear,random,r2,0.8473494237701324,0.843379784003812,0.8513190635364529,5,10.0,512,10000,10000,0,geoclip,torchgeo_bench.coordbench.models.GeoCLIPLocationEncoder
bt-landcover,water,regression,linear,spatial,r2,0.00416521668138341,-0.011588037400322718,0.01991847076308954,5,10.0,512,10000,10000,0,geoclip,torchgeo_bench.coordbench.models.GeoCLIPLocationEncoder
bt-landcover,trees,regression,linear,spatial,r2,0.42619914574996487,0.38998355059960577,0.462414740900324,5,10.0,512,10000,10000,0,geoclip,torchgeo_bench.coordbench.models.GeoCLIPLocationEncoder
bt-landcover,grass,regression,linear,spatial,r2,0.07234137877449462,0.014439516725900943,0.1302432408230883,5,10.0,512,10000,10000,0,geoclip,torchgeo_bench.coordbench.models.GeoCLIPLocationEncoder
bt-landcover,flooded_vegetation,regression,linear,spatial,r2,0.008461262360661869,-0.0029354920860563787,0.019858016807380117,5,10.0,512,10000,10000,0,geoclip,torchgeo_bench.coordbench.models.GeoCLIPLocationEncoder
bt-landcover,crops,regression,linear,spatial,r2,0.17024591443983847,0.14849180764299538,0.19200002123668156,5,10.0,512,10000,10000,0,geoclip,torchgeo_bench.coordbench.models.GeoCLIPLocationEncoder
bt-landcover,shrub_and_scrub,regression,linear,spatial,r2,0.3464214228602242,0.2963665641188299,0.3964762816016185,5,10.0,512,10000,10000,0,geoclip,torchgeo_bench.coordbench.models.GeoCLIPLocationEncoder
bt-landcover,built,regression,linear,spatial,r2,0.007543147894896673,-0.027478029634143777,0.04256432542393712,5,10.0,512,10000,10000,0,geoclip,torchgeo_bench.coordbench.models.GeoCLIPLocationEncoder
bt-landcover,bare,regression,linear,spatial,r2,0.7566100708363445,0.7099652470544049,0.803254894618284,5,10.0,512,10000,10000,0,geoclip,torchgeo_bench.coordbench.models.GeoCLIPLocationEncoder
bt-landcover,snow_and_ice,regression,linear,spatial,r2,0.8175642195199432,0.7795107483274789,0.8556176907124075,5,10.0,512,10000,10000,0,geoclip,torchgeo_bench.coordbench.models.GeoCLIPLocationEncoder
bt-bioclim,bioclim_01,regression,linear,random,r2,0.9468641659393514,0.9438050023077692,0.9499233295709336,5,10.0,512,9681,9681,0,geoclip,torchgeo_bench.coordbench.models.GeoCLIPLocationEncoder
bt-bioclim,bioclim_02,regression,linear,random,r2,0.7780527025435295,0.7706148382581496,0.7854905668289095,5,10.0,512,9681,9681,0,geoclip,torchgeo_bench.coordbench.models.GeoCLIPLocationEncoder
bt-bioclim,bioclim_03,regression,linear,random,r2,0.9374989890967378,0.9345262764651475,0.9404717017283281,5,10.0,512,9681,9681,0,geoclip,torchgeo_bench.coordbench.models.GeoCLIPLocationEncoder
bt-bioclim,bioclim_04,regression,linear,random,r2,0.9491419071115811,0.9476938804974565,0.9505899337257057,5,10.0,512,9681,9681,0,geoclip,torchgeo_bench.coordbench.models.GeoCLIPLocationEncoder
bt-bioclim,bioclim_05,regression,linear,random,r2,0.8661055459397901,0.8594332831120636,0.8727778087675165,5,10.0,512,9681,9681,0,geoclip,torchgeo_bench.coordbench.models.GeoCLIPLocationEncoder
bt-bioclim,bioclim_06,regression,linear,random,r2,0.9564918778800597,0.954977160977806,0.9580065947823134,5,10.0,512,9681,9681,0,geoclip,torchgeo_bench.coordbench.models.GeoCLIPLocationEncoder
bt-bioclim,bioclim_07,regression,linear,random,r2,0.9253870612386658,0.9227160741897453,0.9280580482875862,5,10.0,512,9681,9681,0,geoclip,torchgeo_bench.coordbench.models.GeoCLIPLocationEncoder
bt-bioclim,bioclim_08,regression,linear,random,r2,0.7689425016502893,0.7579403260207026,0.779944677279876,5,10.0,512,9681,9681,0,geoclip,torchgeo_bench.coordbench.models.GeoCLIPLocationEncoder
bt-bioclim,bioclim_09,regression,linear,random,r2,0.9204537982884295,0.9164269678024843,0.9244806287743748,5,10.0,512,9681,9681,0,geoclip,torchgeo_bench.coordbench.models.GeoCLIPLocationEncoder
bt-bioclim,bioclim_10,regression,linear,random,r2,0.872884089365207,0.8660498643260256,0.8797183144043884,5,10.0,512,9681,9681,0,geoclip,torchgeo_bench.coordbench.models.GeoCLIPLocationEncoder
bt-bioclim,bioclim_11,regression,linear,random,r2,0.962612724828159,0.9613119816406432,0.9639134680156747,5,10.0,512,9681,9681,0,geoclip,torchgeo_bench.coordbench.models.GeoCLIPLocationEncoder
bt-bioclim,bioclim_12,regression,linear,random,r2,0.7905478533748813,0.7806701070316707,0.8004255997180919,5,10.0,512,9681,9681,0,geoclip,torchgeo_bench.coordbench.models.GeoCLIPLocationEncoder
bt-bioclim,bioclim_13,regression,linear,random,r2,0.7177689892301343,0.6989649049096067,0.7365730735506619,5,10.0,512,9681,9681,0,geoclip,torchgeo_bench.coordbench.models.GeoCLIPLocationEncoder
bt-bioclim,bioclim_14,regression,linear,random,r2,0.6086694306469475,0.5922051803177478,0.6251336809761471,5,10.0,512,9681,9681,0,geoclip,torchgeo_bench.coordbench.models.GeoCLIPLocationEncoder
bt-bioclim,bioclim_15,regression,linear,random,r2,0.6782963077023044,0.6708497743945734,0.6857428410100355,5,10.0,512,9681,9681,0,geoclip,torchgeo_bench.coordbench.models.GeoCLIPLocationEncoder
bt-bioclim,bioclim_16,regression,linear,random,r2,0.7392523567257628,0.7246773956647107,0.753827317786815,5,10.0,512,9681,9681,0,geoclip,torchgeo_bench.coordbench.models.GeoCLIPLocationEncoder
bt-bioclim,bioclim_17,regression,linear,random,r2,0.6331754352738936,0.6193276237531552,0.6470232467946321,5,10.0,512,9681,9681,0,geoclip,torchgeo_bench.coordbench.models.GeoCLIPLocationEncoder
bt-bioclim,bioclim_18,regression,linear,random,r2,0.6825113800779087,0.6577855676064353,0.7072371925493821,5,10.0,512,9681,9681,0,geoclip,torchgeo_bench.coordbench.models.GeoCLIPLocationEncoder
bt-bioclim,bioclim_19,regression,linear,random,r2,0.5313987725628413,0.5088168129725008,0.5539807321531818,5,10.0,512,9681,9681,0,geoclip,torchgeo_bench.coordbench.models.GeoCLIPLocationEncoder
bt-bioclim,bioclim_01,regression,linear,spatial,r2,0.9309271293718819,0.9180595567595368,0.9437947019842271,5,10.0,512,9681,9681,0,geoclip,torchgeo_bench.coordbench.models.GeoCLIPLocationEncoder
bt-bioclim,bioclim_02,regression,linear,spatial,r2,0.7145772341517109,0.6921711524967028,0.736983315806719,5,10.0,512,9681,9681,0,geoclip,torchgeo_bench.coordbench.models.GeoCLIPLocationEncoder
bt-bioclim,bioclim_03,regression,linear,spatial,r2,0.9125405949323222,0.9013064526333091,0.9237747372313353,5,10.0,512,9681,9681,0,geoclip,torchgeo_bench.coordbench.models.GeoCLIPLocationEncoder
bt-bioclim,bioclim_04,regression,linear,spatial,r2,0.9297783236022374,0.9248133452606093,0.9347433019438656,5,10.0,512,9681,9681,0,geoclip,torchgeo_bench.coordbench.models.GeoCLIPLocationEncoder
bt-bioclim,bioclim_05,regression,linear,spatial,r2,0.8241567787342321,0.7989968953309255,0.8493166621375386,5,10.0,512,9681,9681,0,geoclip,torchgeo_bench.coordbench.models.GeoCLIPLocationEncoder
bt-bioclim,bioclim_06,regression,linear,spatial,r2,0.9440244423632718,0.9389187530071107,0.9491301317194328,5,10.0,512,9681,9681,0,geoclip,torchgeo_bench.coordbench.models.GeoCLIPLocationEncoder
bt-bioclim,bioclim_07,regression,linear,spatial,r2,0.8995568730644845,0.8930185259151329,0.9060952202138361,5,10.0,512,9681,9681,0,geoclip,torchgeo_bench.coordbench.models.GeoCLIPLocationEncoder
bt-bioclim,bioclim_08,regression,linear,spatial,r2,0.6887212671583093,0.6553060486075206,0.7221364857090979,5,10.0,512,9681,9681,0,geoclip,torchgeo_bench.coordbench.models.GeoCLIPLocationEncoder
bt-bioclim,bioclim_09,regression,linear,spatial,r2,0.8979888606981241,0.8810968076680049,0.9148809137282433,5,10.0,512,9681,9681,0,geoclip,torchgeo_bench.coordbench.models.GeoCLIPLocationEncoder
bt-bioclim,bioclim_10,regression,linear,spatial,r2,0.8314357223355303,0.8054685446835789,0.8574028999874818,5,10.0,512,9681,9681,0,geoclip,torchgeo_bench.coordbench.models.GeoCLIPLocationEncoder
bt-bioclim,bioclim_11,regression,linear,spatial,r2,0.9516403038817609,0.9465477954253234,0.9567328123381984,5,10.0,512,9681,9681,0,geoclip,torchgeo_bench.coordbench.models.GeoCLIPLocationEncoder
bt-bioclim,bioclim_12,regression,linear,spatial,r2,0.7399763164552026,0.6934710602087856,0.7864815727016196,5,10.0,512,9681,9681,0,geoclip,torchgeo_bench.coordbench.models.GeoCLIPLocationEncoder
bt-bioclim,bioclim_13,regression,linear,spatial,r2,0.6691886157312308,0.5945003074442262,0.7438769240182354,5,10.0,512,9681,9681,0,geoclip,torchgeo_bench.coordbench.models.GeoCLIPLocationEncoder
bt-bioclim,bioclim_14,regression,linear,spatial,r2,0.45993995203677385,0.34176421239677945,0.5781156916767682,5,10.0,512,9681,9681,0,geoclip,torchgeo_bench.coordbench.models.GeoCLIPLocationEncoder
bt-bioclim,bioclim_15,regression,linear,spatial,r2,0.529133570427952,0.4286974900674477,0.6295696507884563,5,10.0,512,9681,9681,0,geoclip,torchgeo_bench.coordbench.models.GeoCLIPLocationEncoder
bt-bioclim,bioclim_16,regression,linear,spatial,r2,0.6888408684601762,0.6277306414456612,0.7499510954746913,5,10.0,512,9681,9681,0,geoclip,torchgeo_bench.coordbench.models.GeoCLIPLocationEncoder
bt-bioclim,bioclim_17,regression,linear,spatial,r2,0.4942008825856865,0.38427547069443335,0.6041262944769397,5,10.0,512,9681,9681,0,geoclip,torchgeo_bench.coordbench.models.GeoCLIPLocationEncoder
bt-bioclim,bioclim_18,regression,linear,spatial,r2,0.6031531932857966,0.5769345983716295,0.6293717881999638,5,10.0,512,9681,9681,0,geoclip,torchgeo_bench.coordbench.models.GeoCLIPLocationEncoder
bt-bioclim,bioclim_19,regression,linear,spatial,r2,0.3767535572296972,0.2802612840811757,0.47324583037821877,5,10.0,512,9681,9681,0,geoclip,torchgeo_bench.coordbench.models.GeoCLIPLocationEncoder
bt-population,pop_density,regression,linear,random,r2,0.09119291873474625,0.06870986826680048,0.11367596920269202,5,10.0,512,9681,9681,0,geoclip,torchgeo_bench.coordbench.models.GeoCLIPLocationEncoder
bt-population,pop_density,regression,linear,spatial,r2,0.066012206769494,0.04068024141712744,0.09134417212186055,5,10.0,512,9681,9681,0,geoclip,torchgeo_bench.coordbench.models.GeoCLIPLocationEncoder
bt-distroad,maxdist_road,regression,linear,random,r2,0.5180392946451466,0.5117896273711471,0.5242889619191462,5,10.0,512,9681,9681,0,geoclip,torchgeo_bench.coordbench.models.GeoCLIPLocationEncoder
bt-distroad,maxdist_road,regression,linear,spatial,r2,0.4459222386652783,0.3846408178325708,0.5072036594979857,5,10.0,512,9681,9681,0,geoclip,torchgeo_bench.coordbench.models.GeoCLIPLocationEncoder
places-phys_health,phlth_crudeprev,regression,linear,random,r2,0.5364762319325125,0.5271687062903383,0.5457837575746867,5,10.0,512,31435,31435,0,geoclip,torchgeo_bench.coordbench.models.GeoCLIPLocationEncoder
places-phys_health,phlth_crudeprev,regression,linear,spatial,r2,0.2382318317814039,0.17990955322243496,0.2965541103403728,5,10.0,512,31435,31435,0,geoclip,torchgeo_bench.coordbench.models.GeoCLIPLocationEncoder
places-diabetes,diabetes_crudeprev,regression,linear,random,r2,0.414659421758778,0.4081945415854421,0.4211243019321139,5,10.0,512,31435,31435,0,geoclip,torchgeo_bench.coordbench.models.GeoCLIPLocationEncoder
places-diabetes,diabetes_crudeprev,regression,linear,spatial,r2,0.12048774345074287,0.04696996821908238,0.19400551868240334,5,10.0,512,31435,31435,0,geoclip,torchgeo_bench.coordbench.models.GeoCLIPLocationEncoder
places-copd,copd_crudeprev,regression,linear,random,r2,0.5676876715099614,0.5569892214802504,0.5783861215396723,5,10.0,512,31435,31435,0,geoclip,torchgeo_bench.coordbench.models.GeoCLIPLocationEncoder
places-copd,copd_crudeprev,regression,linear,spatial,r2,0.3034836270862907,0.22839041290813544,0.3785768412644459,5,10.0,512,31435,31435,0,geoclip,torchgeo_bench.coordbench.models.GeoCLIPLocationEncoder
places-cancer,cancer_crudeprev,regression,linear,random,r2,0.2973062992032959,0.28969086546115663,0.3049217329454351,5,10.0,512,31435,31435,0,geoclip,torchgeo_bench.coordbench.models.GeoCLIPLocationEncoder
places-cancer,cancer_crudeprev,regression,linear,spatial,r2,0.1595778902487564,0.11968674130750065,0.19946903919001216,5,10.0,512,31435,31435,0,geoclip,torchgeo_bench.coordbench.models.GeoCLIPLocationEncoder
places-chd,chd_crudeprev,regression,linear,random,r2,0.42687448615130685,0.4129331734619645,0.4408157988406492,5,10.0,512,31435,31435,0,geoclip,torchgeo_bench.coordbench.models.GeoCLIPLocationEncoder
places-chd,chd_crudeprev,regression,linear,spatial,r2,0.2181486863117934,0.12122550398089381,0.315071868642693,5,10.0,512,31435,31435,0,geoclip,torchgeo_bench.coordbench.models.GeoCLIPLocationEncoder
places-mental_health,mhlth_crudeprev,regression,linear,random,r2,0.4501223799790807,0.43800105841875026,0.4622437015394112,5,10.0,512,31435,31435,0,geoclip,torchgeo_bench.coordbench.models.GeoCLIPLocationEncoder
places-mental_health,mhlth_crudeprev,regression,linear,spatial,r2,0.1614134109908463,0.12793794474602918,0.19488887723566342,5,10.0,512,31435,31435,0,geoclip,torchgeo_bench.coordbench.models.GeoCLIPLocationEncoder
places-checkup,checkup_crudeprev,regression,linear,random,r2,0.689227615871929,0.6842126291591605,0.6942426025846976,5,10.0,512,31435,31435,0,geoclip,torchgeo_bench.coordbench.models.GeoCLIPLocationEncoder
places-checkup,checkup_crudeprev,regression,linear,spatial,r2,0.32643118585173186,0.15796636219761287,0.4948960095058509,5,10.0,512,31435,31435,0,geoclip,torchgeo_bench.coordbench.models.GeoCLIPLocationEncoder
places-sleep_lt7,sleep_crudeprev,regression,linear,random,r2,0.5258211270574024,0.5176783394591105,0.5339639146556943,5,10.0,512,32409,32409,0,geoclip,torchgeo_bench.coordbench.models.GeoCLIPLocationEncoder
places-sleep_lt7,sleep_crudeprev,regression,linear,spatial,r2,0.1821468519428452,0.10371956985556592,0.26057413403012447,5,10.0,512,32409,32409,0,geoclip,torchgeo_bench.coordbench.models.GeoCLIPLocationEncoder
places-asthma,casthma_crudeprev,regression,linear,random,r2,0.44892013187938806,0.4368767306440604,0.4609635331147157,5,10.0,512,31435,31435,0,geoclip,torchgeo_bench.coordbench.models.GeoCLIPLocationEncoder
places-asthma,casthma_crudeprev,regression,linear,spatial,r2,0.09624854492799328,0.03653510785215523,0.15596198200383132,5,10.0,512,31435,31435,0,geoclip,torchgeo_bench.coordbench.models.GeoCLIPLocationEncoder
places-obesity,obesity_crudeprev,regression,linear,random,r2,0.5554499159788805,0.548059517553013,0.562840314404748,5,10.0,512,31435,31435,0,geoclip,torchgeo_bench.coordbench.models.GeoCLIPLocationEncoder
places-obesity,obesity_crudeprev,regression,linear,spatial,r2,0.2607248040525447,0.1789102560093544,0.34253935209573505,5,10.0,512,31435,31435,0,geoclip,torchgeo_bench.coordbench.models.GeoCLIPLocationEncoder
places-smoking,csmoking_crudeprev,regression,linear,random,r2,0.5496564884883897,0.5398010924256259,0.5595118845511534,5,10.0,512,31435,31435,0,geoclip,torchgeo_bench.coordbench.models.GeoCLIPLocationEncoder
places-smoking,csmoking_crudeprev,regression,linear,spatial,r2,0.3024287388875405,0.22233452651515895,0.3825229512599221,5,10.0,512,31435,31435,0,geoclip,torchgeo_bench.coordbench.models.GeoCLIPLocationEncoder
places-high_chol,highchol_crudeprev,regression,linear,random,r2,0.3366261454915522,0.32822175857683045,0.3450305324062739,5,10.0,512,31435,31435,0,geoclip,torchgeo_bench.coordbench.models.GeoCLIPLocationEncoder
places-high_chol,highchol_crudeprev,regression,linear,spatial,r2,0.05883538001090216,-0.12734668874837665,0.24501744877018097,5,10.0,512,31435,31435,0,geoclip,torchgeo_bench.coordbench.models.GeoCLIPLocationEncoder
mosaiks-treecover,treecover,regression,linear,random,r2,0.6496107791455383,0.6421292781678928,0.6570922801231839,5,10.0,512,100000,100000,0,geoclip,torchgeo_bench.coordbench.models.GeoCLIPLocationEncoder
mosaiks-treecover,treecover,regression,linear,spatial,r2,0.42294716925202314,0.27289576028758145,0.5729985782164648,5,10.0,512,100000,100000,0,geoclip,torchgeo_bench.coordbench.models.GeoCLIPLocationEncoder
mosaiks-elevation,elevation,regression,linear,random,r2,0.8955067696229883,0.8941380163619316,0.8968755228840449,5,10.0,512,100000,100000,0,geoclip,torchgeo_bench.coordbench.models.GeoCLIPLocationEncoder
mosaiks-elevation,elevation,regression,linear,spatial,r2,0.31001835335675676,-0.5635906522920017,1.183627359005515,5,10.0,512,100000,100000,0,geoclip,torchgeo_bench.coordbench.models.GeoCLIPLocationEncoder
mosaiks-population,population,regression,linear,random,r2,0.4962333420939061,0.4910665101629225,0.5014001740248898,5,10.0,512,67968,67968,0,geoclip,torchgeo_bench.coordbench.models.GeoCLIPLocationEncoder
mosaiks-population,population,regression,linear,spatial,r2,0.355511061773492,0.2566029953820339,0.4544191281649501,5,10.0,512,67968,67968,0,geoclip,torchgeo_bench.coordbench.models.GeoCLIPLocationEncoder
mosaiks-nightlights,nightlights,regression,linear,random,r2,0.5457078555359276,0.5406155002201392,0.550800210851716,5,10.0,512,100000,100000,0,geoclip,torchgeo_bench.coordbench.models.GeoCLIPLocationEncoder
mosaiks-nightlights,nightlights,regression,linear,spatial,r2,0.4936151987339154,0.45609121282524895,0.5311391846425819,5,10.0,512,100000,100000,0,geoclip,torchgeo_bench.coordbench.models.GeoCLIPLocationEncoder
mosaiks-income,income,regression,linear,random,r2,0.41110252419703325,0.4050592886092778,0.4171457597847887,5,10.0,512,91377,91377,0,geoclip,torchgeo_bench.coordbench.models.GeoCLIPLocationEncoder
mosaiks-income,income,regression,linear,spatial,r2,0.23626110632435546,0.14437488271384352,0.3281473299348674,5,10.0,512,91377,91377,0,geoclip,torchgeo_bench.coordbench.models.GeoCLIPLocationEncoder
mosaiks-roads,roads,regression,linear,random,r2,0.055319966538365815,0.05176803305784425,0.05887190001888738,5,10.0,512,100000,100000,0,geoclip,torchgeo_bench.coordbench.models.GeoCLIPLocationEncoder
mosaiks-roads,roads,regression,linear,spatial,r2,0.007642682905351505,-0.0022639793809304237,0.017549345191633432,5,10.0,512,100000,100000,0,geoclip,torchgeo_bench.coordbench.models.GeoCLIPLocationEncoder
mosaiks-housing,housing,regression,linear,random,r2,0.6087820404456163,0.602403054544618,0.6151610263466147,5,10.0,512,54586,54586,0,geoclip,torchgeo_bench.coordbench.models.GeoCLIPLocationEncoder
mosaiks-housing,housing,regression,linear,spatial,r2,0.25899934490767046,0.0663764675938672,0.45162222222147375,5,10.0,512,54586,54586,0,geoclip,torchgeo_bench.coordbench.models.GeoCLIPLocationEncoder
country,country,classification,knn5,random,accuracy,0.9339409383457757,0.9269677852452027,0.9409140914463487,5,10.0,512,8432,8432,0,geoclip,torchgeo_bench.coordbench.models.GeoCLIPLocationEncoder
country,country,classification,linear,random,accuracy,0.865393877029419,0.8581727138836492,0.8726150401751886,5,10.0,512,8432,8432,0,geoclip,torchgeo_bench.coordbench.models.GeoCLIPLocationEncoder
country,country,classification,knn5,spatial,accuracy,0.7467318863290298,0.7218632032323764,0.7716005694256831,5,10.0,512,8432,8432,0,geoclip,torchgeo_bench.coordbench.models.GeoCLIPLocationEncoder
country,country,classification,linear,spatial,accuracy,0.7014242887496949,0.6463201724048563,0.7565284050945335,5,10.0,512,8432,8432,0,geoclip,torchgeo_bench.coordbench.models.GeoCLIPLocationEncoder
ecoregions,biome,classification,knn5,random,accuracy,0.8537122969837586,0.8498229571660695,0.8576016368014477,5,10.0,512,8620,8620,0,geoclip,torchgeo_bench.coordbench.models.GeoCLIPLocationEncoder
ecoregions,biome,classification,linear,random,accuracy,0.7868909120559693,0.7791730207711663,0.7946088033407722,5,10.0,512,8620,8620,0,geoclip,torchgeo_bench.coordbench.models.GeoCLIPLocationEncoder
ecoregions,ecoregion,classification,knn5,random,accuracy,0.7,0.6919009235843586,0.7080990764156413,5,10.0,512,8620,8620,0,geoclip,torchgeo_bench.coordbench.models.GeoCLIPLocationEncoder
ecoregions,ecoregion,classification,linear,random,accuracy,0.5633410573005676,0.5566025234382512,0.570079591162884,5,10.0,512,8620,8620,0,geoclip,torchgeo_bench.coordbench.models.GeoCLIPLocationEncoder
ecoregions,biome,classification,knn5,spatial,accuracy,0.7168580955032288,0.6895963354944674,0.7441198555119901,5,10.0,512,8620,8620,0,geoclip,torchgeo_bench.coordbench.models.GeoCLIPLocationEncoder
ecoregions,biome,classification,linear,spatial,accuracy,0.698289954662323,0.6771577280511472,0.7194221812734989,5,10.0,512,8620,8620,0,geoclip,torchgeo_bench.coordbench.models.GeoCLIPLocationEncoder
ecoregions,ecoregion,classification,knn5,spatial,accuracy,0.3723112161507132,0.3345474589640296,0.41007497333739684,5,10.0,512,8620,8620,0,geoclip,torchgeo_bench.coordbench.models.GeoCLIPLocationEncoder
ecoregions,ecoregion,classification,linear,spatial,accuracy,0.27873938381671903,0.21777011108579794,0.33970865654764015,5,10.0,512,8620,8620,0,geoclip,torchgeo_bench.coordbench.models.GeoCLIPLocationEncoder
worldclim-bio1,bio1,regression,linear,random,r2,0.8172427704774151,0.8093226867640032,0.825162854190827,5,10.0,512,18068,18068,0,geoclip,torchgeo_bench.coordbench.models.GeoCLIPLocationEncoder
worldclim-bio1,bio1,regression,linear,spatial,r2,0.772775912988182,0.7399740666609639,0.8055777593154002,5,10.0,512,18068,18068,0,geoclip,torchgeo_bench.coordbench.models.GeoCLIPLocationEncoder
worldclim-bio12,bio12,regression,linear,random,r2,0.7740396465582312,0.7654589906609756,0.7826203024554869,5,10.0,512,18068,18068,0,geoclip,torchgeo_bench.coordbench.models.GeoCLIPLocationEncoder
worldclim-bio12,bio12,regression,linear,spatial,r2,0.71687643041374,0.6665088063352214,0.7672440544922587,5,10.0,512,18068,18068,0,geoclip,torchgeo_bench.coordbench.models.GeoCLIPLocationEncoder
soilgrids-soc,soc,regression,linear,random,r2,0.7485196126863141,0.7337782520264683,0.7632609733461598,5,10.0,512,4884,4884,0,geoclip,torchgeo_bench.coordbench.models.GeoCLIPLocationEncoder
soilgrids-soc,soc,regression,linear,spatial,r2,0.6802905010886166,0.6197133925936321,0.740867609583601,5,10.0,512,4884,4884,0,geoclip,torchgeo_bench.coordbench.models.GeoCLIPLocationEncoder
soilgrids-phh2o,phh2o,regression,linear,random,r2,0.8220192738036612,0.8141571325380977,0.8298814150692247,5,10.0,512,4884,4884,0,geoclip,torchgeo_bench.coordbench.models.GeoCLIPLocationEncoder
soilgrids-phh2o,phh2o,regression,linear,spatial,r2,0.782758311939684,0.7711373112591093,0.7943793126202587,5,10.0,512,4884,4884,0,geoclip,torchgeo_bench.coordbench.models.GeoCLIPLocationEncoder
dm-africa_crop_mask,africa_crop_mask,classification,knn5,random,accuracy,0.8845875122309197,0.8757797207369565,0.8933953037248828,5,10.0,512,2556,2556,0,geoclip,torchgeo_bench.coordbench.models.GeoCLIPLocationEncoder
dm-africa_crop_mask,africa_crop_mask,classification,linear,random,accuracy,0.8795017242431641,0.8689869063371535,0.8900165421491747,5,10.0,512,2556,2556,0,geoclip,torchgeo_bench.coordbench.models.GeoCLIPLocationEncoder
dm-africa_crop_mask,africa_crop_mask,classification,knn5,spatial,accuracy,0.9137295781443273,0.8448846613675055,0.9825744949211491,5,10.0,512,2556,2556,0,geoclip,torchgeo_bench.coordbench.models.GeoCLIPLocationEncoder
dm-africa_crop_mask,africa_crop_mask,classification,linear,spatial,accuracy,0.9194007873535156,0.8504951581039333,0.9883064166030979,5,10.0,512,2556,2556,0,geoclip,torchgeo_bench.coordbench.models.GeoCLIPLocationEncoder
dm-aster_ged,aster_ged,regression,linear,random,r2,0.7169441400140384,0.7115835933131711,0.7223046867149057,5,10.0,512,17636,17636,0,geoclip,torchgeo_bench.coordbench.models.GeoCLIPLocationEncoder
dm-aster_ged,aster_ged,regression,linear,spatial,r2,0.5455858841542143,0.48518745308490735,0.6059843152235213,5,10.0,512,17636,17636,0,geoclip,torchgeo_bench.coordbench.models.GeoCLIPLocationEncoder
dm-canada_crops_coarse,canada_crops_coarse,classification,knn5,random,accuracy,0.4907031135148518,0.4805758409693252,0.5008303860603783,5,10.0,512,16079,16079,0,geoclip,torchgeo_bench.coordbench.models.GeoCLIPLocationEncoder
dm-canada_crops_coarse,canada_crops_coarse,classification,linear,random,accuracy,0.5000941276550293,0.49150841999177053,0.508679835318288,5,10.0,512,16079,16079,0,geoclip,torchgeo_bench.coordbench.models.GeoCLIPLocationEncoder
dm-canada_crops_coarse,canada_crops_coarse,classification,knn5,spatial,accuracy,0.30566494549395185,0.2436472476812505,0.3676826433066532,5,10.0,512,16079,16079,0,geoclip,torchgeo_bench.coordbench.models.GeoCLIPLocationEncoder
dm-canada_crops_coarse,canada_crops_coarse,classification,linear,spatial,accuracy,0.45396682620048523,0.33378831373008805,0.5741453386708824,5,10.0,512,16079,16079,0,geoclip,torchgeo_bench.coordbench.models.GeoCLIPLocationEncoder
dm-canada_crops_fine,canada_crops_fine,classification,knn5,random,accuracy,0.3193050300395288,0.3151253249184989,0.32348473516055876,5,10.0,512,14566,14566,0,geoclip,torchgeo_bench.coordbench.models.GeoCLIPLocationEncoder
dm-canada_crops_fine,canada_crops_fine,classification,linear,random,accuracy,0.3539742350578308,0.3480581993560891,0.35989027075957253,5,10.0,512,14566,14566,0,geoclip,torchgeo_bench.coordbench.models.GeoCLIPLocationEncoder
dm-canada_crops_fine,canada_crops_fine,classification,knn5,spatial,accuracy,0.1385790184813244,0.08995430107390798,0.1872037358887408,5,10.0,512,14566,14566,0,geoclip,torchgeo_bench.coordbench.models.GeoCLIPLocationEncoder
dm-canada_crops_fine,canada_crops_fine,classification,linear,spatial,accuracy,0.26841812431812284,0.21143135867567725,0.32540488996056843,5,10.0,512,14566,14566,0,geoclip,torchgeo_bench.coordbench.models.GeoCLIPLocationEncoder
dm-descals,descals,classification,knn5,random,accuracy,0.94495613216658,0.9417245128448993,0.9481877514882607,5,10.0,512,17477,17477,0,geoclip,torchgeo_bench.coordbench.models.GeoCLIPLocationEncoder
dm-descals,descals,classification,linear,random,accuracy,0.9454708456993103,0.9402083177410995,0.9507333736575211,5,10.0,512,17477,17477,0,geoclip,torchgeo_bench.coordbench.models.GeoCLIPLocationEncoder
dm-descals,descals,classification,knn5,spatial,accuracy,0.9355262545282436,0.9024144747641558,0.9686380342923313,5,10.0,512,17477,17477,0,geoclip,torchgeo_bench.coordbench.models.GeoCLIPLocationEncoder
dm-descals,descals,classification,linear,spatial,accuracy,0.9447733163833618,0.911004622325461,0.9785420104412627,5,10.0,512,17477,17477,0,geoclip,torchgeo_bench.coordbench.models.GeoCLIPLocationEncoder
dm-ethiopia_crops,ethiopia_crops,classification,knn5,random,accuracy,0.9181818181818182,0.9062191731617222,0.9301444632019142,5,10.0,512,2530,2530,0,geoclip,torchgeo_bench.coordbench.models.GeoCLIPLocationEncoder
dm-ethiopia_crops,ethiopia_crops,classification,linear,random,accuracy,0.922529685497284,0.9150929652101248,0.9299664057844431,5,10.0,512,2530,2530,0,geoclip,torchgeo_bench.coordbench.models.GeoCLIPLocationEncoder
dm-ethiopia_crops,ethiopia_crops,classification,knn5,spatial,accuracy,0.8632840436464128,0.7879312989727839,0.9386367883200416,5,10.0,512,2530,2530,0,geoclip,torchgeo_bench.coordbench.models.GeoCLIPLocationEncoder
dm-ethiopia_crops,ethiopia_crops,classification,linear,spatial,accuracy,0.8376198410987854,0.7412713073208935,0.9339683748766773,5,10.0,512,2530,2530,0,geoclip,torchgeo_bench.coordbench.models.GeoCLIPLocationEncoder
dm-glance,glance,classification,knn5,random,accuracy,0.5278486455496633,0.5236440729591263,0.5320532181402002,5,10.0,512,34885,34885,0,geoclip,torchgeo_bench.coordbench.models.GeoCLIPLocationEncoder
dm-glance,glance,classification,linear,random,accuracy,0.4646409869194031,0.45862298739722646,0.4706589864415797,5,10.0,512,34885,34885,0,geoclip,torchgeo_bench.coordbench.models.GeoCLIPLocationEncoder
dm-glance,glance,classification,knn5,spatial,accuracy,0.3741315207572411,0.3588346349637721,0.3894284065507101,5,10.0,512,34885,34885,0,geoclip,torchgeo_bench.coordbench.models.GeoCLIPLocationEncoder
dm-glance,glance,classification,linear,spatial,accuracy,0.40388983488082886,0.38445402649172294,0.42332564326993477,5,10.0,512,34885,34885,0,geoclip,torchgeo_bench.coordbench.models.GeoCLIPLocationEncoder
dm-lcmap_lc,lcmap_lc,classification,knn5,random,accuracy,0.6333459072048283,0.627367299055101,0.6393245153545556,5,10.0,512,26510,26510,0,geoclip,torchgeo_bench.coordbench.models.GeoCLIPLocationEncoder
dm-lcmap_lc,lcmap_lc,classification,linear,random,accuracy,0.6530365943908691,0.6481464366983334,0.6579267520834049,5,10.0,512,26510,26510,0,geoclip,torchgeo_bench.coordbench.models.GeoCLIPLocationEncoder
dm-lcmap_lc,lcmap_lc,classification,knn5,spatial,accuracy,0.5579009466128778,0.4841698706533568,0.6316320225723988,5,10.0,512,26510,26510,0,geoclip,torchgeo_bench.coordbench.models.GeoCLIPLocationEncoder
dm-lcmap_lc,lcmap_lc,classification,linear,spatial,accuracy,0.618676483631134,0.5515644376506833,0.6857885296115848,5,10.0,512,26510,26510,0,geoclip,torchgeo_bench.coordbench.models.GeoCLIPLocationEncoder
dm-lcmap_lcc,lcmap_lcc,classification,knn5,random,accuracy,0.7038793103448276,0.6916421814081222,0.7161164392815331,5,10.0,512,2320,2320,0,geoclip,torchgeo_bench.coordbench.models.GeoCLIPLocationEncoder
dm-lcmap_lcc,lcmap_lcc,classification,linear,random,accuracy,0.7099137902259827,0.6913943444053895,0.7284332360465758,5,10.0,512,2320,2320,0,geoclip,torchgeo_bench.coordbench.models.GeoCLIPLocationEncoder
dm-lcmap_lcc,lcmap_lcc,classification,knn5,spatial,accuracy,0.6649956800295906,0.6107016293475995,0.7192897307115818,5,10.0,512,2320,2320,0,geoclip,torchgeo_bench.coordbench.models.GeoCLIPLocationEncoder
dm-lcmap_lcc,lcmap_lcc,classification,linear,spatial,accuracy,0.6773587822914123,0.6303183110622681,0.7243992535205566,5,10.0,512,2320,2320,0,geoclip,torchgeo_bench.coordbench.models.GeoCLIPLocationEncoder
dm-lcmap_lu,lcmap_lu,classification,knn5,random,accuracy,0.6354998163712092,0.6325262880377823,0.6384733447046361,5,10.0,512,26513,26513,0,geoclip,torchgeo_bench.coordbench.models.GeoCLIPLocationEncoder
dm-lcmap_lu,lcmap_lu,classification,linear,random,accuracy,0.6488141775131225,0.6398570018047315,0.6577713532215136,5,10.0,512,26513,26513,0,geoclip,torchgeo_bench.coordbench.models.GeoCLIPLocationEncoder
dm-lcmap_lu,lcmap_lu,classification,knn5,spatial,accuracy,0.5048546495721886,0.4516521708213366,0.5580571283230407,5,10.0,512,26513,26513,0,geoclip,torchgeo_bench.coordbench.models.GeoCLIPLocationEncoder
dm-lcmap_lu,lcmap_lu,classification,linear,spatial,accuracy,0.610443115234375,0.5497859433988961,0.6711002870698539,5,10.0,512,26513,26513,0,geoclip,torchgeo_bench.coordbench.models.GeoCLIPLocationEncoder
dm-lcmap_luc,lcmap_luc,classification,knn5,random,accuracy,0.6791025836251967,0.6556001312755193,0.7026050359748741,5,10.0,512,991,991,0,geoclip,torchgeo_bench.coordbench.models.GeoCLIPLocationEncoder
dm-lcmap_luc,lcmap_luc,classification,linear,random,accuracy,0.6488452434539795,0.6338115447883071,0.6638789421196519,5,10.0,512,991,991,0,geoclip,torchgeo_bench.coordbench.models.GeoCLIPLocationEncoder
dm-lcmap_luc,lcmap_luc,classification,knn5,spatial,accuracy,0.6400491113860829,0.6004847908343677,0.6796134319377981,5,10.0,512,991,991,0,geoclip,torchgeo_bench.coordbench.models.GeoCLIPLocationEncoder
dm-lcmap_luc,lcmap_luc,classification,linear,spatial,accuracy,0.6063490033149719,0.5507191131314041,0.6619788934985397,5,10.0,512,991,991,0,geoclip,torchgeo_bench.coordbench.models.GeoCLIPLocationEncoder
dm-lucas_lc,lucas_lc,classification,knn5,random,accuracy,0.2714607805313718,0.2695837034111687,0.27333785765157487,5,10.0,512,203569,203569,0,geoclip,torchgeo_bench.coordbench.models.GeoCLIPLocationEncoder
dm-lucas_lc,lucas_lc,classification,linear,random,accuracy,0.2851121723651886,0.2821964543580918,0.2880278903722854,5,10.0,512,203569,203569,0,geoclip,torchgeo_bench.coordbench.models.GeoCLIPLocationEncoder
dm-lucas_lc,lucas_lc,classification,knn5,spatial,accuracy,0.15950612588976934,0.14480614947314938,0.1742061023063893,5,10.0,512,203569,203569,0,geoclip,torchgeo_bench.coordbench.models.GeoCLIPLocationEncoder
dm-lucas_lc,lucas_lc,classification,linear,spatial,accuracy,0.23224326372146606,0.2111952727507105,0.2532912546922216,5,10.0,512,203569,203569,0,geoclip,torchgeo_bench.coordbench.models.GeoCLIPLocationEncoder
dm-lucas_lu,lucas_lu,classification,knn5,random,accuracy,0.5922868073624585,0.5912756016472385,0.5932980130776786,5,10.0,512,226858,226858,0,geoclip,torchgeo_bench.coordbench.models.GeoCLIPLocationEncoder
dm-lucas_lu,lucas_lu,classification,linear,random,accuracy,0.5788422703742981,0.5770527130387251,0.5806318277098712,5,10.0,512,226858,226858,0,geoclip,torchgeo_bench.coordbench.models.GeoCLIPLocationEncoder
dm-lucas_lu,lucas_lu,classification,knn5,spatial,accuracy,0.480609424531656,0.420786819488674,0.540432029574638,5,10.0,512,226858,226858,0,geoclip,torchgeo_bench.coordbench.models.GeoCLIPLocationEncoder
dm-lucas_lu,lucas_lu,classification,linear,spatial,accuracy,0.531059205532074,0.47648611134480456,0.5856322997193434,5,10.0,512,226858,226858,0,geoclip,torchgeo_bench.coordbench.models.GeoCLIPLocationEncoder
dm-openet_ensemble,openet_ensemble,regression,linear,random,r2,0.08530386665501892,0.08268289286156574,0.0879248404484721,5,10.0,512,35683,35683,0,geoclip,torchgeo_bench.coordbench.models.GeoCLIPLocationEncoder
dm-openet_ensemble,openet_ensemble,regression,linear,spatial,r2,-0.02003339483320472,-0.04725529827292579,0.007188508606516347,5,10.0,512,35683,35683,0,geoclip,torchgeo_bench.coordbench.models.GeoCLIPLocationEncoder
dm-us_trees,us_trees,classification,knn5,random,accuracy,0.1585651465428752,0.1557950852120158,0.16133520787373462,5,10.0,512,45382,45382,0,geoclip,torchgeo_bench.coordbench.models.GeoCLIPLocationEncoder
dm-us_trees,us_trees,classification,linear,random,accuracy,0.1806663453578949,0.17709820877302002,0.18423448194276976,5,10.0,512,45382,45382,0,geoclip,torchgeo_bench.coordbench.models.GeoCLIPLocationEncoder
dm-us_trees,us_trees,classification,knn5,spatial,accuracy,0.07736158107418854,0.05902908957474397,0.09569407257363312,5,10.0,512,45382,45382,0,geoclip,torchgeo_bench.coordbench.models.GeoCLIPLocationEncoder
dm-us_trees,us_trees,classification,linear,spatial,accuracy,0.1274184077978134,0.10436327510284354,0.15047354049278328,5,10.0,512,45382,45382,0,geoclip,torchgeo_bench.coordbench.models.GeoCLIPLocationEncoder
pdfm-conus27,Percent_Person_WithHighCholesterol,regression,linear,random,r2,0.28677909536032853,0.2756262907248273,0.29793189999582975,5,10.0,256,35157,34894,0,satclip,torchgeo_bench.coordbench.models.SatCLIPLocationEncoder
pdfm-conus27,Percent_Person_WithPhysicalHealthNotGood,regression,linear,random,r2,0.49070881011921513,0.4819468425173471,0.49947077772108317,5,10.0,256,35157,34894,0,satclip,torchgeo_bench.coordbench.models.SatCLIPLocationEncoder
pdfm-conus27,Percent_Person_WithStroke,regression,linear,random,r2,0.3235844363304626,0.3103027059868756,0.33686616667404956,5,10.0,256,35157,34894,0,satclip,torchgeo_bench.coordbench.models.SatCLIPLocationEncoder
pdfm-conus27,Percent_Person_BingeDrinking,regression,linear,random,r2,0.47608926566147475,0.4712194356516841,0.4809590956712654,5,10.0,256,35157,34894,0,satclip,torchgeo_bench.coordbench.models.SatCLIPLocationEncoder
pdfm-conus27,Percent_Person_PhysicalInactivity,regression,linear,random,r2,0.49632878043238177,0.4899543153086924,0.5027032455560712,5,10.0,256,35157,34894,0,satclip,torchgeo_bench.coordbench.models.SatCLIPLocationEncoder
pdfm-conus27,Percent_Person_ReceivedAnnualCheckup,regression,linear,random,r2,0.7293063707315554,0.7258005217067078,0.7328122197564029,5,10.0,256,35157,34894,0,satclip,torchgeo_bench.coordbench.models.SatCLIPLocationEncoder
pdfm-conus27,Percent_Person_WithCancerExcludingSkinCancer,regression,linear,random,r2,0.22720792467425904,0.2158102643464291,0.23860558500208898,5,10.0,256,35157,34894,0,satclip,torchgeo_bench.coordbench.models.SatCLIPLocationEncoder
pdfm-conus27,Percent_Person_WithDiabetes,regression,linear,random,r2,0.3890611599800951,0.37696226564104757,0.40116005431914264,5,10.0,256,35157,34894,0,satclip,torchgeo_bench.coordbench.models.SatCLIPLocationEncoder
pdfm-conus27,Percent_Person_WithMentalHealthNotGood,regression,linear,random,r2,0.43308497279289704,0.4223640227516044,0.4438059228341897,5,10.0,256,35157,34894,0,satclip,torchgeo_bench.coordbench.models.SatCLIPLocationEncoder
pdfm-conus27,Percent_Person_WithCoronaryHeartDisease,regression,linear,random,r2,0.3738880092519824,0.3650533424474752,0.3827226760564896,5,10.0,256,35157,34894,0,satclip,torchgeo_bench.coordbench.models.SatCLIPLocationEncoder
pdfm-conus27,Percent_Person_WithHighBloodPressure,regression,linear,random,r2,0.4574580638858382,0.44784170480098245,0.46707442297069396,5,10.0,256,35157,34894,0,satclip,torchgeo_bench.coordbench.models.SatCLIPLocationEncoder
pdfm-conus27,Percent_Person_ReceivedCholesterolScreening,regression,linear,random,r2,0.41791680104330753,0.40707443977258556,0.4287591623140295,5,10.0,256,35157,34894,0,satclip,torchgeo_bench.coordbench.models.SatCLIPLocationEncoder
pdfm-conus27,Percent_Person_ReceivedDentalVisit,regression,linear,random,r2,0.5055268029449781,0.4969427067745904,0.5141108991153658,5,10.0,256,35157,34894,0,satclip,torchgeo_bench.coordbench.models.SatCLIPLocationEncoder
pdfm-conus27,Percent_Person_WithAsthma,regression,linear,random,r2,0.49886227143917894,0.4898663156007083,0.5078582272776495,5,10.0,256,35157,34894,0,satclip,torchgeo_bench.coordbench.models.SatCLIPLocationEncoder
pdfm-conus27,Percent_Person_WithChronicKidneyDisease,regression,linear,random,r2,0.2729091246065803,0.2578016095663218,0.28801663964683877,5,10.0,256,35157,34894,0,satclip,torchgeo_bench.coordbench.models.SatCLIPLocationEncoder
pdfm-conus27,Percent_Person_WithArthritis,regression,linear,random,r2,0.40694401428926186,0.3971020099713358,0.4167860186071879,5,10.0,256,35157,34894,0,satclip,torchgeo_bench.coordbench.models.SatCLIPLocationEncoder
pdfm-conus27,Percent_Person_WithChronicObstructivePulmonaryDisease,regression,linear,random,r2,0.5185994232371502,0.510486101110498,0.5267127453638025,5,10.0,256,35157,34894,0,satclip,torchgeo_bench.coordbench.models.SatCLIPLocationEncoder
pdfm-conus27,Percent_Person_18OrMoreYears_WithHighBloodPressure_ReceivedTakingBloodPressureMedication,regression,linear,random,r2,0.21834071375264194,0.20363440191401483,0.23304702559126905,5,10.0,256,35157,34894,0,satclip,torchgeo_bench.coordbench.models.SatCLIPLocationEncoder
pdfm-conus27,Percent_Person_Obesity,regression,linear,random,r2,0.5435085178455086,0.5323862279367789,0.5546308077542382,5,10.0,256,35157,34894,0,satclip,torchgeo_bench.coordbench.models.SatCLIPLocationEncoder
pdfm-conus27,Percent_Person_SleepLessThan7Hours,regression,linear,random,r2,0.5350813872162387,0.5252710535977374,0.5448917208347399,5,10.0,256,35157,34894,0,satclip,torchgeo_bench.coordbench.models.SatCLIPLocationEncoder
pdfm-conus27,Percent_Person_Smoking,regression,linear,random,r2,0.5106876100829381,0.5016070518136856,0.5197681683521905,5,10.0,256,35157,34894,0,satclip,torchgeo_bench.coordbench.models.SatCLIPLocationEncoder
pdfm-conus27,Median_Income_Household,regression,linear,random,r2,0.34515314953681625,0.33842307168159386,0.35188322739203864,5,10.0,256,35157,34835,0,satclip,torchgeo_bench.coordbench.models.SatCLIPLocationEncoder
pdfm-conus27,Median_HomeValue_HousingUnit_OccupiedHousingUnit_OwnerOccupied,regression,linear,random,r2,0.6173806499980035,0.6026263799987379,0.632134919997269,5,10.0,256,35157,34609,0,satclip,torchgeo_bench.coordbench.models.SatCLIPLocationEncoder
pdfm-conus27,night_lights_log10,regression,linear,random,r2,0.4460608967581884,0.4398312367172821,0.4522905567990947,5,10.0,256,35157,35157,0,satclip,torchgeo_bench.coordbench.models.SatCLIPLocationEncoder
pdfm-conus27,population_density_log10,regression,linear,random,r2,0.5357984025506273,0.5294276294484269,0.5421691756528276,5,10.0,256,35157,35157,0,satclip,torchgeo_bench.coordbench.models.SatCLIPLocationEncoder
pdfm-conus27,tree_cover,regression,linear,random,r2,0.7197828804594275,0.7144243097062268,0.7251414512126282,5,10.0,256,35157,35157,0,satclip,torchgeo_bench.coordbench.models.SatCLIPLocationEncoder
pdfm-conus27,elevation,regression,linear,random,r2,0.9309960903355956,0.9275115565405608,0.9344806241306304,5,10.0,256,35157,35157,0,satclip,torchgeo_bench.coordbench.models.SatCLIPLocationEncoder
pdfm-conus27,Percent_Person_WithHighCholesterol,regression,linear,spatial,r2,-0.16383720822715792,-0.3759556766872093,0.0482812602328935,5,10.0,256,35157,34894,0,satclip,torchgeo_bench.coordbench.models.SatCLIPLocationEncoder
pdfm-conus27,Percent_Person_WithPhysicalHealthNotGood,regression,linear,spatial,r2,-0.2967828639197278,-0.8463483014413538,0.2527825736018982,5,10.0,256,35157,34894,0,satclip,torchgeo_bench.coordbench.models.SatCLIPLocationEncoder
pdfm-conus27,Percent_Person_WithStroke,regression,linear,spatial,r2,-0.09502015911656458,-0.316706259039019,0.12666594080588983,5,10.0,256,35157,34894,0,satclip,torchgeo_bench.coordbench.models.SatCLIPLocationEncoder
pdfm-conus27,Percent_Person_BingeDrinking,regression,linear,spatial,r2,-0.08167126342812284,-0.244211906899437,0.08086938004319133,5,10.0,256,35157,34894,0,satclip,torchgeo_bench.coordbench.models.SatCLIPLocationEncoder
pdfm-conus27,Percent_Person_PhysicalInactivity,regression,linear,spatial,r2,-0.032874112000276276,-0.2906234058769715,0.22487518187641892,5,10.0,256,35157,34894,0,satclip,torchgeo_bench.coordbench.models.SatCLIPLocationEncoder
pdfm-conus27,Percent_Person_ReceivedAnnualCheckup,regression,linear,spatial,r2,0.3579113810387325,0.07471393576182966,0.6411088263156353,5,10.0,256,35157,34894,0,satclip,torchgeo_bench.coordbench.models.SatCLIPLocationEncoder
pdfm-conus27,Percent_Person_WithCancerExcludingSkinCancer,regression,linear,spatial,r2,-0.022980302735922286,-0.07772164936643705,0.03176104389459247,5,10.0,256,35157,34894,0,satclip,torchgeo_bench.coordbench.models.SatCLIPLocationEncoder
pdfm-conus27,Percent_Person_WithDiabetes,regression,linear,spatial,r2,-0.08203782055383815,-0.2923528954033696,0.12827725429569334,5,10.0,256,35157,34894,0,satclip,torchgeo_bench.coordbench.models.SatCLIPLocationEncoder
pdfm-conus27,Percent_Person_WithMentalHealthNotGood,regression,linear,spatial,r2,-0.2450518301365286,-0.4085494343090864,-0.0815542259639708,5,10.0,256,35157,34894,0,satclip,torchgeo_bench.coordbench.models.SatCLIPLocationEncoder
pdfm-conus27,Percent_Person_WithCoronaryHeartDisease,regression,linear,spatial,r2,-0.0668666253259983,-0.2721456163975058,0.1384123657455092,5,10.0,256,35157,34894,0,satclip,torchgeo_bench.coordbench.models.SatCLIPLocationEncoder
pdfm-conus27,Percent_Person_WithHighBloodPressure,regression,linear,spatial,r2,0.004243051352844485,-0.2869901129737429,0.29547621567943183,5,10.0,256,35157,34894,0,satclip,torchgeo_bench.coordbench.models.SatCLIPLocationEncoder
pdfm-conus27,Percent_Person_ReceivedCholesterolScreening,regression,linear,spatial,r2,-0.319590101625621,-0.9760414553827401,0.33686125213149815,5,10.0,256,35157,34894,0,satclip,torchgeo_bench.coordbench.models.SatCLIPLocationEncoder
pdfm-conus27,Percent_Person_ReceivedDentalVisit,regression,linear,spatial,r2,-0.0804644815779754,-0.3783250248485762,0.21739606169262546,5,10.0,256,35157,34894,0,satclip,torchgeo_bench.coordbench.models.SatCLIPLocationEncoder
pdfm-conus27,Percent_Person_WithAsthma,regression,linear,spatial,r2,-0.19431697913381157,-0.2941043371046142,-0.09452962116300896,5,10.0,256,35157,34894,0,satclip,torchgeo_bench.coordbench.models.SatCLIPLocationEncoder
pdfm-conus27,Percent_Person_WithChronicKidneyDisease,regression,linear,spatial,r2,-0.08698784766852816,-0.2526437422498325,0.07866804691277618,5,10.0,256,35157,34894,0,satclip,torchgeo_bench.coordbench.models.SatCLIPLocationEncoder
pdfm-conus27,Percent_Person_WithArthritis,regression,linear,spatial,r2,-0.021731296563817913,-0.2773177447621354,0.23385515163449958,5,10.0,256,35157,34894,0,satclip,torchgeo_bench.coordbench.models.SatCLIPLocationEncoder
pdfm-conus27,Percent_Person_WithChronicObstructivePulmonaryDisease,regression,linear,spatial,r2,-0.17153088411330253,-0.5661266802276943,0.2230649120010892,5,10.0,256,35157,34894,0,satclip,torchgeo_bench.coordbench.models.SatCLIPLocationEncoder
pdfm-conus27,Percent_Person_18OrMoreYears_WithHighBloodPressure_ReceivedTakingBloodPressureMedication,regression,linear,spatial,r2,-0.005995142026252687,-0.1333477548824721,0.12135747082996674,5,10.0,256,35157,34894,0,satclip,torchgeo_bench.coordbench.models.SatCLIPLocationEncoder
pdfm-conus27,Percent_Person_Obesity,regression,linear,spatial,r2,-0.17057995263475295,-0.6977627488496865,0.35660284358018063,5,10.0,256,35157,34894,0,satclip,torchgeo_bench.coordbench.models.SatCLIPLocationEncoder
pdfm-conus27,Percent_Person_SleepLessThan7Hours,regression,linear,spatial,r2,0.08319402238668103,-0.03387816730053367,0.20026621207389572,5,10.0,256,35157,34894,0,satclip,torchgeo_bench.coordbench.models.SatCLIPLocationEncoder
pdfm-conus27,Percent_Person_Smoking,regression,linear,spatial,r2,-0.23648022555947784,-0.7410421641265399,0.26808171300758415,5,10.0,256,35157,34894,0,satclip,torchgeo_bench.coordbench.models.SatCLIPLocationEncoder
pdfm-conus27,Median_Income_Household,regression,linear,spatial,r2,-0.07994248893416762,-0.35039280064363326,0.19050782277529804,5,10.0,256,35157,34835,0,satclip,torchgeo_bench.coordbench.models.SatCLIPLocationEncoder
pdfm-conus27,Median_HomeValue_HousingUnit_OccupiedHousingUnit_OwnerOccupied,regression,linear,spatial,r2,-0.18770137997281472,-0.6639907924916445,0.28858803254601506,5,10.0,256,35157,34609,0,satclip,torchgeo_bench.coordbench.models.SatCLIPLocationEncoder
pdfm-conus27,night_lights_log10,regression,linear,spatial,r2,-0.034778572786912564,-0.205166665984726,0.13560952041090085,5,10.0,256,35157,35157,0,satclip,torchgeo_bench.coordbench.models.SatCLIPLocationEncoder
pdfm-conus27,population_density_log10,regression,linear,spatial,r2,0.061775476607851584,-0.10215989064245974,0.22571084385816292,5,10.0,256,35157,35157,0,satclip,torchgeo_bench.coordbench.models.SatCLIPLocationEncoder
pdfm-conus27,tree_cover,regression,linear,spatial,r2,0.4608485894302789,0.3676224013425352,0.5540747775180226,5,10.0,256,35157,35157,0,satclip,torchgeo_bench.coordbench.models.SatCLIPLocationEncoder
pdfm-conus27,elevation,regression,linear,spatial,r2,0.4272877188933387,0.05103983515002436,0.8035356026366531,5,10.0,256,35157,35157,0,satclip,torchgeo_bench.coordbench.models.SatCLIPLocationEncoder
satclip-air-temp,air_temperature,regression,linear,random,r2,0.8338789777933142,0.8264460101459,0.8413119454407284,5,10.0,256,3076,3076,0,satclip,torchgeo_bench.coordbench.models.SatCLIPLocationEncoder
satclip-air-temp,air_temperature,regression,linear,spatial,r2,0.7597329860757835,0.7187703899096329,0.8006955822419342,5,10.0,256,3076,3076,0,satclip,torchgeo_bench.coordbench.models.SatCLIPLocationEncoder
california-housing,median_house_value,regression,linear,random,r2,0.4739146963941576,0.4646785277854974,0.48315086500281784,5,10.0,256,20640,20640,0,satclip,torchgeo_bench.coordbench.models.SatCLIPLocationEncoder
california-housing,median_house_value,regression,linear,spatial,r2,-4.373058299179527,-8.241341903947585,-0.5047746944114682,5,10.0,256,20640,20640,0,satclip,torchgeo_bench.coordbench.models.SatCLIPLocationEncoder
satclip-country,country,classification,knn5,random,accuracy,0.9652677756391436,0.9633793785456527,0.9671561727326344,5,10.0,256,33053,33053,0,satclip,torchgeo_bench.coordbench.models.SatCLIPLocationEncoder
satclip-country,country,classification,linear,random,accuracy,0.8192294478416443,0.8151792513061065,0.8232796443771822,5,10.0,256,33053,33053,0,satclip,torchgeo_bench.coordbench.models.SatCLIPLocationEncoder
satclip-country,country,classification,knn5,spatial,accuracy,0.8275540849692169,0.7976352727731336,0.8574728971653002,5,10.0,256,33053,33053,0,satclip,torchgeo_bench.coordbench.models.SatCLIPLocationEncoder
satclip-country,country,classification,linear,spatial,accuracy,0.6598407864570618,0.6181106396289405,0.701570933285183,5,10.0,256,33053,33053,0,satclip,torchgeo_bench.coordbench.models.SatCLIPLocationEncoder
satclip-ecoregion,ecoregion_class_index,classification,knn5,random,accuracy,0.858314376261997,0.8544261821485107,0.8622025703754833,5,10.0,256,32798,32798,0,satclip,torchgeo_bench.coordbench.models.SatCLIPLocationEncoder
satclip-ecoregion,ecoregion_class_index,classification,linear,random,accuracy,0.7049817919731141,0.6983763209638385,0.7115872629823896,5,10.0,256,32798,32798,0,satclip,torchgeo_bench.coordbench.models.SatCLIPLocationEncoder
satclip-ecoregion,ecoregion_class_index,classification,knn5,spatial,accuracy,0.6616646522745564,0.6344313934953645,0.6888979110537483,5,10.0,256,32798,32798,0,satclip,torchgeo_bench.coordbench.models.SatCLIPLocationEncoder
satclip-ecoregion,ecoregion_class_index,classification,linear,spatial,accuracy,0.4841398000717163,0.44788760855109266,0.52039199159234,5,10.0,256,32798,32798,0,satclip,torchgeo_bench.coordbench.models.SatCLIPLocationEncoder
satclip-biome,biome_class_index,classification,knn5,random,accuracy,0.9308798699608433,0.9293506695068443,0.9324090704148422,5,10.0,256,32798,32798,0,satclip,torchgeo_bench.coordbench.models.SatCLIPLocationEncoder
satclip-biome,biome_class_index,classification,linear,random,accuracy,0.8530091285705567,0.847973548907676,0.8580447082334374,5,10.0,256,32798,32798,0,satclip,torchgeo_bench.coordbench.models.SatCLIPLocationEncoder
satclip-biome,biome_class_index,classification,knn5,spatial,accuracy,0.8527582466104819,0.8423674055259709,0.863149087694993,5,10.0,256,32798,32798,0,satclip,torchgeo_bench.coordbench.models.SatCLIPLocationEncoder
satclip-biome,biome_class_index,classification,linear,spatial,accuracy,0.783636212348938,0.7640267306962374,0.8032456940016386,5,10.0,256,32798,32798,0,satclip,torchgeo_bench.coordbench.models.SatCLIPLocationEncoder
satclip-population,log_population,regression,linear,random,r2,0.6843292301025157,0.6773703240798347,0.6912881361251967,5,10.0,256,74512,74512,0,satclip,torchgeo_bench.coordbench.models.SatCLIPLocationEncoder
satclip-population,log_population,regression,linear,spatial,r2,0.5768701154693654,0.4588676597950426,0.6948725711436882,5,10.0,256,74512,74512,0,satclip,torchgeo_bench.coordbench.models.SatCLIPLocationEncoder
satclip-elevation,elevation,regression,linear,random,r2,0.6684025561198617,0.6611459701476522,0.6756591420920711,5,10.0,256,100000,99995,0,satclip,torchgeo_bench.coordbench.models.SatCLIPLocationEncoder
satclip-elevation,elevation,regression,linear,spatial,r2,0.5077359943612932,0.4028724830614998,0.6125995056610867,5,10.0,256,100000,99995,0,satclip,torchgeo_bench.coordbench.models.SatCLIPLocationEncoder
sustainbench-asset,asset_index,regression,linear,official,r2,0.48687982459408474,0.48687982459408474,0.48687982459408474,1,10.0,256,86936,86936,0,satclip,torchgeo_bench.coordbench.models.SatCLIPLocationEncoder
sustainbench-water,water_index,regression,linear,official,r2,0.3388693315623056,0.3388693315623056,0.3388693315623056,1,10.0,256,87938,87938,0,satclip,torchgeo_bench.coordbench.models.SatCLIPLocationEncoder
sustainbench-sanitation,sanitation_index,regression,linear,official,r2,0.42990486075134515,0.42990486075134515,0.42990486075134515,1,10.0,256,89271,89271,0,satclip,torchgeo_bench.coordbench.models.SatCLIPLocationEncoder
sustainbench-child_mortality,under5_mort,regression,linear,official,r2,0.2374674684171889,0.2374674684171889,0.2374674684171889,1,10.0,256,105582,105582,0,satclip,torchgeo_bench.coordbench.models.SatCLIPLocationEncoder
sustainbench-women_edu,women_edu,regression,linear,official,r2,0.478920566169996,0.478920566169996,0.478920566169996,1,10.0,256,117062,117062,0,satclip,torchgeo_bench.coordbench.models.SatCLIPLocationEncoder
sustainbench-women_bmi,women_bmi,regression,linear,official,r2,0.6337347337557924,0.6337347337557924,0.6337347337557924,1,10.0,256,94866,94866,0,satclip,torchgeo_bench.coordbench.models.SatCLIPLocationEncoder
bt-cropharvest,crop_type,classification,knn5,random,accuracy,0.5658333333333333,0.5494797933005166,0.58218687336615,5,10.0,256,3600,3600,0,satclip,torchgeo_bench.coordbench.models.SatCLIPLocationEncoder
bt-cropharvest,crop_type,classification,linear,random,accuracy,0.4741666793823242,0.46276086263255134,0.4855724961320971,5,10.0,256,3600,3600,0,satclip,torchgeo_bench.coordbench.models.SatCLIPLocationEncoder
bt-cropharvest,crop_type,classification,knn5,spatial,accuracy,0.1604872856834224,0.015551344533629219,0.3054232268332156,5,10.0,256,3600,3600,0,satclip,torchgeo_bench.coordbench.models.SatCLIPLocationEncoder
bt-cropharvest,crop_type,classification,linear,spatial,accuracy,0.18962679672986268,0.053535561000904064,0.3257180324588213,5,10.0,256,3600,3600,0,satclip,torchgeo_bench.coordbench.models.SatCLIPLocationEncoder
bt-biomass,biomass,regression,linear,random,r2,0.38811977907600514,0.36775939571870764,0.40848016243330265,5,10.0,256,18393,18393,0,satclip,torchgeo_bench.coordbench.models.SatCLIPLocationEncoder
bt-biomass,biomass,regression,linear,spatial,r2,0.2821168346426039,0.23557147064637912,0.3286621986388287,5,10.0,256,18393,18393,0,satclip,torchgeo_bench.coordbench.models.SatCLIPLocationEncoder
bt-landcover,water,regression,linear,random,r2,0.05694076323039989,0.04754943325236049,0.0663320932084393,5,10.0,256,10000,10000,0,satclip,torchgeo_bench.coordbench.models.SatCLIPLocationEncoder
bt-landcover,trees,regression,linear,random,r2,0.513595947609398,0.5015048390593286,0.5256870561594673,5,10.0,256,10000,10000,0,satclip,torchgeo_bench.coordbench.models.SatCLIPLocationEncoder
bt-landcover,grass,regression,linear,random,r2,0.23459005584801734,0.20782459970441636,0.26135551199161833,5,10.0,256,10000,10000,0,satclip,torchgeo_bench.coordbench.models.SatCLIPLocationEncoder
bt-landcover,flooded_vegetation,regression,linear,random,r2,0.11701360490340713,0.08963217211814187,0.1443950376886724,5,10.0,256,10000,10000,0,satclip,torchgeo_bench.coordbench.models.SatCLIPLocationEncoder
bt-landcover,crops,regression,linear,random,r2,0.3268184483788861,0.3025663630895829,0.35107053366818924,5,10.0,256,10000,10000,0,satclip,torchgeo_bench.coordbench.models.SatCLIPLocationEncoder
bt-landcover,shrub_and_scrub,regression,linear,random,r2,0.47317096864392666,0.44632673274616474,0.5000152045416886,5,10.0,256,10000,10000,0,satclip,torchgeo_bench.coordbench.models.SatCLIPLocationEncoder
bt-landcover,built,regression,linear,random,r2,0.06090783427608093,0.0414713903995047,0.08034427815265716,5,10.0,256,10000,10000,0,satclip,torchgeo_bench.coordbench.models.SatCLIPLocationEncoder
bt-landcover,bare,regression,linear,random,r2,0.7743139539035525,0.7657172513152007,0.7829106564919043,5,10.0,256,10000,10000,0,satclip,torchgeo_bench.coordbench.models.SatCLIPLocationEncoder
bt-landcover,snow_and_ice,regression,linear,random,r2,0.7893492842828336,0.7839460747515565,0.7947524938141106,5,10.0,256,10000,10000,0,satclip,torchgeo_bench.coordbench.models.SatCLIPLocationEncoder
bt-landcover,water,regression,linear,spatial,r2,0.04520292993094972,0.02738099767295068,0.06302486218894876,5,10.0,256,10000,10000,0,satclip,torchgeo_bench.coordbench.models.SatCLIPLocationEncoder
bt-landcover,trees,regression,linear,spatial,r2,0.47189741639549254,0.43983998215574,0.5039548506352451,5,10.0,256,10000,10000,0,satclip,torchgeo_bench.coordbench.models.SatCLIPLocationEncoder
bt-landcover,grass,regression,linear,spatial,r2,0.18890195906575286,0.13011756151864876,0.24768635661285696,5,10.0,256,10000,10000,0,satclip,torchgeo_bench.coordbench.models.SatCLIPLocationEncoder
bt-landcover,flooded_vegetation,regression,linear,spatial,r2,0.09529699068640647,0.07121138450110513,0.11938259687170781,5,10.0,256,10000,10000,0,satclip,torchgeo_bench.coordbench.models.SatCLIPLocationEncoder
bt-landcover,crops,regression,linear,spatial,r2,0.2838094274827593,0.27336670340794855,0.29425215155757,5,10.0,256,10000,10000,0,satclip,torchgeo_bench.coordbench.models.SatCLIPLocationEncoder
bt-landcover,shrub_and_scrub,regression,linear,spatial,r2,0.41997255753982055,0.39043126003009215,0.44951385504954894,5,10.0,256,10000,10000,0,satclip,torchgeo_bench.coordbench.models.SatCLIPLocationEncoder
bt-landcover,built,regression,linear,spatial,r2,0.026943138891430206,-0.005241107159424871,0.05912738494228528,5,10.0,256,10000,10000,0,satclip,torchgeo_bench.coordbench.models.SatCLIPLocationEncoder
bt-landcover,bare,regression,linear,spatial,r2,0.7036593740534938,0.6640659348064629,0.7432528133005246,5,10.0,256,10000,10000,0,satclip,torchgeo_bench.coordbench.models.SatCLIPLocationEncoder
bt-landcover,snow_and_ice,regression,linear,spatial,r2,0.7094490303875622,0.6668902216459208,0.7520078391292037,5,10.0,256,10000,10000,0,satclip,torchgeo_bench.coordbench.models.SatCLIPLocationEncoder
bt-bioclim,bioclim_01,regression,linear,random,r2,0.8892836377540766,0.8853969152255436,0.8931703602826095,5,10.0,256,9681,9681,0,satclip,torchgeo_bench.coordbench.models.SatCLIPLocationEncoder
bt-bioclim,bioclim_02,regression,linear,random,r2,0.7276686115736813,0.7258656989701349,0.7294715241772278,5,10.0,256,9681,9681,0,satclip,torchgeo_bench.coordbench.models.SatCLIPLocationEncoder
bt-bioclim,bioclim_03,regression,linear,random,r2,0.8809946012936599,0.8752963632836249,0.8866928393036949,5,10.0,256,9681,9681,0,satclip,torchgeo_bench.coordbench.models.SatCLIPLocationEncoder
bt-bioclim,bioclim_04,regression,linear,random,r2,0.8971418219212319,0.8926895627901712,0.9015940810522927,5,10.0,256,9681,9681,0,satclip,torchgeo_bench.coordbench.models.SatCLIPLocationEncoder
bt-bioclim,bioclim_05,regression,linear,random,r2,0.7990871202761028,0.7911414610977995,0.8070327794544062,5,10.0,256,9681,9681,0,satclip,torchgeo_bench.coordbench.models.SatCLIPLocationEncoder
bt-bioclim,bioclim_06,regression,linear,random,r2,0.9025031867105859,0.8977890004829531,0.9072173729382188,5,10.0,256,9681,9681,0,satclip,torchgeo_bench.coordbench.models.SatCLIPLocationEncoder
bt-bioclim,bioclim_07,regression,linear,random,r2,0.8782055234646352,0.8727107906286251,0.8837002563006453,5,10.0,256,9681,9681,0,satclip,torchgeo_bench.coordbench.models.SatCLIPLocationEncoder
bt-bioclim,bioclim_08,regression,linear,random,r2,0.70349732895444,0.6986856119111277,0.7083090459977522,5,10.0,256,9681,9681,0,satclip,torchgeo_bench.coordbench.models.SatCLIPLocationEncoder
bt-bioclim,bioclim_09,regression,linear,random,r2,0.8453713241512816,0.8383156323750593,0.8524270159275038,5,10.0,256,9681,9681,0,satclip,torchgeo_bench.coordbench.models.SatCLIPLocationEncoder
bt-bioclim,bioclim_10,regression,linear,random,r2,0.8130064340326653,0.8066366158735752,0.8193762521917554,5,10.0,256,9681,9681,0,satclip,torchgeo_bench.coordbench.models.SatCLIPLocationEncoder
bt-bioclim,bioclim_11,regression,linear,random,r2,0.9070768063063024,0.902934099419338,0.9112195131932668,5,10.0,256,9681,9681,0,satclip,torchgeo_bench.coordbench.models.SatCLIPLocationEncoder
bt-bioclim,bioclim_12,regression,linear,random,r2,0.7408759666754929,0.7359331721114164,0.7458187612395695,5,10.0,256,9681,9681,0,satclip,torchgeo_bench.coordbench.models.SatCLIPLocationEncoder
bt-bioclim,bioclim_13,regression,linear,random,r2,0.6827290310228475,0.6639335417686945,0.7015245202770006,5,10.0,256,9681,9681,0,satclip,torchgeo_bench.coordbench.models.SatCLIPLocationEncoder
bt-bioclim,bioclim_14,regression,linear,random,r2,0.5526449459746918,0.5423879877752054,0.5629019041741783,5,10.0,256,9681,9681,0,satclip,torchgeo_bench.coordbench.models.SatCLIPLocationEncoder
bt-bioclim,bioclim_15,regression,linear,random,r2,0.617482361244714,0.6115512314154093,0.6234134910740187,5,10.0,256,9681,9681,0,satclip,torchgeo_bench.coordbench.models.SatCLIPLocationEncoder
bt-bioclim,bioclim_16,regression,linear,random,r2,0.7051527819588903,0.6932275255565447,0.717078038361236,5,10.0,256,9681,9681,0,satclip,torchgeo_bench.coordbench.models.SatCLIPLocationEncoder
bt-bioclim,bioclim_17,regression,linear,random,r2,0.5744317899492211,0.5632365852724726,0.5856269946259696,5,10.0,256,9681,9681,0,satclip,torchgeo_bench.coordbench.models.SatCLIPLocationEncoder
bt-bioclim,bioclim_18,regression,linear,random,r2,0.6084075863949099,0.595364295145952,0.6214508776438677,5,10.0,256,9681,9681,0,satclip,torchgeo_bench.coordbench.models.SatCLIPLocationEncoder
bt-bioclim,bioclim_19,regression,linear,random,r2,0.49180970956689507,0.4756940735927777,0.5079253455410124,5,10.0,256,9681,9681,0,satclip,torchgeo_bench.coordbench.models.SatCLIPLocationEncoder
bt-bioclim,bioclim_01,regression,linear,spatial,r2,0.8381192969855185,0.812462806377734,0.8637757875933029,5,10.0,256,9681,9681,0,satclip,torchgeo_bench.coordbench.models.SatCLIPLocationEncoder
bt-bioclim,bioclim_02,regression,linear,spatial,r2,0.6098482584285252,0.5715563482994193,0.6481401685576311,5,10.0,256,9681,9681,0,satclip,torchgeo_bench.coordbench.models.SatCLIPLocationEncoder
bt-bioclim,bioclim_03,regression,linear,spatial,r2,0.8200190586497553,0.7828394862591763,0.8571986310403343,5,10.0,256,9681,9681,0,satclip,torchgeo_bench.coordbench.models.SatCLIPLocationEncoder
bt-bioclim,bioclim_04,regression,linear,spatial,r2,0.8426253305391438,0.8189350435276707,0.8663156175506169,5,10.0,256,9681,9681,0,satclip,torchgeo_bench.coordbench.models.SatCLIPLocationEncoder
bt-bioclim,bioclim_05,regression,linear,spatial,r2,0.7081995443617763,0.6726212976069077,0.743777791116645,5,10.0,256,9681,9681,0,satclip,torchgeo_bench.coordbench.models.SatCLIPLocationEncoder
bt-bioclim,bioclim_06,regression,linear,spatial,r2,0.8557591627430865,0.834667327563962,0.876850997922211,5,10.0,256,9681,9681,0,satclip,torchgeo_bench.coordbench.models.SatCLIPLocationEncoder
bt-bioclim,bioclim_07,regression,linear,spatial,r2,0.8200261273294078,0.790959633366744,0.8490926212920716,5,10.0,256,9681,9681,0,satclip,torchgeo_bench.coordbench.models.SatCLIPLocationEncoder
bt-bioclim,bioclim_08,regression,linear,spatial,r2,0.5661423534154024,0.49696240872381964,0.6353222981069852,5,10.0,256,9681,9681,0,satclip,torchgeo_bench.coordbench.models.SatCLIPLocationEncoder
bt-bioclim,bioclim_09,regression,linear,spatial,r2,0.765425588575412,0.7377178655303432,0.7931333116204807,5,10.0,256,9681,9681,0,satclip,torchgeo_bench.coordbench.models.SatCLIPLocationEncoder
bt-bioclim,bioclim_10,regression,linear,spatial,r2,0.7319931185192055,0.6998336500501207,0.7641525869882902,5,10.0,256,9681,9681,0,satclip,torchgeo_bench.coordbench.models.SatCLIPLocationEncoder
bt-bioclim,bioclim_11,regression,linear,spatial,r2,0.8613079628419775,0.8394967033072958,0.8831192223766593,5,10.0,256,9681,9681,0,satclip,torchgeo_bench.coordbench.models.SatCLIPLocationEncoder
bt-bioclim,bioclim_12,regression,linear,spatial,r2,0.6503181603202943,0.5919071381142376,0.7087291825263511,5,10.0,256,9681,9681,0,satclip,torchgeo_bench.coordbench.models.SatCLIPLocationEncoder
bt-bioclim,bioclim_13,regression,linear,spatial,r2,0.6046336878692048,0.5415266073663427,0.6677407683720669,5,10.0,256,9681,9681,0,satclip,torchgeo_bench.coordbench.models.SatCLIPLocationEncoder
bt-bioclim,bioclim_14,regression,linear,spatial,r2,0.3263762340306021,0.21127935436265122,0.441473113698553,5,10.0,256,9681,9681,0,satclip,torchgeo_bench.coordbench.models.SatCLIPLocationEncoder
bt-bioclim,bioclim_15,regression,linear,spatial,r2,0.397021220199721,0.3125822886908774,0.48146015170856465,5,10.0,256,9681,9681,0,satclip,torchgeo_bench.coordbench.models.SatCLIPLocationEncoder
bt-bioclim,bioclim_16,regression,linear,spatial,r2,0.6232458469563265,0.5755451925372589,0.670946501375394,5,10.0,256,9681,9681,0,satclip,torchgeo_bench.coordbench.models.SatCLIPLocationEncoder
bt-bioclim,bioclim_17,regression,linear,spatial,r2,0.36205457961435955,0.2509914708657768,0.4731176883629423,5,10.0,256,9681,9681,0,satclip,torchgeo_bench.coordbench.models.SatCLIPLocationEncoder
bt-bioclim,bioclim_18,regression,linear,spatial,r2,0.4910823853039332,0.43697525991158925,0.5451895106962772,5,10.0,256,9681,9681,0,satclip,torchgeo_bench.coordbench.models.SatCLIPLocationEncoder
bt-bioclim,bioclim_19,regression,linear,spatial,r2,0.2894279328828805,0.14841421300582047,0.4304416527599405,5,10.0,256,9681,9681,0,satclip,torchgeo_bench.coordbench.models.SatCLIPLocationEncoder
bt-population,pop_density,regression,linear,random,r2,0.08441120126079096,0.05386248133768883,0.11495992118389309,5,10.0,256,9681,9681,0,satclip,torchgeo_bench.coordbench.models.SatCLIPLocationEncoder
bt-population,pop_density,regression,linear,spatial,r2,0.05527531600984168,0.026279667397465813,0.08427096462221755,5,10.0,256,9681,9681,0,satclip,torchgeo_bench.coordbench.models.SatCLIPLocationEncoder
bt-distroad,maxdist_road,regression,linear,random,r2,0.4978487151169887,0.4891736071956863,0.506523823038291,5,10.0,256,9681,9681,0,satclip,torchgeo_bench.coordbench.models.SatCLIPLocationEncoder
bt-distroad,maxdist_road,regression,linear,spatial,r2,0.4055360911054235,0.33055359959596964,0.48051858261487734,5,10.0,256,9681,9681,0,satclip,torchgeo_bench.coordbench.models.SatCLIPLocationEncoder
places-phys_health,phlth_crudeprev,regression,linear,random,r2,0.49545738129983385,0.48269813496668784,0.5082166276329799,5,10.0,256,31435,31435,0,satclip,torchgeo_bench.coordbench.models.SatCLIPLocationEncoder
places-phys_health,phlth_crudeprev,regression,linear,spatial,r2,-0.23032611319842133,-0.5015191143550979,0.04086688795825527,5,10.0,256,31435,31435,0,satclip,torchgeo_bench.coordbench.models.SatCLIPLocationEncoder
places-diabetes,diabetes_crudeprev,regression,linear,random,r2,0.3787771949521186,0.36975239718980896,0.3878019927144282,5,10.0,256,31435,31435,0,satclip,torchgeo_bench.coordbench.models.SatCLIPLocationEncoder
places-diabetes,diabetes_crudeprev,regression,linear,spatial,r2,-0.04220148403914936,-0.11048108030472817,0.026078112226429445,5,10.0,256,31435,31435,0,satclip,torchgeo_bench.coordbench.models.SatCLIPLocationEncoder
places-copd,copd_crudeprev,regression,linear,random,r2,0.5194302015118059,0.5043957537743604,0.5344646492492513,5,10.0,256,31435,31435,0,satclip,torchgeo_bench.coordbench.models.SatCLIPLocationEncoder
places-copd,copd_crudeprev,regression,linear,spatial,r2,-0.1064902717264609,-0.3059980375572309,0.09301749410430905,5,10.0,256,31435,31435,0,satclip,torchgeo_bench.coordbench.models.SatCLIPLocationEncoder
places-cancer,cancer_crudeprev,regression,linear,random,r2,0.2236907220977704,0.2121570934547616,0.23522435074077921,5,10.0,256,31435,31435,0,satclip,torchgeo_bench.coordbench.models.SatCLIPLocationEncoder
places-cancer,cancer_crudeprev,regression,linear,spatial,r2,0.02452950569008705,-0.02221123548844834,0.07127024686862243,5,10.0,256,31435,31435,0,satclip,torchgeo_bench.coordbench.models.SatCLIPLocationEncoder
places-chd,chd_crudeprev,regression,linear,random,r2,0.36474819604207115,0.34474560831475065,0.38475078376939165,5,10.0,256,31435,31435,0,satclip,torchgeo_bench.coordbench.models.SatCLIPLocationEncoder
places-chd,chd_crudeprev,regression,linear,spatial,r2,-0.01865620344843999,-0.07088747460965608,0.0335750677127761,5,10.0,256,31435,31435,0,satclip,torchgeo_bench.coordbench.models.SatCLIPLocationEncoder
places-mental_health,mhlth_crudeprev,regression,linear,random,r2,0.43125257720094784,0.4168263896309477,0.445678764770948,5,10.0,256,31435,31435,0,satclip,torchgeo_bench.coordbench.models.SatCLIPLocationEncoder
places-mental_health,mhlth_crudeprev,regression,linear,spatial,r2,-0.2655095667636723,-0.4451983889221961,-0.08582074460514855,5,10.0,256,31435,31435,0,satclip,torchgeo_bench.coordbench.models.SatCLIPLocationEncoder
places-checkup,checkup_crudeprev,regression,linear,random,r2,0.7348433089326629,0.7291656982732874,0.7405209195920385,5,10.0,256,31435,31435,0,satclip,torchgeo_bench.coordbench.models.SatCLIPLocationEncoder
places-checkup,checkup_crudeprev,regression,linear,spatial,r2,0.31917703441812806,0.1086931679708891,0.529660900865367,5,10.0,256,31435,31435,0,satclip,torchgeo_bench.coordbench.models.SatCLIPLocationEncoder
places-sleep_lt7,sleep_crudeprev,regression,linear,random,r2,0.5208614865059493,0.5097864483483528,0.5319365246635458,5,10.0,256,32409,32409,0,satclip,torchgeo_bench.coordbench.models.SatCLIPLocationEncoder
places-sleep_lt7,sleep_crudeprev,regression,linear,spatial,r2,0.08056298756762362,-0.039201533184679074,0.2003275083199263,5,10.0,256,32409,32409,0,satclip,torchgeo_bench.coordbench.models.SatCLIPLocationEncoder
places-asthma,casthma_crudeprev,regression,linear,random,r2,0.4686252311165672,0.45877703800152714,0.4784734242316072,5,10.0,256,31435,31435,0,satclip,torchgeo_bench.coordbench.models.SatCLIPLocationEncoder
places-asthma,casthma_crudeprev,regression,linear,spatial,r2,-0.25994700156360373,-0.4848522948871508,-0.035041708240056646,5,10.0,256,31435,31435,0,satclip,torchgeo_bench.coordbench.models.SatCLIPLocationEncoder
places-obesity,obesity_crudeprev,regression,linear,random,r2,0.5351761847709222,0.5283408757102565,0.542011493831588,5,10.0,256,31435,31435,0,satclip,torchgeo_bench.coordbench.models.SatCLIPLocationEncoder
places-obesity,obesity_crudeprev,regression,linear,spatial,r2,0.04655493999309983,-0.10693949646820301,0.20004937645440268,5,10.0,256,31435,31435,0,satclip,torchgeo_bench.coordbench.models.SatCLIPLocationEncoder
places-smoking,csmoking_crudeprev,regression,linear,random,r2,0.5294348510441277,0.5213771412432322,0.5374925608450232,5,10.0,256,31435,31435,0,satclip,torchgeo_bench.coordbench.models.SatCLIPLocationEncoder
places-smoking,csmoking_crudeprev,regression,linear,spatial,r2,-0.1683378876966091,-0.38740034963189623,0.050724574238678044,5,10.0,256,31435,31435,0,satclip,torchgeo_bench.coordbench.models.SatCLIPLocationEncoder
places-high_chol,highchol_crudeprev,regression,linear,random,r2,0.2735668632194022,0.26468738839410877,0.28244633804469566,5,10.0,256,31435,31435,0,satclip,torchgeo_bench.coordbench.models.SatCLIPLocationEncoder
places-high_chol,highchol_crudeprev,regression,linear,spatial,r2,-0.05914542626149406,-0.12854228056334305,0.01025142804035492,5,10.0,256,31435,31435,0,satclip,torchgeo_bench.coordbench.models.SatCLIPLocationEncoder
mosaiks-treecover,treecover,regression,linear,random,r2,0.6594163761078524,0.6510533342464215,0.6677794179692833,5,10.0,256,100000,100000,0,satclip,torchgeo_bench.coordbench.models.SatCLIPLocationEncoder
mosaiks-treecover,treecover,regression,linear,spatial,r2,0.3568786235303768,0.21012989535370838,0.5036273517070452,5,10.0,256,100000,100000,0,satclip,torchgeo_bench.coordbench.models.SatCLIPLocationEncoder
mosaiks-elevation,elevation,regression,linear,random,r2,0.9092870829516613,0.9080562316091743,0.9105179342941483,5,10.0,256,100000,100000,0,satclip,torchgeo_bench.coordbench.models.SatCLIPLocationEncoder
mosaiks-elevation,elevation,regression,linear,spatial,r2,0.4858256480671459,0.07383422671253109,0.8978170694217606,5,10.0,256,100000,100000,0,satclip,torchgeo_bench.coordbench.models.SatCLIPLocationEncoder
mosaiks-population,population,regression,linear,random,r2,0.4472832529920292,0.4413619077433374,0.453204598240721,5,10.0,256,67968,67968,0,satclip,torchgeo_bench.coordbench.models.SatCLIPLocationEncoder
mosaiks-population,population,regression,linear,spatial,r2,0.2388461343543879,0.1282501812282587,0.3494420874805171,5,10.0,256,67968,67968,0,satclip,torchgeo_bench.coordbench.models.SatCLIPLocationEncoder
mosaiks-nightlights,nightlights,regression,linear,random,r2,0.2378815215046306,0.2352375628225873,0.2405254801866739,5,10.0,256,100000,100000,0,satclip,torchgeo_bench.coordbench.models.SatCLIPLocationEncoder
mosaiks-nightlights,nightlights,regression,linear,spatial,r2,-0.12151842420235362,-0.2417900589132103,-0.0012467894914969524,5,10.0,256,100000,100000,0,satclip,torchgeo_bench.coordbench.models.SatCLIPLocationEncoder
mosaiks-income,income,regression,linear,random,r2,0.29089869143705105,0.28397079308066153,0.29782658979344057,5,10.0,256,91377,91377,0,satclip,torchgeo_bench.coordbench.models.SatCLIPLocationEncoder
mosaiks-income,income,regression,linear,spatial,r2,-0.2491504963741471,-0.4851542041659507,-0.0131467885823435,5,10.0,256,91377,91377,0,satclip,torchgeo_bench.coordbench.models.SatCLIPLocationEncoder
mosaiks-roads,roads,regression,linear,random,r2,0.036343649502812235,0.03357833592495221,0.03910896308067226,5,10.0,256,100000,100000,0,satclip,torchgeo_bench.coordbench.models.SatCLIPLocationEncoder
mosaiks-roads,roads,regression,linear,spatial,r2,-0.01304749767567619,-0.021332238390540353,-0.004762756960812025,5,10.0,256,100000,100000,0,satclip,torchgeo_bench.coordbench.models.SatCLIPLocationEncoder
mosaiks-housing,housing,regression,linear,random,r2,0.5244101153725675,0.5170377829750272,0.5317824477701079,5,10.0,256,54586,54586,0,satclip,torchgeo_bench.coordbench.models.SatCLIPLocationEncoder
mosaiks-housing,housing,regression,linear,spatial,r2,-1.1428658623520551,-2.9005848403302017,0.6148531156260915,5,10.0,256,54586,54586,0,satclip,torchgeo_bench.coordbench.models.SatCLIPLocationEncoder
country,country,classification,knn5,random,accuracy,0.9380930582832503,0.9331682781145914,0.9430178384519092,5,10.0,256,8432,8432,0,satclip,torchgeo_bench.coordbench.models.SatCLIPLocationEncoder
country,country,classification,linear,random,accuracy,0.8288654327392578,0.8197429557893088,0.8379879096892069,5,10.0,256,8432,8432,0,satclip,torchgeo_bench.coordbench.models.SatCLIPLocationEncoder
country,country,classification,knn5,spatial,accuracy,0.7099947880795879,0.690510259689196,0.7294793164699799,5,10.0,256,8432,8432,0,satclip,torchgeo_bench.coordbench.models.SatCLIPLocationEncoder
country,country,classification,linear,spatial,accuracy,0.5195118248462677,0.49403540265279156,0.5449882470397438,5,10.0,256,8432,8432,0,satclip,torchgeo_bench.coordbench.models.SatCLIPLocationEncoder
ecoregions,biome,classification,knn5,random,accuracy,0.8715777262180975,0.8643459640948916,0.8788094883413033,5,10.0,256,8620,8620,0,satclip,torchgeo_bench.coordbench.models.SatCLIPLocationEncoder
ecoregions,biome,classification,linear,random,accuracy,0.8074245572090148,0.802784174680683,0.8120649397373467,5,10.0,256,8620,8620,0,satclip,torchgeo_bench.coordbench.models.SatCLIPLocationEncoder
ecoregions,ecoregion,classification,knn5,random,accuracy,0.7276102088167054,0.7229036049245706,0.7323168127088401,5,10.0,256,8620,8620,0,satclip,torchgeo_bench.coordbench.models.SatCLIPLocationEncoder
ecoregions,ecoregion,classification,linear,random,accuracy,0.6415313124656677,0.6363822829845016,0.6466803419468339,5,10.0,256,8620,8620,0,satclip,torchgeo_bench.coordbench.models.SatCLIPLocationEncoder
ecoregions,biome,classification,knn5,spatial,accuracy,0.7767134788828804,0.7561278147395181,0.7972991430262428,5,10.0,256,8620,8620,0,satclip,torchgeo_bench.coordbench.models.SatCLIPLocationEncoder
ecoregions,biome,classification,linear,spatial,accuracy,0.7104365587234497,0.6697747933993227,0.7510983240475767,5,10.0,256,8620,8620,0,satclip,torchgeo_bench.coordbench.models.SatCLIPLocationEncoder
ecoregions,ecoregion,classification,knn5,spatial,accuracy,0.45007855791408735,0.4067678406558628,0.4933892751723119,5,10.0,256,8620,8620,0,satclip,torchgeo_bench.coordbench.models.SatCLIPLocationEncoder
ecoregions,ecoregion,classification,linear,spatial,accuracy,0.3204292893409729,0.2669656310852389,0.37389294759670694,5,10.0,256,8620,8620,0,satclip,torchgeo_bench.coordbench.models.SatCLIPLocationEncoder
worldclim-bio1,bio1,regression,linear,random,r2,0.783165760987134,0.7740645152255785,0.7922670067486894,5,10.0,256,18068,18068,0,satclip,torchgeo_bench.coordbench.models.SatCLIPLocationEncoder
worldclim-bio1,bio1,regression,linear,spatial,r2,0.7159187385776318,0.6773072969391135,0.75453018021615,5,10.0,256,18068,18068,0,satclip,torchgeo_bench.coordbench.models.SatCLIPLocationEncoder
worldclim-bio12,bio12,regression,linear,random,r2,0.7238819596564523,0.7091427507222976,0.738621168590607,5,10.0,256,18068,18068,0,satclip,torchgeo_bench.coordbench.models.SatCLIPLocationEncoder
worldclim-bio12,bio12,regression,linear,spatial,r2,0.635251495362709,0.5971499801227849,0.6733530106026331,5,10.0,256,18068,18068,0,satclip,torchgeo_bench.coordbench.models.SatCLIPLocationEncoder
soilgrids-soc,soc,regression,linear,random,r2,0.6757840044322536,0.6589198346928545,0.6926481741716527,5,10.0,256,4884,4884,0,satclip,torchgeo_bench.coordbench.models.SatCLIPLocationEncoder
soilgrids-soc,soc,regression,linear,spatial,r2,0.5698805514474493,0.4979284168230293,0.6418326860718694,5,10.0,256,4884,4884,0,satclip,torchgeo_bench.coordbench.models.SatCLIPLocationEncoder
soilgrids-phh2o,phh2o,regression,linear,random,r2,0.7940041915776359,0.7833284035415317,0.8046799796137402,5,10.0,256,4884,4884,0,satclip,torchgeo_bench.coordbench.models.SatCLIPLocationEncoder
soilgrids-phh2o,phh2o,regression,linear,spatial,r2,0.7235365922926758,0.6871682008668285,0.759904983718523,5,10.0,256,4884,4884,0,satclip,torchgeo_bench.coordbench.models.SatCLIPLocationEncoder
dm-africa_crop_mask,africa_crop_mask,classification,knn5,random,accuracy,0.8881092526908023,0.8769047812574395,0.8993137241241651,5,10.0,256,2556,2556,0,satclip,torchgeo_bench.coordbench.models.SatCLIPLocationEncoder
dm-africa_crop_mask,africa_crop_mask,classification,linear,random,accuracy,0.8853664636611939,0.8767218942708603,0.8940110330515274,5,10.0,256,2556,2556,0,satclip,torchgeo_bench.coordbench.models.SatCLIPLocationEncoder
dm-africa_crop_mask,africa_crop_mask,classification,knn5,spatial,accuracy,0.9173970706343709,0.8461182990253953,0.9886758422433466,5,10.0,256,2556,2556,0,satclip,torchgeo_bench.coordbench.models.SatCLIPLocationEncoder
dm-africa_crop_mask,africa_crop_mask,classification,linear,spatial,accuracy,0.9159591197967529,0.8453065702298281,0.9866116693636777,5,10.0,256,2556,2556,0,satclip,torchgeo_bench.coordbench.models.SatCLIPLocationEncoder
dm-aster_ged,aster_ged,regression,linear,random,r2,0.7845224558367988,0.7813480252897225,0.7876968863838751,5,10.0,256,17636,17636,0,satclip,torchgeo_bench.coordbench.models.SatCLIPLocationEncoder
dm-aster_ged,aster_ged,regression,linear,spatial,r2,0.6787509728471519,0.6116625114422917,0.7458394342520122,5,10.0,256,17636,17636,0,satclip,torchgeo_bench.coordbench.models.SatCLIPLocationEncoder
dm-canada_crops_coarse,canada_crops_coarse,classification,knn5,random,accuracy,0.49275552641148845,0.48233100234086,0.5031800504821169,5,10.0,256,16079,16079,0,satclip,torchgeo_bench.coordbench.models.SatCLIPLocationEncoder
dm-canada_crops_coarse,canada_crops_coarse,classification,linear,random,accuracy,0.5084902167320251,0.5005274690682712,0.516452964395779,5,10.0,256,16079,16079,0,satclip,torchgeo_bench.coordbench.models.SatCLIPLocationEncoder
dm-canada_crops_coarse,canada_crops_coarse,classification,knn5,spatial,accuracy,0.37044085634289015,0.2190468791060272,0.5218348335797531,5,10.0,256,16079,16079,0,satclip,torchgeo_bench.coordbench.models.SatCLIPLocationEncoder
dm-canada_crops_coarse,canada_crops_coarse,classification,linear,spatial,accuracy,0.42701194882392884,0.3022506833563964,0.5517732142914613,5,10.0,256,16079,16079,0,satclip,torchgeo_bench.coordbench.models.SatCLIPLocationEncoder
dm-canada_crops_fine,canada_crops_fine,classification,knn5,random,accuracy,0.3169706197174006,0.31267768085460734,0.32126355858019384,5,10.0,256,14566,14566,0,satclip,torchgeo_bench.coordbench.models.SatCLIPLocationEncoder
dm-canada_crops_fine,canada_crops_fine,classification,linear,random,accuracy,0.3605653166770935,0.35576136053879764,0.3653692728153894,5,10.0,256,14566,14566,0,satclip,torchgeo_bench.coordbench.models.SatCLIPLocationEncoder
dm-canada_crops_fine,canada_crops_fine,classification,knn5,spatial,accuracy,0.15759569611525454,0.11573215778161718,0.1994592344488919,5,10.0,256,14566,14566,0,satclip,torchgeo_bench.coordbench.models.SatCLIPLocationEncoder
dm-canada_crops_fine,canada_crops_fine,classification,linear,spatial,accuracy,0.27228349447250366,0.2130881893401768,0.33147879960483057,5,10.0,256,14566,14566,0,satclip,torchgeo_bench.coordbench.models.SatCLIPLocationEncoder
dm-descals,descals,classification,knn5,random,accuracy,0.9470731643439632,0.9438341835498424,0.9503121451380839,5,10.0,256,17477,17477,0,satclip,torchgeo_bench.coordbench.models.SatCLIPLocationEncoder
dm-descals,descals,classification,linear,random,accuracy,0.9461002707481384,0.9408381347110786,0.9513624067851982,5,10.0,256,17477,17477,0,satclip,torchgeo_bench.coordbench.models.SatCLIPLocationEncoder
dm-descals,descals,classification,knn5,spatial,accuracy,0.9364855857495422,0.8969766012365599,0.9759945702625246,5,10.0,256,17477,17477,0,satclip,torchgeo_bench.coordbench.models.SatCLIPLocationEncoder
dm-descals,descals,classification,linear,spatial,accuracy,0.9447733163833618,0.911004622325461,0.9785420104412627,5,10.0,256,17477,17477,0,satclip,torchgeo_bench.coordbench.models.SatCLIPLocationEncoder
dm-ethiopia_crops,ethiopia_crops,classification,knn5,random,accuracy,0.9189723320158103,0.90758509067914,0.9303595733524807,5,10.0,256,2530,2530,0,satclip,torchgeo_bench.coordbench.models.SatCLIPLocationEncoder
dm-ethiopia_crops,ethiopia_crops,classification,linear,random,accuracy,0.8782609105110168,0.8673931331070904,0.8891286879149433,5,10.0,256,2530,2530,0,satclip,torchgeo_bench.coordbench.models.SatCLIPLocationEncoder
dm-ethiopia_crops,ethiopia_crops,classification,knn5,spatial,accuracy,0.8560553421276857,0.7912893739374527,0.9208213103179188,5,10.0,256,2530,2530,0,satclip,torchgeo_bench.coordbench.models.SatCLIPLocationEncoder
dm-ethiopia_crops,ethiopia_crops,classification,linear,spatial,accuracy,0.8649839162826538,0.7877318535373538,0.9422359790279539,5,10.0,256,2530,2530,0,satclip,torchgeo_bench.coordbench.models.SatCLIPLocationEncoder
dm-glance,glance,classification,knn5,random,accuracy,0.5315178443457074,0.526029595324627,0.5370060933667877,5,10.0,256,34885,34885,0,satclip,torchgeo_bench.coordbench.models.SatCLIPLocationEncoder
dm-glance,glance,classification,linear,random,accuracy,0.4731546759605408,0.467183279627662,0.4791260722934196,5,10.0,256,34885,34885,0,satclip,torchgeo_bench.coordbench.models.SatCLIPLocationEncoder
dm-glance,glance,classification,knn5,spatial,accuracy,0.3805389395111164,0.3631422053555488,0.397935673666684,5,10.0,256,34885,34885,0,satclip,torchgeo_bench.coordbench.models.SatCLIPLocationEncoder
dm-glance,glance,classification,linear,spatial,accuracy,0.43014090657234194,0.41645356938436356,0.4438282437603203,5,10.0,256,34885,34885,0,satclip,torchgeo_bench.coordbench.models.SatCLIPLocationEncoder
dm-lcmap_lc,lcmap_lc,classification,knn5,random,accuracy,0.6435684647302904,0.6388068672613056,0.6483300621992751,5,10.0,256,26510,26510,0,satclip,torchgeo_bench.coordbench.models.SatCLIPLocationEncoder
dm-lcmap_lc,lcmap_lc,classification,linear,random,accuracy,0.6525084972381592,0.6492556751821197,0.6557613192941987,5,10.0,256,26510,26510,0,satclip,torchgeo_bench.coordbench.models.SatCLIPLocationEncoder
dm-lcmap_lc,lcmap_lc,classification,knn5,spatial,accuracy,0.5558523756609264,0.46916262346893334,0.6425421278529194,5,10.0,256,26510,26510,0,satclip,torchgeo_bench.coordbench.models.SatCLIPLocationEncoder
dm-lcmap_lc,lcmap_lc,classification,linear,spatial,accuracy,0.6008758664131164,0.5355293561385135,0.6662223766877193,5,10.0,256,26510,26510,0,satclip,torchgeo_bench.coordbench.models.SatCLIPLocationEncoder
dm-lcmap_lcc,lcmap_lcc,classification,knn5,random,accuracy,0.7077586206896551,0.6846027999679943,0.7309144414113159,5,10.0,256,2320,2320,0,satclip,torchgeo_bench.coordbench.models.SatCLIPLocationEncoder
dm-lcmap_lcc,lcmap_lcc,classification,linear,random,accuracy,0.7284482717514038,0.7134547120482275,0.7434418314545801,5,10.0,256,2320,2320,0,satclip,torchgeo_bench.coordbench.models.SatCLIPLocationEncoder
dm-lcmap_lcc,lcmap_lcc,classification,knn5,spatial,accuracy,0.6914562453565363,0.6469678558948061,0.7359446348182664,5,10.0,256,2320,2320,0,satclip,torchgeo_bench.coordbench.models.SatCLIPLocationEncoder
dm-lcmap_lcc,lcmap_lcc,classification,linear,spatial,accuracy,0.6615090370178223,0.5857525363345738,0.7372655377010707,5,10.0,256,2320,2320,0,satclip,torchgeo_bench.coordbench.models.SatCLIPLocationEncoder
dm-lcmap_lu,lcmap_lu,classification,knn5,random,accuracy,0.6441375894999186,0.6359583026517454,0.6523168763480919,5,10.0,256,26513,26513,0,satclip,torchgeo_bench.coordbench.models.SatCLIPLocationEncoder
dm-lcmap_lu,lcmap_lu,classification,linear,random,accuracy,0.638291084766388,0.6294786428444226,0.6471035266883534,5,10.0,256,26513,26513,0,satclip,torchgeo_bench.coordbench.models.SatCLIPLocationEncoder
dm-lcmap_lu,lcmap_lu,classification,knn5,spatial,accuracy,0.4978969893673318,0.4323048628519327,0.5634891158827309,5,10.0,256,26513,26513,0,satclip,torchgeo_bench.coordbench.models.SatCLIPLocationEncoder
dm-lcmap_lu,lcmap_lu,classification,linear,spatial,accuracy,0.5785067319869995,0.5125489498635921,0.644464514110407,5,10.0,256,26513,26513,0,satclip,torchgeo_bench.coordbench.models.SatCLIPLocationEncoder
dm-lcmap_luc,lcmap_luc,classification,knn5,random,accuracy,0.6801279122887163,0.665800113646067,0.6944557109313656,5,10.0,256,991,991,0,satclip,torchgeo_bench.coordbench.models.SatCLIPLocationEncoder
dm-lcmap_luc,lcmap_luc,classification,linear,random,accuracy,0.7144459843635559,0.6863057816490108,0.742586187078101,5,10.0,256,991,991,0,satclip,torchgeo_bench.coordbench.models.SatCLIPLocationEncoder
dm-lcmap_luc,lcmap_luc,classification,knn5,spatial,accuracy,0.6780970898409453,0.6495741284413605,0.7066200512405301,5,10.0,256,991,991,0,satclip,torchgeo_bench.coordbench.models.SatCLIPLocationEncoder
dm-lcmap_luc,lcmap_luc,classification,linear,spatial,accuracy,0.7057155728340149,0.6273324077196225,0.7840987379484072,5,10.0,256,991,991,0,satclip,torchgeo_bench.coordbench.models.SatCLIPLocationEncoder
dm-lucas_lc,lucas_lc,classification,knn5,random,accuracy,0.27154429362970434,0.2693399828189074,0.27374860444050125,5,10.0,256,203569,203569,0,satclip,torchgeo_bench.coordbench.models.SatCLIPLocationEncoder
dm-lucas_lc,lucas_lc,classification,linear,random,accuracy,0.2890371322631836,0.28676175413532967,0.29131251039103756,5,10.0,256,203569,203569,0,satclip,torchgeo_bench.coordbench.models.SatCLIPLocationEncoder
dm-lucas_lc,lucas_lc,classification,knn5,spatial,accuracy,0.1552053136795635,0.14318505910600535,0.16722556825312165,5,10.0,256,203569,203569,0,satclip,torchgeo_bench.coordbench.models.SatCLIPLocationEncoder
dm-lucas_lc,lucas_lc,classification,linear,spatial,accuracy,0.229022079706192,0.18737564442437407,0.2706685149880099,5,10.0,256,203569,203569,0,satclip,torchgeo_bench.coordbench.models.SatCLIPLocationEncoder
dm-lucas_lu,lucas_lu,classification,knn5,random,accuracy,0.5926350400439429,0.5918960072032403,0.5933740728846454,5,10.0,256,226858,226858,0,satclip,torchgeo_bench.coordbench.models.SatCLIPLocationEncoder
dm-lucas_lu,lucas_lu,classification,linear,random,accuracy,0.5718643188476562,0.5695592969765904,0.574169340718722,5,10.0,256,226858,226858,0,satclip,torchgeo_bench.coordbench.models.SatCLIPLocationEncoder
dm-lucas_lu,lucas_lu,classification,knn5,spatial,accuracy,0.4683389961317908,0.4239083453831798,0.5127696468804018,5,10.0,256,226858,226858,0,satclip,torchgeo_bench.coordbench.models.SatCLIPLocationEncoder
dm-lucas_lu,lucas_lu,classification,linear,spatial,accuracy,0.509261530637741,0.44802000609141557,0.5705030551840665,5,10.0,256,226858,226858,0,satclip,torchgeo_bench.coordbench.models.SatCLIPLocationEncoder
dm-openet_ensemble,openet_ensemble,regression,linear,random,r2,0.09091499084908108,0.08682939387756186,0.09500058782060031,5,10.0,256,35683,35683,0,satclip,torchgeo_bench.coordbench.models.SatCLIPLocationEncoder
dm-openet_ensemble,openet_ensemble,regression,linear,spatial,r2,0.019996430251910648,-0.029137489438538222,0.06913034994235952,5,10.0,256,35683,35683,0,satclip,torchgeo_bench.coordbench.models.SatCLIPLocationEncoder
dm-us_trees,us_trees,classification,knn5,random,accuracy,0.15869734638465782,0.15604683674302772,0.16134785602628793,5,10.0,256,45382,45382,0,satclip,torchgeo_bench.coordbench.models.SatCLIPLocationEncoder
dm-us_trees,us_trees,classification,linear,random,accuracy,0.17947663962841034,0.17381033429616125,0.18514294496065944,5,10.0,256,45382,45382,0,satclip,torchgeo_bench.coordbench.models.SatCLIPLocationEncoder
dm-us_trees,us_trees,classification,knn5,spatial,accuracy,0.07946513576243423,0.07084672006373674,0.08808355146113173,5,10.0,256,45382,45382,0,satclip,torchgeo_bench.coordbench.models.SatCLIPLocationEncoder
dm-us_trees,us_trees,classification,linear,spatial,accuracy,0.10502511858940125,0.08418963940871133,0.12586059777009118,5,10.0,256,45382,45382,0,satclip,torchgeo_bench.coordbench.models.SatCLIPLocationEncoder
