dataset,method,metric_name,metric_value,ci_lower,ci_upper,feature_dim,best_c,best_lr,best_batch_size,n_train,n_val,n_test,seed,model,name,normalization,image_size,interpolation,partition,bands,c_range_start,c_range_stop,c_range_num,merge_val,bootstrap,fw_iou,precision,recall,f1,ece,rms_ce,mce,ece_ts,rms_ce_ts,mce_ts,temperature,calibration_n_bins
burn_scars,seg-linear,mIoU,0.7873823046684265,0.0,0.0,2816,,0.001,16,524,160,120,0,torchgeo_bench.models.TimmPatchBenchModel,densenet121,bandspec_zscore,224,bilinear,default,rgb,-6,4,40,True,200,0.8852362036705017,0.9055583477020264,0.8335971832275391,0.8610910773277283,,,,,,,,
dynamic_earthnet,seg-conv_block,mIoU,0.2630633115768432,0.0,0.0,1920,,0.001,8,700,100,200,0,torchgeo_bench.models.TorchGeoSwinBench,tgeo_swinv2b_s2rgb_satlas_mi,bandspec_zscore,224,bilinear,default,all,-6,4,40,True,200,0.3826913237571716,0.4243732094764709,0.3726077079772949,0.3641607165336609,,,,,,,,
pastis,seg-conv_block,mIoU,0.1104593276977539,0.0,0.0,2816,,0.001,16,1455,482,496,0,torchgeo_bench.models.TimmPatchBenchModel,densenet121,bandspec_zscore,224,bilinear,default,rgb,-6,4,40,True,200,0.3591844737529754,0.2289559245109558,0.1634040921926498,0.1709013730287552,,,,,,,,
fotw,seg-linear,mIoU,0.5411128401756287,0.0,0.0,960,,0.001,12,4000,1000,2000,0,torchgeo_bench.models.TimmPatchBenchModel,maxvit_tiny_tf_224,bandspec_zscore,224,bilinear,default,rgb,-6,4,40,True,200,0.7069857120513916,0.6852068901062012,0.6365916728973389,0.6337597966194153,,,,,,,,
fotw,seg-linear,mIoU,0.5297608375549316,0.0,0.0,3840,,0.001,16,4000,1000,2000,0,torchgeo_bench.models.TimmPatchBenchModel,resnet50,bandspec_zscore,224,bilinear,default,all,-6,4,40,True,200,0.7079446315765381,0.683173418045044,0.6118329763412476,0.6226669549942017,,,,,,,,
dynamic_earthnet,seg-dpt,mIoU,0.2151053845882415,0.0,0.0,1440,,0.001,16,700,100,200,0,torchgeo_bench.models.TimmPatchBenchModel,convnext_tiny,bandspec_zscore,224,bilinear,default,all,-6,4,40,True,200,0.3337001204490661,0.4681212902069092,0.3083702027797699,0.3175432085990906,,,,,,,,
caffe,seg-conv_block,mIoU,0.5448809862136841,0.0,0.0,2816,,0.001,16,4000,1000,2000,0,torchgeo_bench.models.TimmPatchBenchModel,densenet121,bandspec_zscore,224,bilinear,default,all,-6,4,40,True,200,0.5628896951675415,0.7052347660064697,0.675673246383667,0.6734769940376282,,,,,,,,
caffe,seg-linear,mIoU,0.5335366129875183,0.0,0.0,616,,0.001,16,4000,1000,2000,0,torchgeo_bench.models.TimmPatchBenchModel,efficientnet_b0,bandspec_zscore,224,bilinear,default,rgb,-6,4,40,True,200,0.5590928792953491,0.6784082651138306,0.6734645962715149,0.6628743410110474,,,,,,,,
dynamic_earthnet,seg-conv_block,mIoU,0.324737399816513,0.0,0.0,2880,,0.001,8,700,100,200,0,torchgeo_bench.models.TimmPatchBenchModel,convnext_large_dinov3,bandspec_zscore,224,bilinear,default,rgb,-6,4,40,True,200,0.4331477880477905,0.5755587816238403,0.422912061214447,0.458864152431488,,,,,,,,
caffe,seg-linear,mIoU,0.5764601826667786,0.0,0.0,960,,0.001,12,4000,1000,2000,0,torchgeo_bench.models.TimmPatchBenchModel,maxvit_tiny_tf_224,bandspec_zscore,224,bilinear,default,all,-6,4,40,True,200,0.6107527017593384,0.7036140561103821,0.7258472442626953,0.7038713693618774,,,,,,,,
cloudsen12,seg-linear,mIoU,0.3780053257942199,0.0,0.0,616,,0.001,16,4000,535,975,0,torchgeo_bench.models.TimmPatchBenchModel,efficientnet_b0,bandspec_zscore,224,bilinear,default,all,-6,4,40,True,200,0.5543454885482788,0.6527155041694641,0.4741840362548828,0.4873327910900116,,,,,,,,
pastis,seg-conv_block,mIoU,0.1082177609205246,0.0,0.0,960,,0.001,12,1455,482,496,0,torchgeo_bench.models.TimmPatchBenchModel,maxvit_tiny_tf_224,bandspec_zscore,224,bilinear,default,rgb,-6,4,40,True,200,0.3558474481105804,0.236539676785469,0.1589960157871246,0.1683646142482757,,,,,,,,
dynamic_earthnet,seg-linear,mIoU,0.2530286908149719,0.0,0.0,1920,,0.001,8,700,100,200,0,torchgeo_bench.models.TorchGeoSwinBench,tgeo_swinv2b_s2rgb_satlas_mi,bandspec_zscore,224,bilinear,default,rgb,-6,4,40,True,200,0.3583441376686096,0.4568021297454834,0.3725839257240295,0.3805084824562073,,,,,,,,
pastis,seg-conv_block,mIoU,0.0877262130379676,0.0,0.0,1920,,0.001,8,1455,482,496,0,torchgeo_bench.models.TorchGeoSwinBench,tgeo_swinv2b_s2rgb_satlas_mi,bandspec_zscore,224,bilinear,default,rgb,-6,4,40,True,200,0.3239729702472687,0.1747256219387054,0.1335737258195877,0.1364004462957382,,,,,,,,
dynamic_earthnet,seg-fpn,mIoU,0.276497483253479,0.0,0.0,2880,,0.001,8,700,100,200,0,torchgeo_bench.models.TimmPatchBenchModel,convnext_large_dinov3,bandspec_zscore,224,bilinear,default,all,-6,4,40,True,200,0.3977465033531189,0.5145039558410645,0.3777069449424743,0.3901841640472412,,,,,,,,
cloudsen12,seg-conv_block,mIoU,0.6440168619155884,0.0,0.0,960,,0.001,12,4000,535,975,0,torchgeo_bench.models.TimmPatchBenchModel,maxvit_tiny_tf_224,bandspec_zscore,224,bilinear,default,rgb,-6,4,40,True,200,0.7652732133865356,0.7921831607818604,0.7501168251037598,0.7672992944717407,,,,,,,,
burn_scars,seg-conv_block,mIoU,0.8191184401512146,0.0,0.0,2816,,0.001,16,524,160,120,0,torchgeo_bench.models.TimmPatchBenchModel,densenet121,bandspec_zscore,224,bilinear,default,rgb,-6,4,40,True,200,0.9001404047012329,0.9182456731796264,0.862341046333313,0.8864547610282898,,,,,,,,
pastis,seg-linear,mIoU,0.0682045221328735,0.0,0.0,1440,,0.001,16,1455,482,496,0,torchgeo_bench.models.TimmPatchBenchModel,convnext_tiny,bandspec_zscore,224,bilinear,default,all,-6,4,40,True,200,0.301186591386795,0.1400759667158126,0.1070294007658958,0.1057287380099296,,,,,,,,
flair2,seg-conv_block,mIoU,0.4704436957836151,0.0,0.0,960,,0.001,12,4049,1022,3022,0,torchgeo_bench.models.TimmPatchBenchModel,maxvit_tiny_tf_224,bandspec_zscore,224,bilinear,default,all,-6,4,40,True,200,0.5263941287994385,0.6567440032958984,0.6199440956115723,0.6159107685089111,,,,,,,,
pastis,seg-conv_block,mIoU,0.0913552939891815,0.0,0.0,2816,,0.001,16,1455,482,496,0,torchgeo_bench.models.TimmPatchBenchModel,densenet121,bandspec_zscore,224,bilinear,default,all,-6,4,40,True,200,0.3389207422733307,0.2050003856420517,0.1369523555040359,0.1417610496282577,,,,,,,,
cloudsen12,seg-conv_block,mIoU,0.4936793446540832,0.0,0.0,616,,0.001,16,4000,535,975,0,torchgeo_bench.models.TimmPatchBenchModel,efficientnet_b0,bandspec_zscore,224,bilinear,default,rgb,-6,4,40,True,200,0.6472275257110596,0.7148985266685486,0.6010973453521729,0.623054563999176,,,,,,,,
kuro_siwo,seg-dpt,mIoU,0.5335089564323425,0.0,0.0,960,,0.001,12,4000,1000,2000,0,torchgeo_bench.models.TimmPatchBenchModel,maxvit_tiny_tf_224,bandspec_zscore,224,bilinear,default,rgb,-6,4,40,True,200,0.9169445037841796,0.7884063720703125,0.5908545851707458,0.6591449975967407,,,,,,,,
dynamic_earthnet,seg-linear,mIoU,0.2762503027915954,0.0,0.0,2880,,0.001,8,700,100,200,0,torchgeo_bench.models.TimmPatchBenchModel,convnext_large_dinov3,bandspec_zscore,224,bilinear,default,all,-6,4,40,True,200,0.3907938003540039,0.5125187635421753,0.3811109662055969,0.3941015601158142,,,,,,,,
pastis,seg-linear,mIoU,0.0285891573876142,0.0,0.0,616,,0.001,16,1455,482,496,0,torchgeo_bench.models.TimmPatchBenchModel,efficientnet_b0,bandspec_zscore,224,bilinear,default,rgb,-6,4,40,True,200,0.1814286112785339,0.0770784541964531,0.0574888810515403,0.0443992279469966,,,,,,,,
kuro_siwo,seg-linear,mIoU,0.4855771064758301,0.0,0.0,960,,0.001,12,4000,1000,2000,0,torchgeo_bench.models.TimmPatchBenchModel,maxvit_tiny_tf_224,bandspec_zscore,224,bilinear,default,rgb,-6,4,40,True,200,0.9040022492408752,0.7719879150390625,0.532442569732666,0.6060222387313843,,,,,,,,
kuro_siwo,seg-linear,mIoU,0.3067477643489837,0.0,0.0,1920,,0.001,8,4000,1000,2000,0,torchgeo_bench.models.TorchGeoSwinBench,tgeo_swinv2b_s2rgb_satlas_mi,bandspec_zscore,224,bilinear,default,rgb,-6,4,40,True,200,0.8785026669502258,0.4546790719032287,0.340448796749115,0.3611397743225097,,,,,,,,
cloudsen12,seg-linear,mIoU,0.571353554725647,0.0,0.0,1920,,0.001,8,4000,535,975,0,torchgeo_bench.models.TorchGeoSwinBench,tgeo_swinv2b_s2rgb_satlas_mi,bandspec_zscore,224,bilinear,default,rgb,-6,4,40,True,200,0.7101049423217773,0.7334103584289551,0.6811778545379639,0.7022638320922852,,,,,,,,
caffe,seg-fpn,mIoU,0.5394595861434937,0.0,0.0,616,,0.001,16,4000,1000,2000,0,torchgeo_bench.models.TimmPatchBenchModel,efficientnet_b0,bandspec_zscore,224,bilinear,default,all,-6,4,40,True,200,0.5552033185958862,0.7070953249931335,0.6689063310623169,0.6684885621070862,,,,,,,,
flair2,seg-conv_block,mIoU,0.4395304024219513,0.0,0.0,1440,,0.001,16,4049,1022,3022,0,torchgeo_bench.models.TimmPatchBenchModel,convnext_tiny,bandspec_zscore,224,bilinear,default,rgb,-6,4,40,True,200,0.4970212280750274,0.6220803260803223,0.5970971584320068,0.589999794960022,,,,,,,,
cloudsen12,seg-dpt,mIoU,0.6663469076156616,0.0,0.0,2880,,0.001,8,4000,535,975,0,torchgeo_bench.models.TimmPatchBenchModel,convnext_large_dinov3,bandspec_zscore,224,bilinear,default,rgb,-6,4,40,True,200,0.7830734848976135,0.80655837059021,0.7693305015563965,0.7857520580291748,,,,,,,,
burn_scars,seg-conv_block,mIoU,0.8848304152488708,0.0,0.0,3840,,0.001,16,524,160,120,0,torchgeo_bench.models.TimmPatchBenchModel,resnet50,bandspec_zscore,224,bilinear,default,all,-6,4,40,True,200,0.9404769539833068,0.9524661302566528,0.9197925329208374,0.934801459312439,,,,,,,,
dynamic_earthnet,seg-conv_block,mIoU,0.2367137968540191,0.0,0.0,1440,,0.001,16,700,100,200,0,torchgeo_bench.models.TimmPatchBenchModel,convnext_tiny,bandspec_zscore,224,bilinear,default,all,-6,4,40,True,200,0.3516984581947326,0.5001702308654785,0.3326554298400879,0.3457950949668884,,,,,,,,
fotw,seg-linear,mIoU,0.5495070815086365,0.0,0.0,2816,,0.001,16,4000,1000,2000,0,torchgeo_bench.models.TimmPatchBenchModel,densenet121,bandspec_zscore,224,bilinear,default,all,-6,4,40,True,200,0.7222385406494141,0.6989443898200989,0.6345893740653992,0.6362265944480896,,,,,,,,
flair2,seg-fpn,mIoU,0.5293189287185669,0.0,0.0,2880,,0.001,8,4049,1022,3022,0,torchgeo_bench.models.TimmPatchBenchModel,convnext_large_dinov3,bandspec_zscore,224,bilinear,default,rgb,-6,4,40,True,200,0.5653659105300903,0.7030043005943298,0.6740398406982422,0.6726131439208984,,,,,,,,
cloudsen12,seg-linear,mIoU,0.6090760231018066,0.0,0.0,960,,0.001,12,4000,535,975,0,torchgeo_bench.models.TimmPatchBenchModel,maxvit_tiny_tf_224,bandspec_zscore,224,bilinear,default,rgb,-6,4,40,True,200,0.7397701740264893,0.7691327333450317,0.7157074213027954,0.7376739382743835,,,,,,,,
kuro_siwo,seg-fpn,mIoU,0.0032543474808335,0.0,0.0,616,,0.001,16,4000,1000,2000,0,torchgeo_bench.models.TimmPatchBenchModel,efficientnet_b0,bandspec_zscore,224,bilinear,default,all,-6,4,40,True,200,0.0001694524544291,0.0032543472480028,0.25,0.0064250570721924,,,,,,,,
pastis,seg-fpn,mIoU,0.0902463197708129,0.0,0.0,960,,0.001,12,1455,482,496,0,torchgeo_bench.models.TimmPatchBenchModel,maxvit_tiny_tf_224,bandspec_zscore,224,bilinear,default,all,-6,4,40,True,200,0.3307733535766601,0.1904548108577728,0.1357055157423019,0.1415898352861404,,,,,,,,
kuro_siwo,seg-conv_block,mIoU,0.5288516283035278,0.0,0.0,960,,0.001,12,4000,1000,2000,0,torchgeo_bench.models.TimmPatchBenchModel,maxvit_tiny_tf_224,bandspec_zscore,224,bilinear,default,rgb,-6,4,40,True,200,0.9154533743858336,0.7769384384155273,0.5880314111709595,0.6555086374282837,,,,,,,,
dynamic_earthnet,seg-fpn,mIoU,0.2369356304407119,0.0,0.0,1440,,0.001,16,700,100,200,0,torchgeo_bench.models.TimmPatchBenchModel,convnext_tiny,bandspec_zscore,224,bilinear,default,all,-6,4,40,True,200,0.3584386706352234,0.5035483837127686,0.332392543554306,0.3436788320541382,,,,,,,,
pastis,seg-linear,mIoU,0.1111529916524887,0.0,0.0,2880,,0.001,8,1455,482,496,0,torchgeo_bench.models.TimmPatchBenchModel,convnext_large_dinov3,bandspec_zscore,224,bilinear,default,rgb,-6,4,40,True,200,0.3553462922573089,0.2227333188056945,0.1656536161899566,0.1728541105985641,,,,,,,,
caffe,seg-linear,mIoU,0.5392773151397705,0.0,0.0,1440,,0.001,16,4000,1000,2000,0,torchgeo_bench.models.TimmPatchBenchModel,convnext_tiny,bandspec_zscore,224,bilinear,default,all,-6,4,40,True,200,0.5813554525375366,0.687556266784668,0.6594821810722351,0.662827730178833,,,,,,,,
fotw,seg-dpt,mIoU,0.5701849460601807,0.0,0.0,616,,0.001,16,4000,1000,2000,0,torchgeo_bench.models.TimmPatchBenchModel,efficientnet_b0,bandspec_zscore,224,bilinear,default,rgb,-6,4,40,True,200,0.7534143328666687,0.7067618370056152,0.6478617191314697,0.647924542427063,,,,,,,,
burn_scars,seg-fpn,mIoU,0.8185902237892151,0.0,0.0,2880,,0.001,8,524,160,120,0,torchgeo_bench.models.TimmPatchBenchModel,convnext_large_dinov3,bandspec_zscore,224,bilinear,default,rgb,-6,4,40,True,200,0.9052172899246216,0.9247127771377563,0.8625984191894531,0.8880767822265625,,,,,,,,
pastis,seg-fpn,mIoU,0.0847947970032692,0.0,0.0,1440,,0.001,16,1455,482,496,0,torchgeo_bench.models.TimmPatchBenchModel,convnext_tiny,bandspec_zscore,224,bilinear,default,all,-6,4,40,True,200,0.3280307054519653,0.172032743692398,0.1278420388698578,0.132390558719635,,,,,,,,
kuro_siwo,seg-fpn,mIoU,0.0032543474808335,0.0,0.0,616,,0.001,16,4000,1000,2000,0,torchgeo_bench.models.TimmPatchBenchModel,efficientnet_b0,bandspec_zscore,224,bilinear,default,rgb,-6,4,40,True,200,0.0001694524544291,0.0032543472480028,0.25,0.0064250570721924,,,,,,,,
pastis,seg-conv_block,mIoU,0.1012391224503517,0.0,0.0,1440,,0.001,16,1455,482,496,0,torchgeo_bench.models.TimmPatchBenchModel,convnext_tiny,bandspec_zscore,224,bilinear,default,rgb,-6,4,40,True,200,0.3426459431648254,0.2258608490228653,0.1495261788368225,0.1584784090518951,,,,,,,,
dynamic_earthnet,seg-linear,mIoU,0.2772944271564483,0.0,0.0,1440,,0.001,16,700,100,200,0,torchgeo_bench.models.TimmPatchBenchModel,convnext_tiny,bandspec_zscore,224,bilinear,default,rgb,-6,4,40,True,200,0.3970907032489776,0.5116583108901978,0.3741797208786011,0.4036850035190582,,,,,,,,
pastis,seg-linear,mIoU,0.0665589123964309,0.0,0.0,960,,0.001,12,1455,482,496,0,torchgeo_bench.models.TimmPatchBenchModel,maxvit_tiny_tf_224,bandspec_zscore,224,bilinear,default,all,-6,4,40,True,200,0.2890112400054931,0.1508167684078216,0.1037802174687385,0.1046986654400825,,,,,,,,
dynamic_earthnet,seg-linear,mIoU,0.3234685659408569,0.0,0.0,2880,,0.001,8,700,100,200,0,torchgeo_bench.models.TimmPatchBenchModel,convnext_large_dinov3,bandspec_zscore,224,bilinear,default,rgb,-6,4,40,True,200,0.4298626780509949,0.5441659688949585,0.4330639839172363,0.4589482843875885,,,,,,,,
pastis,seg-dpt,mIoU,0.074735403060913,0.0,0.0,1440,,0.001,16,1455,482,496,0,torchgeo_bench.models.TimmPatchBenchModel,convnext_tiny,bandspec_zscore,224,bilinear,default,all,-6,4,40,True,200,0.3179596066474914,0.172918438911438,0.1161187589168548,0.1151610612869262,,,,,,,,
cloudsen12,seg-conv_block,mIoU,0.6023961901664734,0.0,0.0,1920,,0.001,8,4000,535,975,0,torchgeo_bench.models.TorchGeoSwinBench,tgeo_swinv2b_s2rgb_satlas_mi,bandspec_zscore,224,bilinear,default,rgb,-6,4,40,True,200,0.7352043986320496,0.7575068473815918,0.7092770934104919,0.7290607690811157,,,,,,,,
burn_scars,seg-fpn,mIoU,0.8848512768745422,0.0,0.0,3840,,0.001,16,524,160,120,0,torchgeo_bench.models.TimmPatchBenchModel,resnet50,bandspec_zscore,224,bilinear,default,all,-6,4,40,True,200,0.9399976134300232,0.9464470148086548,0.9245392084121704,0.9348557591438292,,,,,,,,
caffe,seg-dpt,mIoU,0.5383355617523193,0.0,0.0,616,,0.001,16,4000,1000,2000,0,torchgeo_bench.models.TimmPatchBenchModel,efficientnet_b0,bandspec_zscore,224,bilinear,default,rgb,-6,4,40,True,200,0.5475343465805054,0.7099078893661499,0.6661043167114258,0.6668280363082886,,,,,,,,
cloudsen12,seg-fpn,mIoU,0.5540988445281982,0.0,0.0,616,,0.001,16,4000,535,975,0,torchgeo_bench.models.TimmPatchBenchModel,efficientnet_b0,bandspec_zscore,224,bilinear,default,all,-6,4,40,True,200,0.6896993517875671,0.7501764297485352,0.6713341474533081,0.6853182315826416,,,,,,,,
pastis,seg-fpn,mIoU,0.0979788526892662,0.0,0.0,3840,,0.001,16,1455,482,496,0,torchgeo_bench.models.TimmPatchBenchModel,resnet50,bandspec_zscore,224,bilinear,default,rgb,-6,4,40,True,200,0.3390953242778778,0.1781552135944366,0.1470982283353805,0.153313860297203,,,,,,,,
caffe,seg-dpt,mIoU,0.0528077334165573,0.0,0.0,960,,0.001,12,4000,1000,2000,0,torchgeo_bench.models.TimmPatchBenchModel,maxvit_tiny_tf_224,bandspec_zscore,224,bilinear,default,all,-6,4,40,True,200,0.044618509709835,0.0528077334165573,0.25,0.0871968045830726,,,,,,,,
flair2,seg-fpn,mIoU,0.4615325927734375,0.0,0.0,1440,,0.001,16,4049,1022,3022,0,torchgeo_bench.models.TimmPatchBenchModel,convnext_tiny,bandspec_zscore,224,bilinear,default,rgb,-6,4,40,True,200,0.5151183605194092,0.6473365426063538,0.6088941693305969,0.610261857509613,,,,,,,,
flair2,seg-fpn,mIoU,0.4782730638980865,0.0,0.0,960,,0.001,12,4049,1022,3022,0,torchgeo_bench.models.TimmPatchBenchModel,maxvit_tiny_tf_224,bandspec_zscore,224,bilinear,default,all,-6,4,40,True,200,0.5371790528297424,0.6616112589836121,0.627464771270752,0.62271648645401,,,,,,,,
fotw,seg-dpt,mIoU,0.570084810256958,0.0,0.0,616,,0.001,16,4000,1000,2000,0,torchgeo_bench.models.TimmPatchBenchModel,efficientnet_b0,bandspec_zscore,224,bilinear,default,all,-6,4,40,True,200,0.7544963955879211,0.71703040599823,0.6470496654510498,0.6470890045166016,,,,,,,,
pastis,seg-dpt,mIoU,0.0886963978409767,0.0,0.0,2880,,0.001,8,1455,482,496,0,torchgeo_bench.models.TimmPatchBenchModel,convnext_large_dinov3,bandspec_zscore,224,bilinear,default,all,-6,4,40,True,200,0.3367054164409637,0.2019051313400268,0.1342298537492752,0.138147696852684,,,,,,,,
pastis,seg-fpn,mIoU,0.0739331096410751,0.0,0.0,616,,0.001,16,1455,482,496,0,torchgeo_bench.models.TimmPatchBenchModel,efficientnet_b0,bandspec_zscore,224,bilinear,default,rgb,-6,4,40,True,200,0.3149026930332184,0.1405863165855407,0.1155526861548423,0.1137798205018043,,,,,,,,
kuro_siwo,seg-dpt,mIoU,0.5280196070671082,0.0,0.0,1440,,0.001,16,4000,1000,2000,0,torchgeo_bench.models.TimmPatchBenchModel,convnext_tiny,bandspec_zscore,224,bilinear,default,rgb,-6,4,40,True,200,0.913648009300232,0.7857604026794434,0.5822272300720215,0.6565811038017273,,,,,,,,
fotw,seg-linear,mIoU,0.176969513297081,0.0,0.0,616,,0.001,16,4000,1000,2000,0,torchgeo_bench.models.TimmPatchBenchModel,efficientnet_b0,bandspec_zscore,224,bilinear,default,all,-6,4,40,True,200,0.3784317970275879,0.3534064292907715,0.2758227884769439,0.2373811304569244,,,,,,,,
fotw,seg-fpn,mIoU,0.5881085395812988,0.0,0.0,1440,,0.001,16,4000,1000,2000,0,torchgeo_bench.models.TimmPatchBenchModel,convnext_tiny,bandspec_zscore,224,bilinear,default,all,-6,4,40,True,200,0.7667744159698486,0.7377192378044128,0.6624798774719238,0.6630550622940063,,,,,,,,
kuro_siwo,seg-dpt,mIoU,0.5045140981674194,0.0,0.0,1440,,0.001,16,4000,1000,2000,0,torchgeo_bench.models.TimmPatchBenchModel,convnext_tiny,bandspec_zscore,224,bilinear,default,all,-6,4,40,True,200,0.9104226231575012,0.7604624032974243,0.5609250068664551,0.6315784454345703,,,,,,,,
pastis,seg-dpt,mIoU,0.0986289456486702,0.0,0.0,1440,,0.001,16,1455,482,496,0,torchgeo_bench.models.TimmPatchBenchModel,convnext_tiny,bandspec_zscore,224,bilinear,default,rgb,-6,4,40,True,200,0.3405562043190002,0.2143276035785675,0.1475343257188797,0.1550866365432739,,,,,,,,
kuro_siwo,seg-fpn,mIoU,0.4645407199859619,0.0,0.0,3840,,0.001,16,4000,1000,2000,0,torchgeo_bench.models.TimmPatchBenchModel,resnet50,bandspec_zscore,224,bilinear,default,all,-6,4,40,True,200,0.8983666896820068,0.6770164966583252,0.5285946130752563,0.5840466618537903,,,,,,,,
pastis,seg-conv_block,mIoU,0.0998481959104538,0.0,0.0,3840,,0.001,16,1455,482,496,0,torchgeo_bench.models.TimmPatchBenchModel,resnet50,bandspec_zscore,224,bilinear,default,rgb,-6,4,40,True,200,0.3450971245765686,0.1963609606027603,0.1483438611030578,0.1561591029167175,,,,,,,,
kuro_siwo,seg-fpn,mIoU,0.541556715965271,0.0,0.0,1440,,0.001,16,4000,1000,2000,0,torchgeo_bench.models.TimmPatchBenchModel,convnext_tiny,bandspec_zscore,224,bilinear,default,rgb,-6,4,40,True,200,0.916923999786377,0.7744097709655762,0.6067513227462769,0.671775221824646,,,,,,,,
pastis,seg-linear,mIoU,0.0362828113138675,0.0,0.0,616,,0.001,16,1455,482,496,0,torchgeo_bench.models.TimmPatchBenchModel,efficientnet_b0,bandspec_zscore,224,bilinear,default,all,-6,4,40,True,200,0.2267811894416809,0.0756413713097572,0.0672747418284416,0.0544350482523441,,,,,,,,
kuro_siwo,seg-conv_block,mIoU,0.5341176390647888,0.0,0.0,1440,,0.001,16,4000,1000,2000,0,torchgeo_bench.models.TimmPatchBenchModel,convnext_tiny,bandspec_zscore,224,bilinear,default,rgb,-6,4,40,True,200,0.9157986640930176,0.7943547964096069,0.5887036323547363,0.6619478464126587,,,,,,,,
flair2,seg-dpt,mIoU,0.4528669416904449,0.0,0.0,616,,0.001,16,4049,1022,3022,0,torchgeo_bench.models.TimmPatchBenchModel,efficientnet_b0,bandspec_zscore,224,bilinear,default,all,-6,4,40,True,200,0.512475311756134,0.6329351663589478,0.6031144857406616,0.5990557074546814,,,,,,,,
burn_scars,seg-linear,mIoU,0.8760678172111511,0.0,0.0,2880,,0.001,8,524,160,120,0,torchgeo_bench.models.TimmPatchBenchModel,convnext_large_dinov3,bandspec_zscore,224,bilinear,default,all,-6,4,40,True,200,0.9373999834060668,0.9405632019042968,0.9203445911407472,0.9297436475753784,,,,,,,,
burn_scars,seg-dpt,mIoU,0.8080401420593262,0.0,0.0,2816,,0.001,16,524,160,120,0,torchgeo_bench.models.TimmPatchBenchModel,densenet121,bandspec_zscore,224,bilinear,default,rgb,-6,4,40,True,200,0.8977961540222168,0.9163690209388732,0.8539578318595886,0.8790950775146484,,,,,,,,
cloudsen12,seg-conv_block,mIoU,0.5307945013046265,0.0,0.0,616,,0.001,16,4000,535,975,0,torchgeo_bench.models.TimmPatchBenchModel,efficientnet_b0,bandspec_zscore,224,bilinear,default,all,-6,4,40,True,200,0.6760041117668152,0.7454643249511719,0.6421188116073608,0.6611043214797974,,,,,,,,
burn_scars,seg-conv_block,mIoU,0.3530015647411346,0.0,0.0,616,,0.001,16,524,160,120,0,torchgeo_bench.models.TimmPatchBenchModel,efficientnet_b0,bandspec_zscore,224,bilinear,default,rgb,-6,4,40,True,200,0.8065699338912964,0.5702964663505554,0.3887733221054077,0.4089748859405517,,,,,,,,
cloudsen12,seg-linear,mIoU,0.6164494752883911,0.0,0.0,3840,,0.001,16,4000,535,975,0,torchgeo_bench.models.TimmPatchBenchModel,resnet50,bandspec_zscore,224,bilinear,default,rgb,-6,4,40,True,200,0.7439450025558472,0.7656924724578857,0.7301957607269287,0.7448554039001465,,,,,,,,
cloudsen12,seg-linear,mIoU,0.6305438280105591,0.0,0.0,2880,,0.001,8,4000,535,975,0,torchgeo_bench.models.TimmPatchBenchModel,convnext_large_dinov3,bandspec_zscore,224,bilinear,default,rgb,-6,4,40,True,200,0.7541410326957703,0.7841317653656006,0.7375031113624573,0.7573020458221436,,,,,,,,
caffe,seg-fpn,mIoU,0.5355432033538818,0.0,0.0,1440,,0.001,16,4000,1000,2000,0,torchgeo_bench.models.TimmPatchBenchModel,convnext_tiny,bandspec_zscore,224,bilinear,default,all,-6,4,40,True,200,0.5612924098968506,0.7001247406005859,0.6599248051643372,0.6624735593795776,,,,,,,,
burn_scars,seg-conv_block,mIoU,0.8279263377189636,0.0,0.0,616,,0.001,16,524,160,120,0,torchgeo_bench.models.TimmPatchBenchModel,efficientnet_b0,bandspec_zscore,224,bilinear,default,all,-6,4,40,True,200,0.9147717356681824,0.9421279430389404,0.8616953492164612,0.8973301649093628,,,,,,,,
burn_scars,seg-conv_block,mIoU,0.8858864903450012,0.0,0.0,2816,,0.001,16,524,160,120,0,torchgeo_bench.models.TimmPatchBenchModel,densenet121,bandspec_zscore,224,bilinear,default,all,-6,4,40,True,200,0.9397289156913756,0.95625901222229,0.9166194200515748,0.935139775276184,,,,,,,,
kuro_siwo,seg-linear,mIoU,0.2382109016180038,0.0,0.0,1920,,0.001,8,4000,1000,2000,0,torchgeo_bench.models.TorchGeoSwinBench,tgeo_swinv2b_s2rgb_satlas_mi,bandspec_zscore,224,bilinear,default,all,-6,4,40,True,200,0.8448829650878906,0.6501007080078125,0.2584408521652221,0.2557811737060547,,,,,,,,
pastis,seg-fpn,mIoU,0.0975908190011978,0.0,0.0,1920,,0.001,8,1455,482,496,0,torchgeo_bench.models.TorchGeoSwinBench,tgeo_swinv2b_s2rgb_satlas_mi,bandspec_zscore,224,bilinear,default,rgb,-6,4,40,True,200,0.3401896953582763,0.1996211111545562,0.1487445533275604,0.1511936485767364,,,,,,,,
fotw,seg-conv_block,mIoU,0.5597290992736816,0.0,0.0,1440,,0.001,16,4000,1000,2000,0,torchgeo_bench.models.TimmPatchBenchModel,convnext_tiny,bandspec_zscore,224,bilinear,default,all,-6,4,40,True,200,0.7409428358078003,0.7148765325546265,0.6389086246490479,0.6422221660614014,,,,,,,,
fotw,seg-conv_block,mIoU,0.578015148639679,0.0,0.0,960,,0.001,12,4000,1000,2000,0,torchgeo_bench.models.TimmPatchBenchModel,maxvit_tiny_tf_224,bandspec_zscore,224,bilinear,default,rgb,-6,4,40,True,200,0.7542634010314941,0.7248060703277588,0.6546895503997803,0.6555227041244507,,,,,,,,
dynamic_earthnet,seg-conv_block,mIoU,0.2249764502048492,0.0,0.0,616,,0.001,16,700,100,200,0,torchgeo_bench.models.TimmPatchBenchModel,efficientnet_b0,bandspec_zscore,224,bilinear,default,all,-6,4,40,True,200,0.3543733358383178,0.4755737781524658,0.3697281777858734,0.3304337859153747,,,,,,,,
cloudsen12,seg-linear,mIoU,0.3281415998935699,0.0,0.0,616,,0.001,16,4000,535,975,0,torchgeo_bench.models.TimmPatchBenchModel,efficientnet_b0,bandspec_zscore,224,bilinear,default,rgb,-6,4,40,True,200,0.5205812454223633,0.5598159432411194,0.4287329018115997,0.4168029725551605,,,,,,,,
dynamic_earthnet,seg-dpt,mIoU,0.2966997027397156,0.0,0.0,2880,,0.001,8,700,100,200,0,torchgeo_bench.models.TimmPatchBenchModel,convnext_large_dinov3,bandspec_zscore,224,bilinear,default,rgb,-6,4,40,True,200,0.4103143513202667,0.57410728931427,0.3917683064937591,0.4192619621753692,,,,,,,,
fotw,seg-dpt,mIoU,0.5973010063171387,0.0,0.0,960,,0.001,12,4000,1000,2000,0,torchgeo_bench.models.TimmPatchBenchModel,maxvit_tiny_tf_224,bandspec_zscore,224,bilinear,default,all,-6,4,40,True,200,0.7795734405517578,0.751676082611084,0.6665992140769958,0.6687263250350952,,,,,,,,
fotw,seg-conv_block,mIoU,0.5617063045501709,0.0,0.0,1440,,0.001,16,4000,1000,2000,0,torchgeo_bench.models.TimmPatchBenchModel,convnext_tiny,bandspec_zscore,224,bilinear,default,rgb,-6,4,40,True,200,0.7397644519805908,0.7139264345169067,0.642982006072998,0.6446494460105896,,,,,,,,
dynamic_earthnet,seg-dpt,mIoU,0.2971559166908264,0.0,0.0,2816,,0.001,16,700,100,200,0,torchgeo_bench.models.TimmPatchBenchModel,densenet121,bandspec_zscore,224,bilinear,default,rgb,-6,4,40,True,200,0.4257707893848419,0.5058313608169556,0.4087887108325958,0.4316549897193908,,,,,,,,
dynamic_earthnet,seg-fpn,mIoU,0.2413648664951324,0.0,0.0,1920,,0.001,8,700,100,200,0,torchgeo_bench.models.TorchGeoSwinBench,tgeo_swinv2b_s2rgb_satlas_mi,bandspec_zscore,224,bilinear,default,rgb,-6,4,40,True,200,0.3472864627838135,0.4440238773822784,0.3560995161533355,0.3634016215801239,,,,,,,,
fotw,seg-fpn,mIoU,0.5940232276916504,0.0,0.0,960,,0.001,12,4000,1000,2000,0,torchgeo_bench.models.TimmPatchBenchModel,maxvit_tiny_tf_224,bandspec_zscore,224,bilinear,default,all,-6,4,40,True,200,0.77173912525177,0.7458458542823792,0.6648815870285034,0.6668565273284912,,,,,,,,
kuro_siwo,seg-conv_block,mIoU,0.5348384380340576,0.0,0.0,1440,,0.001,16,4000,1000,2000,0,torchgeo_bench.models.TimmPatchBenchModel,convnext_tiny,bandspec_zscore,224,bilinear,default,all,-6,4,40,True,200,0.9152188897132874,0.7791217565536499,0.5947657823562622,0.664047360420227,,,,,,,,
burn_scars,seg-dpt,mIoU,0.8756089210510254,0.0,0.0,2816,,0.001,16,524,160,120,0,torchgeo_bench.models.TimmPatchBenchModel,densenet121,bandspec_zscore,224,bilinear,default,all,-6,4,40,True,200,0.9349334836006165,0.9397891759872437,0.9188885688781738,0.929025173187256,,,,,,,,
flair2,seg-dpt,mIoU,0.4676969647407532,0.0,0.0,960,,0.001,12,4049,1022,3022,0,torchgeo_bench.models.TimmPatchBenchModel,maxvit_tiny_tf_224,bandspec_zscore,224,bilinear,default,rgb,-6,4,40,True,200,0.5215857625007629,0.6664772033691406,0.6132124066352844,0.6140627861022949,,,,,,,,
cloudsen12,seg-fpn,mIoU,0.6260164976119995,0.0,0.0,1440,,0.001,16,4000,535,975,0,torchgeo_bench.models.TimmPatchBenchModel,convnext_tiny,bandspec_zscore,224,bilinear,default,all,-6,4,40,True,200,0.7505955696105957,0.7739807367324829,0.7348112463951111,0.7512201070785522,,,,,,,,
caffe,seg-linear,mIoU,0.5764657855033875,0.0,0.0,960,,0.001,12,4000,1000,2000,0,torchgeo_bench.models.TimmPatchBenchModel,maxvit_tiny_tf_224,bandspec_zscore,224,bilinear,default,rgb,-6,4,40,True,200,0.6107568740844727,0.7036177515983582,0.7258537411689758,0.7038769125938416,,,,,,,,
pastis,seg-dpt,mIoU,0.0825111120939254,0.0,0.0,1920,,0.001,8,1455,482,496,0,torchgeo_bench.models.TorchGeoSwinBench,tgeo_swinv2b_s2rgb_satlas_mi,bandspec_zscore,224,bilinear,default,rgb,-6,4,40,True,200,0.3253012597560882,0.1876516044139862,0.1279685795307159,0.127494215965271,,,,,,,,
caffe,seg-conv_block,mIoU,0.5570682287216187,0.0,0.0,616,,0.001,16,4000,1000,2000,0,torchgeo_bench.models.TimmPatchBenchModel,efficientnet_b0,bandspec_zscore,224,bilinear,default,all,-6,4,40,True,200,0.5778234004974365,0.7103317975997925,0.6877477169036865,0.6866508722305298,,,,,,,,
fotw,seg-fpn,mIoU,0.6138628721237183,0.0,0.0,2880,,0.001,8,4000,1000,2000,0,torchgeo_bench.models.TimmPatchBenchModel,convnext_large_dinov3,bandspec_zscore,224,bilinear,default,rgb,-6,4,40,True,200,0.7909045219421387,0.7571144104003906,0.681118905544281,0.6797773838043213,,,,,,,,
dynamic_earthnet,seg-fpn,mIoU,0.3317419290542602,0.0,0.0,2880,,0.001,8,700,100,200,0,torchgeo_bench.models.TimmPatchBenchModel,convnext_large_dinov3,bandspec_zscore,224,bilinear,default,rgb,-6,4,40,True,200,0.4406251311302185,0.5690726637840271,0.4408290982246399,0.4684275984764099,,,,,,,,
flair2,seg-conv_block,mIoU,0.4755258560180664,0.0,0.0,2816,,0.001,16,4049,1022,3022,0,torchgeo_bench.models.TimmPatchBenchModel,densenet121,bandspec_zscore,224,bilinear,default,all,-6,4,40,True,200,0.5285156965255737,0.6613014936447144,0.6256336569786072,0.6214329600334167,,,,,,,,
burn_scars,seg-dpt,mIoU,0.6898802518844604,0.0,0.0,1920,,0.001,8,524,160,120,0,torchgeo_bench.models.TorchGeoSwinBench,tgeo_swinv2b_s2rgb_satlas_mi,bandspec_zscore,224,bilinear,default,rgb,-6,4,40,True,200,0.8590447306632996,0.8970532417297363,0.7258743047714233,0.7855359315872192,,,,,,,,
caffe,seg-linear,mIoU,0.539284348487854,0.0,0.0,1440,,0.001,16,4000,1000,2000,0,torchgeo_bench.models.TimmPatchBenchModel,convnext_tiny,bandspec_zscore,224,bilinear,default,rgb,-6,4,40,True,200,0.5813661217689514,0.687557578086853,0.6594882011413574,0.6628344058990479,,,,,,,,
burn_scars,seg-linear,mIoU,0.813878059387207,0.0,0.0,1920,,0.001,8,524,160,120,0,torchgeo_bench.models.TorchGeoSwinBench,tgeo_swinv2b_s2rgb_satlas_mi,bandspec_zscore,224,bilinear,default,all,-6,4,40,True,200,0.9183671474456788,0.9403773546218872,0.8499382138252258,0.890636146068573,,,,,,,,
burn_scars,seg-dpt,mIoU,0.8327200412750244,0.0,0.0,2880,,0.001,8,524,160,120,0,torchgeo_bench.models.TimmPatchBenchModel,convnext_large_dinov3,bandspec_zscore,224,bilinear,default,rgb,-6,4,40,True,200,0.9088030457496644,0.9301512241363524,0.8723319172859192,0.8971057534217834,,,,,,,,
kuro_siwo,seg-linear,mIoU,0.5184835195541382,0.0,0.0,1440,,0.001,16,4000,1000,2000,0,torchgeo_bench.models.TimmPatchBenchModel,convnext_tiny,bandspec_zscore,224,bilinear,default,rgb,-6,4,40,True,200,0.9117417335510254,0.7841829061508179,0.5710254907608032,0.6465809345245361,,,,,,,,
caffe,seg-dpt,mIoU,0.5607183575630188,0.0,0.0,960,,0.001,12,4000,1000,2000,0,torchgeo_bench.models.TimmPatchBenchModel,maxvit_tiny_tf_224,bandspec_zscore,224,bilinear,default,rgb,-6,4,40,True,200,0.5777409076690674,0.7155359983444214,0.6920830011367798,0.6897938251495361,,,,,,,,
cloudsen12,seg-dpt,mIoU,0.6357275247573853,0.0,0.0,960,,0.001,12,4000,535,975,0,torchgeo_bench.models.TimmPatchBenchModel,maxvit_tiny_tf_224,bandspec_zscore,224,bilinear,default,all,-6,4,40,True,200,0.7610182762145996,0.7867518067359924,0.7388476729393005,0.7579227685928345,,,,,,,,
pastis,seg-fpn,mIoU,0.1149347871541976,0.0,0.0,2816,,0.001,16,1455,482,496,0,torchgeo_bench.models.TimmPatchBenchModel,densenet121,bandspec_zscore,224,bilinear,default,rgb,-6,4,40,True,200,0.3589650094509125,0.2190357744693756,0.1699907481670379,0.1797486245632171,,,,,,,,
cloudsen12,seg-fpn,mIoU,0.5997767448425293,0.0,0.0,1920,,0.001,8,4000,535,975,0,torchgeo_bench.models.TorchGeoSwinBench,tgeo_swinv2b_s2rgb_satlas_mi,bandspec_zscore,224,bilinear,default,rgb,-6,4,40,True,200,0.7302838563919067,0.7502206563949585,0.711151123046875,0.7278040647506714,,,,,,,,
flair2,seg-linear,mIoU,0.4075758457183838,0.0,0.0,1920,,0.001,8,4049,1022,3022,0,torchgeo_bench.models.TorchGeoSwinBench,tgeo_swinv2b_s2rgb_satlas_mi,bandspec_zscore,224,bilinear,default,rgb,-6,4,40,True,200,0.4628292322158813,0.5933493375778198,0.5704597234725952,0.5561043620109558,,,,,,,,
pastis,seg-conv_block,mIoU,0.0795322656631469,0.0,0.0,960,,0.001,12,1455,482,496,0,torchgeo_bench.models.TimmPatchBenchModel,maxvit_tiny_tf_224,bandspec_zscore,224,bilinear,default,all,-6,4,40,True,200,0.315769761800766,0.2094137221574783,0.1214648783206939,0.124385766685009,,,,,,,,
caffe,seg-conv_block,mIoU,0.5049434900283813,0.0,0.0,1920,,0.001,8,4000,1000,2000,0,torchgeo_bench.models.TorchGeoSwinBench,tgeo_swinv2b_s2rgb_satlas_mi,bandspec_zscore,224,bilinear,default,rgb,-6,4,40,True,200,0.5357241630554199,0.6537270545959473,0.6861642599105835,0.6356776356697083,,,,,,,,
kuro_siwo,seg-conv_block,mIoU,0.0032543474808335,0.0,0.0,616,,0.001,16,4000,1000,2000,0,torchgeo_bench.models.TimmPatchBenchModel,efficientnet_b0,bandspec_zscore,224,bilinear,default,rgb,-6,4,40,True,200,0.0001694524544291,0.0032543472480028,0.25,0.0064250570721924,,,,,,,,
caffe,seg-linear,mIoU,0.5335375070571899,0.0,0.0,616,,0.001,16,4000,1000,2000,0,torchgeo_bench.models.TimmPatchBenchModel,efficientnet_b0,bandspec_zscore,224,bilinear,default,all,-6,4,40,True,200,0.5590951442718506,0.6784059405326843,0.6734650135040283,0.6628759503364563,,,,,,,,
flair2,seg-dpt,mIoU,0.4727464616298675,0.0,0.0,960,,0.001,12,4049,1022,3022,0,torchgeo_bench.models.TimmPatchBenchModel,maxvit_tiny_tf_224,bandspec_zscore,224,bilinear,default,all,-6,4,40,True,200,0.5306785106658936,0.6582266688346863,0.6195759177207947,0.6171950697898865,,,,,,,,
caffe,seg-fpn,mIoU,0.5397701859474182,0.0,0.0,616,,0.001,16,4000,1000,2000,0,torchgeo_bench.models.TimmPatchBenchModel,efficientnet_b0,bandspec_zscore,224,bilinear,default,rgb,-6,4,40,True,200,0.5555431246757507,0.7072595357894897,0.6691297292709351,0.668836236000061,,,,,,,,
burn_scars,seg-conv_block,mIoU,0.815736711025238,0.0,0.0,2880,,0.001,8,524,160,120,0,torchgeo_bench.models.TimmPatchBenchModel,convnext_large_dinov3,bandspec_zscore,224,bilinear,default,rgb,-6,4,40,True,200,0.899442732334137,0.9208632707595824,0.8574399352073669,0.8839073777198792,,,,,,,,
dynamic_earthnet,seg-conv_block,mIoU,0.2589138746261596,0.0,0.0,3840,,0.001,16,700,100,200,0,torchgeo_bench.models.TimmPatchBenchModel,resnet50,bandspec_zscore,224,bilinear,default,rgb,-6,4,40,True,200,0.3873481154441833,0.5096940994262695,0.3629753291606903,0.3828295767307281,,,,,,,,
flair2,seg-fpn,mIoU,0.4754176437854767,0.0,0.0,960,,0.001,12,4049,1022,3022,0,torchgeo_bench.models.TimmPatchBenchModel,maxvit_tiny_tf_224,bandspec_zscore,224,bilinear,default,rgb,-6,4,40,True,200,0.5252925753593445,0.6684894561767578,0.6205605268478394,0.6238850355148315,,,,,,,,
burn_scars,seg-linear,mIoU,0.7988390922546387,0.0,0.0,2880,,0.001,8,524,160,120,0,torchgeo_bench.models.TimmPatchBenchModel,convnext_large_dinov3,bandspec_zscore,224,bilinear,default,rgb,-6,4,40,True,200,0.8930703401565552,0.9101601243019104,0.8455498814582825,0.8720269799232483,,,,,,,,
dynamic_earthnet,seg-linear,mIoU,0.2573948502540588,0.0,0.0,2816,,0.001,16,700,100,200,0,torchgeo_bench.models.TimmPatchBenchModel,densenet121,bandspec_zscore,224,bilinear,default,all,-6,4,40,True,200,0.3722251355648041,0.4472213983535766,0.3709321618080139,0.3703563809394836,,,,,,,,
cloudsen12,seg-conv_block,mIoU,0.6275453567504883,0.0,0.0,2880,,0.001,8,4000,535,975,0,torchgeo_bench.models.TimmPatchBenchModel,convnext_large_dinov3,bandspec_zscore,224,bilinear,default,all,-6,4,40,True,200,0.7516543865203857,0.7766965627670288,0.7366788983345032,0.7522455453872681,,,,,,,,
burn_scars,seg-dpt,mIoU,0.7837945818901062,0.0,0.0,3840,,0.001,16,524,160,120,0,torchgeo_bench.models.TimmPatchBenchModel,resnet50,bandspec_zscore,224,bilinear,default,rgb,-6,4,40,True,200,0.8826016187667847,0.8897372484207153,0.8386622667312622,0.8591945767402649,,,,,,,,
pastis,seg-conv_block,mIoU,0.1178631484508514,0.0,0.0,2880,,0.001,8,1455,482,496,0,torchgeo_bench.models.TimmPatchBenchModel,convnext_large_dinov3,bandspec_zscore,224,bilinear,default,rgb,-6,4,40,True,200,0.3702848851680755,0.2294862270355224,0.1748279333114624,0.1817976832389831,,,,,,,,
fotw,seg-linear,mIoU,0.24349345266819,0.0,0.0,616,,0.001,16,4000,1000,2000,0,torchgeo_bench.models.TimmPatchBenchModel,efficientnet_b0,bandspec_zscore,224,bilinear,default,rgb,-6,4,40,True,200,0.4778058528900146,0.3540189266204834,0.3347973227500915,0.3185219466686249,,,,,,,,
burn_scars,seg-dpt,mIoU,0.7987174987792969,0.0,0.0,616,,0.001,16,524,160,120,0,torchgeo_bench.models.TimmPatchBenchModel,efficientnet_b0,bandspec_zscore,224,bilinear,default,rgb,-6,4,40,True,200,0.8851016759872437,0.889828622341156,0.8532263040542603,0.8696434497833252,,,,,,,,
kuro_siwo,seg-conv_block,mIoU,0.3238848447799682,0.0,0.0,1920,,0.001,8,4000,1000,2000,0,torchgeo_bench.models.TorchGeoSwinBench,tgeo_swinv2b_s2rgb_satlas_mi,bandspec_zscore,224,bilinear,default,all,-6,4,40,True,200,0.8529939651489258,0.7202849984169006,0.3445997238159179,0.3756825923919678,,,,,,,,
dynamic_earthnet,seg-dpt,mIoU,0.2748605608940124,0.0,0.0,616,,0.001,16,700,100,200,0,torchgeo_bench.models.TimmPatchBenchModel,efficientnet_b0,bandspec_zscore,224,bilinear,default,all,-6,4,40,True,200,0.3946738243103027,0.4990070462226867,0.3722192645072937,0.3878040313720703,,,,,,,,
cloudsen12,seg-fpn,mIoU,0.5147109031677246,0.0,0.0,616,,0.001,16,4000,535,975,0,torchgeo_bench.models.TimmPatchBenchModel,efficientnet_b0,bandspec_zscore,224,bilinear,default,rgb,-6,4,40,True,200,0.6663278341293335,0.7376922369003296,0.6282100677490234,0.6428927183151245,,,,,,,,
cloudsen12,seg-dpt,mIoU,0.5954791903495789,0.0,0.0,1920,,0.001,8,4000,535,975,0,torchgeo_bench.models.TorchGeoSwinBench,tgeo_swinv2b_s2rgb_satlas_mi,bandspec_zscore,224,bilinear,default,rgb,-6,4,40,True,200,0.7333381175994873,0.7468532919883728,0.7051142454147339,0.7214832305908203,,,,,,,,
fotw,seg-fpn,mIoU,0.5294866561889648,0.0,0.0,616,,0.001,16,4000,1000,2000,0,torchgeo_bench.models.TimmPatchBenchModel,efficientnet_b0,bandspec_zscore,224,bilinear,default,rgb,-6,4,40,True,200,0.7074247598648071,0.6548221111297607,0.6202396154403687,0.6195112466812134,,,,,,,,
flair2,seg-conv_block,mIoU,0.4656899273395538,0.0,0.0,2816,,0.001,16,4049,1022,3022,0,torchgeo_bench.models.TimmPatchBenchModel,densenet121,bandspec_zscore,224,bilinear,default,rgb,-6,4,40,True,200,0.5145730376243591,0.6778094172477722,0.6010942459106445,0.6138017773628235,,,,,,,,
pastis,seg-conv_block,mIoU,0.0901419892907142,0.0,0.0,2880,,0.001,8,1455,482,496,0,torchgeo_bench.models.TimmPatchBenchModel,convnext_large_dinov3,bandspec_zscore,224,bilinear,default,all,-6,4,40,True,200,0.3361504673957824,0.1876466572284698,0.1357573121786117,0.140808030962944,,,,,,,,
burn_scars,seg-conv_block,mIoU,0.8716858625411987,0.0,0.0,1440,,0.001,16,524,160,120,0,torchgeo_bench.models.TimmPatchBenchModel,convnext_tiny,bandspec_zscore,224,bilinear,default,all,-6,4,40,True,200,0.9317615032196044,0.9471642971038818,0.9073415994644164,0.9257361888885498,,,,,,,,
dynamic_earthnet,seg-fpn,mIoU,0.2761191129684448,0.0,0.0,960,,0.001,12,700,100,200,0,torchgeo_bench.models.TimmPatchBenchModel,maxvit_tiny_tf_224,bandspec_zscore,224,bilinear,default,rgb,-6,4,40,True,200,0.4281501770019531,0.5261865854263306,0.3769328594207763,0.3983348906040191,,,,,,,,
burn_scars,seg-fpn,mIoU,0.8642791509628296,0.0,0.0,960,,0.001,12,524,160,120,0,torchgeo_bench.models.TimmPatchBenchModel,maxvit_tiny_tf_224,bandspec_zscore,224,bilinear,default,all,-6,4,40,True,200,0.9303308725357056,0.948010802268982,0.8987867832183838,0.9215837717056274,,,,,,,,
dynamic_earthnet,seg-linear,mIoU,0.2447900474071502,0.0,0.0,960,,0.001,12,700,100,200,0,torchgeo_bench.models.TimmPatchBenchModel,maxvit_tiny_tf_224,bandspec_zscore,224,bilinear,default,all,-6,4,40,True,200,0.3481176793575287,0.4602545499801636,0.346701055765152,0.3628860116004944,,,,,,,,
kuro_siwo,seg-dpt,mIoU,0.0032543474808335,0.0,0.0,616,,0.001,16,4000,1000,2000,0,torchgeo_bench.models.TimmPatchBenchModel,efficientnet_b0,bandspec_zscore,224,bilinear,default,all,-6,4,40,True,200,0.0001694524544291,0.0032543472480028,0.25,0.0064250570721924,,,,,,,,
cloudsen12,seg-dpt,mIoU,0.6277384161949158,0.0,0.0,1440,,0.001,16,4000,535,975,0,torchgeo_bench.models.TimmPatchBenchModel,convnext_tiny,bandspec_zscore,224,bilinear,default,rgb,-6,4,40,True,200,0.7565690875053406,0.7700828909873962,0.7398737668991089,0.7532550692558289,,,,,,,,
fotw,seg-dpt,mIoU,0.5554333925247192,0.0,0.0,1440,,0.001,16,4000,1000,2000,0,torchgeo_bench.models.TimmPatchBenchModel,convnext_tiny,bandspec_zscore,224,bilinear,default,all,-6,4,40,True,200,0.7402116060256958,0.7026728391647339,0.6376687288284302,0.6372622847557068,,,,,,,,
burn_scars,seg-linear,mIoU,0.8291574120521545,0.0,0.0,3840,,0.001,16,524,160,120,0,torchgeo_bench.models.TimmPatchBenchModel,resnet50,bandspec_zscore,224,bilinear,default,all,-6,4,40,True,200,0.9204672574996948,0.90370512008667,0.9008637070655824,0.9007205963134766,,,,,,,,
pastis,seg-fpn,mIoU,0.0968653559684753,0.0,0.0,2816,,0.001,16,1455,482,496,0,torchgeo_bench.models.TimmPatchBenchModel,densenet121,bandspec_zscore,224,bilinear,default,all,-6,4,40,True,200,0.3415915369987488,0.2031188905239105,0.1437126100063324,0.1516410559415817,,,,,,,,
burn_scars,seg-fpn,mIoU,0.8820770382881165,0.0,0.0,2816,,0.001,16,524,160,120,0,torchgeo_bench.models.TimmPatchBenchModel,densenet121,bandspec_zscore,224,bilinear,default,all,-6,4,40,True,200,0.9380066394805908,0.9532442092895508,0.9151217937469482,0.9327425956726074,,,,,,,,
caffe,seg-fpn,mIoU,0.6103980541229248,0.0,0.0,2880,,0.001,8,4000,1000,2000,0,torchgeo_bench.models.TimmPatchBenchModel,convnext_large_dinov3,bandspec_zscore,224,bilinear,default,rgb,-6,4,40,True,200,0.5972497463226318,0.7575820684432983,0.7494423985481262,0.7365199327468872,,,,,,,,
burn_scars,seg-linear,mIoU,0.7737172245979309,0.0,0.0,3840,,0.001,16,524,160,120,0,torchgeo_bench.models.TimmPatchBenchModel,resnet50,bandspec_zscore,224,bilinear,default,rgb,-6,4,40,True,200,0.8758443593978882,0.8791698813438416,0.8308393359184265,0.8502599000930786,,,,,,,,
kuro_siwo,seg-linear,mIoU,0.0032543474808335,0.0,0.0,616,,0.001,16,4000,1000,2000,0,torchgeo_bench.models.TimmPatchBenchModel,efficientnet_b0,bandspec_zscore,224,bilinear,default,all,-6,4,40,True,200,0.0001694524544291,0.0032543472480028,0.25,0.0064250570721924,,,,,,,,
caffe,seg-dpt,mIoU,0.5197097063064575,0.0,0.0,1440,,0.001,16,4000,1000,2000,0,torchgeo_bench.models.TimmPatchBenchModel,convnext_tiny,bandspec_zscore,224,bilinear,default,rgb,-6,4,40,True,200,0.5470093488693237,0.6853654384613037,0.6453481912612915,0.6433328986167908,,,,,,,,
burn_scars,seg-conv_block,mIoU,0.7563925981521606,0.0,0.0,1920,,0.001,8,524,160,120,0,torchgeo_bench.models.TorchGeoSwinBench,tgeo_swinv2b_s2rgb_satlas_mi,bandspec_zscore,224,bilinear,default,rgb,-6,4,40,True,200,0.8774839639663696,0.900497555732727,0.7991624474525452,0.839538037776947,,,,,,,,
dynamic_earthnet,seg-conv_block,mIoU,0.263127863407135,0.0,0.0,1440,,0.001,16,700,100,200,0,torchgeo_bench.models.TimmPatchBenchModel,convnext_tiny,bandspec_zscore,224,bilinear,default,rgb,-6,4,40,True,200,0.3811227083206177,0.5193337798118591,0.3603650331497192,0.3876207172870636,,,,,,,,
caffe,seg-conv_block,mIoU,0.5570589900016785,0.0,0.0,616,,0.001,16,4000,1000,2000,0,torchgeo_bench.models.TimmPatchBenchModel,efficientnet_b0,bandspec_zscore,224,bilinear,default,rgb,-6,4,40,True,200,0.5778132081031799,0.7103336453437805,0.6877347230911255,0.6866409778594971,,,,,,,,
burn_scars,seg-conv_block,mIoU,0.8963432908058167,0.0,0.0,2880,,0.001,8,524,160,120,0,torchgeo_bench.models.TimmPatchBenchModel,convnext_large_dinov3,bandspec_zscore,224,bilinear,default,all,-6,4,40,True,200,0.9457754492759703,0.9559186697006226,0.9294501543045044,0.9419859647750854,,,,,,,,
caffe,seg-conv_block,mIoU,0.5045661926269531,0.0,0.0,1920,,0.001,8,4000,1000,2000,0,torchgeo_bench.models.TorchGeoSwinBench,tgeo_swinv2b_s2rgb_satlas_mi,bandspec_zscore,224,bilinear,default,all,-6,4,40,True,200,0.534960150718689,0.6541277170181274,0.6863679885864258,0.6352924108505249,,,,,,,,
dynamic_earthnet,seg-fpn,mIoU,0.2708000242710113,0.0,0.0,1920,,0.001,8,700,100,200,0,torchgeo_bench.models.TorchGeoSwinBench,tgeo_swinv2b_s2rgb_satlas_mi,bandspec_zscore,224,bilinear,default,all,-6,4,40,True,200,0.3640904128551483,0.4077386260032654,0.3841762244701385,0.3781697750091553,,,,,,,,
burn_scars,seg-dpt,mIoU,0.8211333155632019,0.0,0.0,960,,0.001,12,524,160,120,0,torchgeo_bench.models.TimmPatchBenchModel,maxvit_tiny_tf_224,bandspec_zscore,224,bilinear,default,rgb,-6,4,40,True,200,0.9016619920730592,0.9192010164260864,0.8640583157539368,0.8884581923484802,,,,,,,,
burn_scars,seg-linear,mIoU,0.8134667277336121,0.0,0.0,1440,,0.001,16,524,160,120,0,torchgeo_bench.models.TimmPatchBenchModel,convnext_tiny,bandspec_zscore,224,bilinear,default,all,-6,4,40,True,200,0.9048324823379515,0.9064508676528932,0.871063768863678,0.8866115212440491,,,,,,,,
caffe,seg-conv_block,mIoU,0.6106201410293579,0.0,0.0,2880,,0.001,8,4000,1000,2000,0,torchgeo_bench.models.TimmPatchBenchModel,convnext_large_dinov3,bandspec_zscore,224,bilinear,default,rgb,-6,4,40,True,200,0.6105031967163086,0.7593857049942017,0.7446231842041016,0.7377008199691772,,,,,,,,
cloudsen12,seg-dpt,mIoU,0.6659810543060303,0.0,0.0,960,,0.001,12,4000,535,975,0,torchgeo_bench.models.TimmPatchBenchModel,maxvit_tiny_tf_224,bandspec_zscore,224,bilinear,default,rgb,-6,4,40,True,200,0.7816716432571411,0.7997877597808838,0.7733489274978638,0.7854430675506592,,,,,,,,
kuro_siwo,seg-fpn,mIoU,0.5463557243347168,0.0,0.0,1440,,0.001,16,4000,1000,2000,0,torchgeo_bench.models.TimmPatchBenchModel,convnext_tiny,bandspec_zscore,224,bilinear,default,all,-6,4,40,True,200,0.9155949354171752,0.7736232876777649,0.6132278442382812,0.6767780780792236,,,,,,,,
dynamic_earthnet,seg-dpt,mIoU,0.2672443389892578,0.0,0.0,1440,,0.001,16,700,100,200,0,torchgeo_bench.models.TimmPatchBenchModel,convnext_tiny,bandspec_zscore,224,bilinear,default,rgb,-6,4,40,True,200,0.3739785850048065,0.5138051509857178,0.3603841066360473,0.395125538110733,,,,,,,,
cloudsen12,seg-conv_block,mIoU,0.6549445390701294,0.0,0.0,2880,,0.001,8,4000,535,975,0,torchgeo_bench.models.TimmPatchBenchModel,convnext_large_dinov3,bandspec_zscore,224,bilinear,default,rgb,-6,4,40,True,200,0.7722151875495911,0.7962026000022888,0.7622341513633728,0.7772551774978638,,,,,,,,
cloudsen12,seg-conv_block,mIoU,0.6043271422386169,0.0,0.0,1440,,0.001,16,4000,535,975,0,torchgeo_bench.models.TimmPatchBenchModel,convnext_tiny,bandspec_zscore,224,bilinear,default,all,-6,4,40,True,200,0.7362696528434753,0.7677372694015503,0.7089506387710571,0.7321702241897583,,,,,,,,
burn_scars,seg-conv_block,mIoU,0.7868936061859131,0.0,0.0,1440,,0.001,16,524,160,120,0,torchgeo_bench.models.TimmPatchBenchModel,convnext_tiny,bandspec_zscore,224,bilinear,default,rgb,-6,4,40,True,200,0.8820050358772278,0.8985023498535156,0.832688570022583,0.8598837852478027,,,,,,,,
dynamic_earthnet,seg-fpn,mIoU,0.2456288188695907,0.0,0.0,616,,0.001,16,700,100,200,0,torchgeo_bench.models.TimmPatchBenchModel,efficientnet_b0,bandspec_zscore,224,bilinear,default,rgb,-6,4,40,True,200,0.3636694550514221,0.5163829922676086,0.3715424537658691,0.3638409972190857,,,,,,,,
burn_scars,seg-dpt,mIoU,0.9001227617263794,0.0,0.0,2880,,0.001,8,524,160,120,0,torchgeo_bench.models.TimmPatchBenchModel,convnext_large_dinov3,bandspec_zscore,224,bilinear,default,all,-6,4,40,True,200,0.9482641220092772,0.9606033563613892,0.9299763441085817,0.944405436515808,,,,,,,,
dynamic_earthnet,seg-fpn,mIoU,0.2033263742923736,0.0,0.0,616,,0.001,16,700,100,200,0,torchgeo_bench.models.TimmPatchBenchModel,efficientnet_b0,bandspec_zscore,224,bilinear,default,all,-6,4,40,True,200,0.3565971851348877,0.462232381105423,0.3496488928794861,0.2972802221775055,,,,,,,,
pastis,seg-dpt,mIoU,0.0856586545705795,0.0,0.0,616,,0.001,16,1455,482,496,0,torchgeo_bench.models.TimmPatchBenchModel,efficientnet_b0,bandspec_zscore,224,bilinear,default,all,-6,4,40,True,200,0.3232671320438385,0.1860279291868209,0.1297975927591323,0.1351116746664047,,,,,,,,
pastis,seg-linear,mIoU,0.0924405232071876,0.0,0.0,1440,,0.001,16,1455,482,496,0,torchgeo_bench.models.TimmPatchBenchModel,convnext_tiny,bandspec_zscore,224,bilinear,default,rgb,-6,4,40,True,200,0.3255939483642578,0.1908802092075348,0.1383829116821289,0.1457328200340271,,,,,,,,
dynamic_earthnet,seg-dpt,mIoU,0.2330501675605774,0.0,0.0,1920,,0.001,8,700,100,200,0,torchgeo_bench.models.TorchGeoSwinBench,tgeo_swinv2b_s2rgb_satlas_mi,bandspec_zscore,224,bilinear,default,rgb,-6,4,40,True,200,0.336770236492157,0.4640806019306183,0.3331639766693115,0.3466368019580841,,,,,,,,
kuro_siwo,seg-conv_block,mIoU,0.5018913745880127,0.0,0.0,960,,0.001,12,4000,1000,2000,0,torchgeo_bench.models.TimmPatchBenchModel,maxvit_tiny_tf_224,bandspec_zscore,224,bilinear,default,all,-6,4,40,True,200,0.9057281017303468,0.8046587705612183,0.5429897904396057,0.6256306171417236,,,,,,,,
pastis,seg-dpt,mIoU,0.0895407870411872,0.0,0.0,960,,0.001,12,1455,482,496,0,torchgeo_bench.models.TimmPatchBenchModel,maxvit_tiny_tf_224,bandspec_zscore,224,bilinear,default,all,-6,4,40,True,200,0.3318564593791961,0.1979691684246063,0.1354461014270782,0.140142410993576,,,,,,,,
dynamic_earthnet,seg-conv_block,mIoU,0.2436533570289611,0.0,0.0,2816,,0.001,16,700,100,200,0,torchgeo_bench.models.TimmPatchBenchModel,densenet121,bandspec_zscore,224,bilinear,default,all,-6,4,40,True,200,0.3771002888679504,0.4736843109130859,0.3460423946380615,0.3445815145969391,,,,,,,,
pastis,seg-conv_block,mIoU,0.0743377283215522,0.0,0.0,1440,,0.001,16,1455,482,496,0,torchgeo_bench.models.TimmPatchBenchModel,convnext_tiny,bandspec_zscore,224,bilinear,default,all,-6,4,40,True,200,0.3113816380500793,0.155533418059349,0.1146379187703132,0.1154944822192192,,,,,,,,
kuro_siwo,seg-fpn,mIoU,0.5399386286735535,0.0,0.0,2880,,0.001,8,4000,1000,2000,0,torchgeo_bench.models.TimmPatchBenchModel,convnext_large_dinov3,bandspec_zscore,224,bilinear,default,rgb,-6,4,40,True,200,0.9165964722633362,0.7647753953933716,0.6087694764137268,0.6707141995429993,,,,,,,,
pastis,seg-linear,mIoU,0.0676973909139633,0.0,0.0,1920,,0.001,8,1455,482,496,0,torchgeo_bench.models.TorchGeoSwinBench,tgeo_swinv2b_s2rgb_satlas_mi,bandspec_zscore,224,bilinear,default,rgb,-6,4,40,True,200,0.2820278108119964,0.1522550582885742,0.1054485216736793,0.1076603680849075,,,,,,,,
fotw,seg-conv_block,mIoU,0.5737289190292358,0.0,0.0,960,,0.001,12,4000,1000,2000,0,torchgeo_bench.models.TimmPatchBenchModel,maxvit_tiny_tf_224,bandspec_zscore,224,bilinear,default,all,-6,4,40,True,200,0.756416916847229,0.7311960458755493,0.6465662717819214,0.651960015296936,,,,,,,,
cloudsen12,seg-dpt,mIoU,0.6043218970298767,0.0,0.0,1440,,0.001,16,4000,535,975,0,torchgeo_bench.models.TimmPatchBenchModel,convnext_tiny,bandspec_zscore,224,bilinear,default,all,-6,4,40,True,200,0.7367300391197205,0.7504696846008301,0.7194696664810181,0.7325246930122375,,,,,,,,
pastis,seg-fpn,mIoU,0.1134773790836334,0.0,0.0,960,,0.001,12,1455,482,496,0,torchgeo_bench.models.TimmPatchBenchModel,maxvit_tiny_tf_224,bandspec_zscore,224,bilinear,default,rgb,-6,4,40,True,200,0.3653583824634552,0.2346170842647552,0.1669223606586456,0.1768332868814468,,,,,,,,
caffe,seg-fpn,mIoU,0.5812488794326782,0.0,0.0,960,,0.001,12,4000,1000,2000,0,torchgeo_bench.models.TimmPatchBenchModel,maxvit_tiny_tf_224,bandspec_zscore,224,bilinear,default,rgb,-6,4,40,True,200,0.5907296538352966,0.7403991222381592,0.7068840265274048,0.7116739749908447,,,,,,,,
burn_scars,seg-fpn,mIoU,0.808320939540863,0.0,0.0,1440,,0.001,16,524,160,120,0,torchgeo_bench.models.TimmPatchBenchModel,convnext_tiny,bandspec_zscore,224,bilinear,default,rgb,-6,4,40,True,200,0.8948994874954224,0.9095942974090576,0.8554341197013855,0.8783940076828003,,,,,,,,
pastis,seg-fpn,mIoU,0.1092660576105117,0.0,0.0,1440,,0.001,16,1455,482,496,0,torchgeo_bench.models.TimmPatchBenchModel,convnext_tiny,bandspec_zscore,224,bilinear,default,rgb,-6,4,40,True,200,0.3570064306259155,0.2127990424633026,0.161275640130043,0.1707318574190139,,,,,,,,
burn_scars,seg-fpn,mIoU,0.8522953987121582,0.0,0.0,1920,,0.001,8,524,160,120,0,torchgeo_bench.models.TorchGeoSwinBench,tgeo_swinv2b_s2rgb_satlas_mi,bandspec_zscore,224,bilinear,default,all,-6,4,40,True,200,0.9294005036354064,0.940946102142334,0.8924403190612793,0.9153562784194946,,,,,,,,
cloudsen12,seg-fpn,mIoU,0.6644389629364014,0.0,0.0,2880,,0.001,8,4000,535,975,0,torchgeo_bench.models.TimmPatchBenchModel,convnext_large_dinov3,bandspec_zscore,224,bilinear,default,rgb,-6,4,40,True,200,0.777438759803772,0.8021538853645325,0.7717647552490234,0.7853707075119019,,,,,,,,
burn_scars,seg-conv_block,mIoU,0.8677830100059509,0.0,0.0,1920,,0.001,8,524,160,120,0,torchgeo_bench.models.TorchGeoSwinBench,tgeo_swinv2b_s2rgb_satlas_mi,bandspec_zscore,224,bilinear,default,all,-6,4,40,True,200,0.933201253414154,0.9476627111434937,0.9034430384635924,0.9243943691253662,,,,,,,,
cloudsen12,seg-linear,mIoU,0.5975274443626404,0.0,0.0,1440,,0.001,16,4000,535,975,0,torchgeo_bench.models.TimmPatchBenchModel,convnext_tiny,bandspec_zscore,224,bilinear,default,rgb,-6,4,40,True,200,0.7338004112243652,0.7627823948860168,0.7042092084884644,0.7266846895217896,,,,,,,,
cloudsen12,seg-linear,mIoU,0.5893089771270752,0.0,0.0,3840,,0.001,16,4000,535,975,0,torchgeo_bench.models.TimmPatchBenchModel,resnet50,bandspec_zscore,224,bilinear,default,all,-6,4,40,True,200,0.7218580842018127,0.7564604878425598,0.6976648569107056,0.7199777960777283,,,,,,,,
caffe,seg-conv_block,mIoU,0.5859453082084656,0.0,0.0,960,,0.001,12,4000,1000,2000,0,torchgeo_bench.models.TimmPatchBenchModel,maxvit_tiny_tf_224,bandspec_zscore,224,bilinear,default,rgb,-6,4,40,True,200,0.6053508520126343,0.7189612984657288,0.7340853214263916,0.7150204181671143,,,,,,,,
burn_scars,seg-conv_block,mIoU,0.8581668138504028,0.0,0.0,960,,0.001,12,524,160,120,0,torchgeo_bench.models.TimmPatchBenchModel,maxvit_tiny_tf_224,bandspec_zscore,224,bilinear,default,all,-6,4,40,True,200,0.924940824508667,0.943763554096222,0.893807590007782,0.9166773557662964,,,,,,,,
dynamic_earthnet,seg-dpt,mIoU,0.2707615792751312,0.0,0.0,2816,,0.001,16,700,100,200,0,torchgeo_bench.models.TimmPatchBenchModel,densenet121,bandspec_zscore,224,bilinear,default,all,-6,4,40,True,200,0.3802344799041748,0.4807609319686889,0.3804649114608764,0.390597403049469,,,,,,,,
pastis,seg-fpn,mIoU,0.09418286383152,0.0,0.0,2880,,0.001,8,1455,482,496,0,torchgeo_bench.models.TimmPatchBenchModel,convnext_large_dinov3,bandspec_zscore,224,bilinear,default,all,-6,4,40,True,200,0.3432720005512237,0.1839595288038253,0.1410360932350158,0.1471923142671585,,,,,,,,
dynamic_earthnet,seg-dpt,mIoU,0.2729056477546692,0.0,0.0,3840,,0.001,16,700,100,200,0,torchgeo_bench.models.TimmPatchBenchModel,resnet50,bandspec_zscore,224,bilinear,default,rgb,-6,4,40,True,200,0.3934293687343597,0.5106568336486816,0.368276834487915,0.3979385495185852,,,,,,,,
burn_scars,seg-fpn,mIoU,0.8937110900878906,0.0,0.0,2880,,0.001,8,524,160,120,0,torchgeo_bench.models.TimmPatchBenchModel,convnext_large_dinov3,bandspec_zscore,224,bilinear,default,all,-6,4,40,True,200,0.9473131895065308,0.9519038200378418,0.9315071105957032,0.9410197734832764,,,,,,,,
dynamic_earthnet,seg-linear,mIoU,0.2769665122032165,0.0,0.0,960,,0.001,12,700,100,200,0,torchgeo_bench.models.TimmPatchBenchModel,maxvit_tiny_tf_224,bandspec_zscore,224,bilinear,default,rgb,-6,4,40,True,200,0.4246342182159424,0.5213690996170044,0.3796775341033935,0.4012217223644256,,,,,,,,
dynamic_earthnet,seg-linear,mIoU,0.2402492463588714,0.0,0.0,1440,,0.001,16,700,100,200,0,torchgeo_bench.models.TimmPatchBenchModel,convnext_tiny,bandspec_zscore,224,bilinear,default,all,-6,4,40,True,200,0.3509743511676788,0.4599972665309906,0.342439591884613,0.3570936918258667,,,,,,,,
pastis,seg-fpn,mIoU,0.0817424207925796,0.0,0.0,3840,,0.001,16,1455,482,496,0,torchgeo_bench.models.TimmPatchBenchModel,resnet50,bandspec_zscore,224,bilinear,default,all,-6,4,40,True,200,0.3166978657245636,0.1533520519733429,0.1250769942998886,0.1286270767450332,,,,,,,,
dynamic_earthnet,seg-fpn,mIoU,0.2538117468357086,0.0,0.0,960,,0.001,12,700,100,200,0,torchgeo_bench.models.TimmPatchBenchModel,maxvit_tiny_tf_224,bandspec_zscore,224,bilinear,default,all,-6,4,40,True,200,0.364273726940155,0.4867600202560425,0.3441404104232788,0.3717367053031921,,,,,,,,
dynamic_earthnet,seg-linear,mIoU,0.1888040155172348,0.0,0.0,616,,0.001,16,700,100,200,0,torchgeo_bench.models.TimmPatchBenchModel,efficientnet_b0,bandspec_zscore,224,bilinear,default,rgb,-6,4,40,True,200,0.35486900806427,0.4939658641815185,0.268689751625061,0.2655845284461975,,,,,,,,
pastis,seg-linear,mIoU,0.0811360701918602,0.0,0.0,2880,,0.001,8,1455,482,496,0,torchgeo_bench.models.TimmPatchBenchModel,convnext_large_dinov3,bandspec_zscore,224,bilinear,default,all,-6,4,40,True,200,0.3177554905414581,0.1807436347007751,0.1229220181703567,0.1273850202560424,,,,,,,,
burn_scars,seg-fpn,mIoU,0.7726331949234009,0.0,0.0,616,,0.001,16,524,160,120,0,torchgeo_bench.models.TimmPatchBenchModel,efficientnet_b0,bandspec_zscore,224,bilinear,default,all,-6,4,40,True,200,0.900760054588318,0.8908055424690247,0.8483879566192627,0.8650171160697937,,,,,,,,
fotw,seg-linear,mIoU,0.5289353132247925,0.0,0.0,1440,,0.001,16,4000,1000,2000,0,torchgeo_bench.models.TimmPatchBenchModel,convnext_tiny,bandspec_zscore,224,bilinear,default,rgb,-6,4,40,True,200,0.6996197700500488,0.6877431273460388,0.616657555103302,0.6226482391357422,,,,,,,,
caffe,seg-conv_block,mIoU,0.5500831604003906,0.0,0.0,1440,,0.001,16,4000,1000,2000,0,torchgeo_bench.models.TimmPatchBenchModel,convnext_tiny,bandspec_zscore,224,bilinear,default,rgb,-6,4,40,True,200,0.5827389359474182,0.6989226341247559,0.6755956411361694,0.6763843297958374,,,,,,,,
burn_scars,seg-dpt,mIoU,0.859638512134552,0.0,0.0,1440,,0.001,16,524,160,120,0,torchgeo_bench.models.TimmPatchBenchModel,convnext_tiny,bandspec_zscore,224,bilinear,default,all,-6,4,40,True,200,0.9275197982788086,0.935206413269043,0.903895139694214,0.918606698513031,,,,,,,,
flair2,seg-conv_block,mIoU,0.4639748036861419,0.0,0.0,616,,0.001,16,4049,1022,3022,0,torchgeo_bench.models.TimmPatchBenchModel,efficientnet_b0,bandspec_zscore,224,bilinear,default,all,-6,4,40,True,200,0.5207167863845825,0.6542189121246338,0.610268771648407,0.6108128428459167,,,,,,,,
flair2,seg-fpn,mIoU,0.457442045211792,0.0,0.0,616,,0.001,16,4049,1022,3022,0,torchgeo_bench.models.TimmPatchBenchModel,efficientnet_b0,bandspec_zscore,224,bilinear,default,rgb,-6,4,40,True,200,0.5102744102478027,0.6491705179214478,0.6050886511802673,0.6074573993682861,,,,,,,,
caffe,seg-fpn,mIoU,0.4914156794548034,0.0,0.0,1920,,0.001,8,4000,1000,2000,0,torchgeo_bench.models.TorchGeoSwinBench,tgeo_swinv2b_s2rgb_satlas_mi,bandspec_zscore,224,bilinear,default,rgb,-6,4,40,True,200,0.522391140460968,0.6450805068016052,0.6585555076599121,0.6264829039573669,,,,,,,,
flair2,seg-dpt,mIoU,0.4359892904758453,0.0,0.0,616,,0.001,16,4049,1022,3022,0,torchgeo_bench.models.TimmPatchBenchModel,efficientnet_b0,bandspec_zscore,224,bilinear,default,rgb,-6,4,40,True,200,0.4955820441246032,0.6409677267074585,0.5788331031799316,0.5841871500015259,,,,,,,,
pastis,seg-conv_block,mIoU,0.0567697398364543,0.0,0.0,616,,0.001,16,1455,482,496,0,torchgeo_bench.models.TimmPatchBenchModel,efficientnet_b0,bandspec_zscore,224,bilinear,default,all,-6,4,40,True,200,0.2822166979312897,0.1192717999219894,0.0922575369477272,0.0868072286248207,,,,,,,,
flair2,seg-conv_block,mIoU,0.4473406970500946,0.0,0.0,616,,0.001,16,4049,1022,3022,0,torchgeo_bench.models.TimmPatchBenchModel,efficientnet_b0,bandspec_zscore,224,bilinear,default,rgb,-6,4,40,True,200,0.5001389980316162,0.6557067632675171,0.5861004590988159,0.5978314280509949,,,,,,,,
flair2,seg-linear,mIoU,0.4188608527183532,0.0,0.0,616,,0.001,16,4049,1022,3022,0,torchgeo_bench.models.TimmPatchBenchModel,efficientnet_b0,bandspec_zscore,224,bilinear,default,rgb,-6,4,40,True,200,0.4745761156082153,0.6077268123626709,0.5752146244049072,0.571700394153595,,,,,,,,
caffe,seg-fpn,mIoU,0.5354068279266357,0.0,0.0,1440,,0.001,16,4000,1000,2000,0,torchgeo_bench.models.TimmPatchBenchModel,convnext_tiny,bandspec_zscore,224,bilinear,default,rgb,-6,4,40,True,200,0.5611656904220581,0.6999457478523254,0.6597099304199219,0.6623372435569763,,,,,,,,
burn_scars,seg-linear,mIoU,0.8712435960769653,0.0,0.0,2816,,0.001,16,524,160,120,0,torchgeo_bench.models.TimmPatchBenchModel,densenet121,bandspec_zscore,224,bilinear,default,all,-6,4,40,True,200,0.9314717650413512,0.9450419545173644,0.908544659614563,0.9254789352416992,,,,,,,,
fotw,seg-linear,mIoU,0.5360269546508789,0.0,0.0,960,,0.001,12,4000,1000,2000,0,torchgeo_bench.models.TimmPatchBenchModel,maxvit_tiny_tf_224,bandspec_zscore,224,bilinear,default,all,-6,4,40,True,200,0.7084738612174988,0.6932938098907471,0.6222299337387085,0.6282308101654053,,,,,,,,
dynamic_earthnet,seg-conv_block,mIoU,0.2918798923492431,0.0,0.0,2816,,0.001,16,700,100,200,0,torchgeo_bench.models.TimmPatchBenchModel,densenet121,bandspec_zscore,224,bilinear,default,rgb,-6,4,40,True,200,0.4286224246025085,0.5166335105895996,0.3991113901138305,0.4217283129692077,,,,,,,,
caffe,seg-conv_block,mIoU,0.6106771230697632,0.0,0.0,2880,,0.001,8,4000,1000,2000,0,torchgeo_bench.models.TimmPatchBenchModel,convnext_large_dinov3,bandspec_zscore,224,bilinear,default,all,-6,4,40,True,200,0.6107195019721985,0.7590473294258118,0.7449464201927185,0.7377350330352783,,,,,,,,
dynamic_earthnet,seg-conv_block,mIoU,0.2330016195774078,0.0,0.0,3840,,0.001,16,700,100,200,0,torchgeo_bench.models.TimmPatchBenchModel,resnet50,bandspec_zscore,224,bilinear,default,all,-6,4,40,True,200,0.3525205254554748,0.4631064534187317,0.3331024646759033,0.3303163647651672,,,,,,,,
pastis,seg-dpt,mIoU,0.1088038980960846,0.0,0.0,616,,0.001,16,1455,482,496,0,torchgeo_bench.models.TimmPatchBenchModel,efficientnet_b0,bandspec_zscore,224,bilinear,default,rgb,-6,4,40,True,200,0.3450837433338165,0.2182197272777557,0.1616342216730117,0.1725842356681823,,,,,,,,
dynamic_earthnet,seg-fpn,mIoU,0.2343092262744903,0.0,0.0,3840,,0.001,16,700,100,200,0,torchgeo_bench.models.TimmPatchBenchModel,resnet50,bandspec_zscore,224,bilinear,default,all,-6,4,40,True,200,0.3451099991798401,0.4946412444114685,0.3318638503551483,0.3329672813415527,,,,,,,,
burn_scars,seg-dpt,mIoU,0.8539463877677917,0.0,0.0,1920,,0.001,8,524,160,120,0,torchgeo_bench.models.TorchGeoSwinBench,tgeo_swinv2b_s2rgb_satlas_mi,bandspec_zscore,224,bilinear,default,all,-6,4,40,True,200,0.9280478954315186,0.9457707405090332,0.8895146250724792,0.9156893491744996,,,,,,,,
kuro_siwo,seg-linear,mIoU,0.0032543474808335,0.0,0.0,616,,0.001,16,4000,1000,2000,0,torchgeo_bench.models.TimmPatchBenchModel,efficientnet_b0,bandspec_zscore,224,bilinear,default,rgb,-6,4,40,True,200,0.0001694524544291,0.0032543472480028,0.25,0.0064250570721924,,,,,,,,
pastis,seg-dpt,mIoU,0.1135381683707237,0.0,0.0,2880,,0.001,8,1455,482,496,0,torchgeo_bench.models.TimmPatchBenchModel,convnext_large_dinov3,bandspec_zscore,224,bilinear,default,rgb,-6,4,40,True,200,0.371453583240509,0.2273821532726287,0.1699930727481842,0.174891397356987,,,,,,,,
dynamic_earthnet,seg-conv_block,mIoU,0.2552908957004547,0.0,0.0,960,,0.001,12,700,100,200,0,torchgeo_bench.models.TimmPatchBenchModel,maxvit_tiny_tf_224,bandspec_zscore,224,bilinear,default,all,-6,4,40,True,200,0.3624946773052215,0.4878651797771454,0.3570548892021179,0.3747753500938415,,,,,,,,
burn_scars,seg-dpt,mIoU,0.8729895353317261,0.0,0.0,960,,0.001,12,524,160,120,0,torchgeo_bench.models.TimmPatchBenchModel,maxvit_tiny_tf_224,bandspec_zscore,224,bilinear,default,all,-6,4,40,True,200,0.9325740933418274,0.9457494020462036,0.9097590446472168,0.9268300533294678,,,,,,,,
pastis,seg-linear,mIoU,0.0965621992945671,0.0,0.0,960,,0.001,12,1455,482,496,0,torchgeo_bench.models.TimmPatchBenchModel,maxvit_tiny_tf_224,bandspec_zscore,224,bilinear,default,rgb,-6,4,40,True,200,0.3328875005245209,0.2215648889541626,0.1432615965604782,0.1522176265716552,,,,,,,,
flair2,seg-linear,mIoU,0.4284490644931793,0.0,0.0,960,,0.001,12,4049,1022,3022,0,torchgeo_bench.models.TimmPatchBenchModel,maxvit_tiny_tf_224,bandspec_zscore,224,bilinear,default,all,-6,4,40,True,200,0.4905998110771179,0.6170409917831421,0.5832786560058594,0.5756968259811401,,,,,,,,
burn_scars,seg-fpn,mIoU,0.8176144957542419,0.0,0.0,2816,,0.001,16,524,160,120,0,torchgeo_bench.models.TimmPatchBenchModel,densenet121,bandspec_zscore,224,bilinear,default,rgb,-6,4,40,True,200,0.9009791612625122,0.9088011980056764,0.8697667121887207,0.8867011070251465,,,,,,,,
dynamic_earthnet,seg-fpn,mIoU,0.2619594633579254,0.0,0.0,3840,,0.001,16,700,100,200,0,torchgeo_bench.models.TimmPatchBenchModel,resnet50,bandspec_zscore,224,bilinear,default,rgb,-6,4,40,True,200,0.3925880193710327,0.5232839584350586,0.3592144846916199,0.3842222094535827,,,,,,,,
flair2,seg-fpn,mIoU,0.4706555902957916,0.0,0.0,616,,0.001,16,4049,1022,3022,0,torchgeo_bench.models.TimmPatchBenchModel,efficientnet_b0,bandspec_zscore,224,bilinear,default,all,-6,4,40,True,200,0.5251596570014954,0.6570130586624146,0.6172673106193542,0.6173727512359619,,,,,,,,
caffe,seg-linear,mIoU,0.5514418482780457,0.0,0.0,3840,,0.001,16,4000,1000,2000,0,torchgeo_bench.models.TimmPatchBenchModel,resnet50,bandspec_zscore,224,bilinear,default,rgb,-6,4,40,True,200,0.5844588279724121,0.6874356865882874,0.6939855813980103,0.6801590919494629,,,,,,,,
fotw,seg-conv_block,mIoU,0.4780417680740356,0.0,0.0,616,,0.001,16,4000,1000,2000,0,torchgeo_bench.models.TimmPatchBenchModel,efficientnet_b0,bandspec_zscore,224,bilinear,default,rgb,-6,4,40,True,200,0.6520686745643616,0.6218543648719788,0.5716432929039001,0.5823820233345032,,,,,,,,
kuro_siwo,seg-linear,mIoU,0.5513806343078613,0.0,0.0,2880,,0.001,8,4000,1000,2000,0,torchgeo_bench.models.TimmPatchBenchModel,convnext_large_dinov3,bandspec_zscore,224,bilinear,default,rgb,-6,4,40,True,200,0.9198440313339232,0.7951467633247375,0.6122910976409912,0.6810770034790039,,,,,,,,
flair2,seg-linear,mIoU,0.4272647500038147,0.0,0.0,616,,0.001,16,4049,1022,3022,0,torchgeo_bench.models.TimmPatchBenchModel,efficientnet_b0,bandspec_zscore,224,bilinear,default,all,-6,4,40,True,200,0.4902312755584717,0.6116011142730713,0.5813799500465393,0.5732904672622681,,,,,,,,
cloudsen12,seg-linear,mIoU,0.576431930065155,0.0,0.0,1440,,0.001,16,4000,535,975,0,torchgeo_bench.models.TimmPatchBenchModel,convnext_tiny,bandspec_zscore,224,bilinear,default,all,-6,4,40,True,200,0.7149790525436401,0.7495848536491394,0.6831353306770325,0.7068793773651123,,,,,,,,
fotw,seg-linear,mIoU,0.4842390716075897,0.0,0.0,1920,,0.001,8,4000,1000,2000,0,torchgeo_bench.models.TorchGeoSwinBench,tgeo_swinv2b_s2rgb_satlas_mi,bandspec_zscore,224,bilinear,default,all,-6,4,40,True,200,0.6529877185821533,0.664535403251648,0.5689438581466675,0.5883379578590393,,,,,,,,
pastis,seg-dpt,mIoU,0.1015554293990135,0.0,0.0,3840,,0.001,16,1455,482,496,0,torchgeo_bench.models.TimmPatchBenchModel,resnet50,bandspec_zscore,224,bilinear,default,rgb,-6,4,40,True,200,0.3442180752754211,0.1973801106214523,0.1523173302412033,0.1588347256183624,,,,,,,,
cloudsen12,seg-fpn,mIoU,0.6371712684631348,0.0,0.0,3840,,0.001,16,4000,535,975,0,torchgeo_bench.models.TimmPatchBenchModel,resnet50,bandspec_zscore,224,bilinear,default,rgb,-6,4,40,True,200,0.7584579586982727,0.7777895927429199,0.7495882511138916,0.7621948719024658,,,,,,,,
burn_scars,seg-fpn,mIoU,0.7106273174285889,0.0,0.0,1920,,0.001,8,524,160,120,0,torchgeo_bench.models.TorchGeoSwinBench,tgeo_swinv2b_s2rgb_satlas_mi,bandspec_zscore,224,bilinear,default,rgb,-6,4,40,True,200,0.8751488327980042,0.9129372835159302,0.748253583908081,0.8106796145439148,,,,,,,,
fotw,seg-fpn,mIoU,0.592240571975708,0.0,0.0,960,,0.001,12,4000,1000,2000,0,torchgeo_bench.models.TimmPatchBenchModel,maxvit_tiny_tf_224,bandspec_zscore,224,bilinear,default,rgb,-6,4,40,True,200,0.7690367102622986,0.7403278350830078,0.6674451231956482,0.6674147248268127,,,,,,,,
caffe,seg-conv_block,mIoU,0.5475609302520752,0.0,0.0,3840,,0.001,16,4000,1000,2000,0,torchgeo_bench.models.TimmPatchBenchModel,resnet50,bandspec_zscore,224,bilinear,default,all,-6,4,40,True,200,0.5668120384216309,0.6970797181129456,0.6921520233154297,0.6767277717590332,,,,,,,,
cloudsen12,seg-conv_block,mIoU,0.6107015013694763,0.0,0.0,1920,,0.001,8,4000,535,975,0,torchgeo_bench.models.TorchGeoSwinBench,tgeo_swinv2b_s2rgb_satlas_mi,bandspec_zscore,224,bilinear,default,all,-6,4,40,True,200,0.7363020181655884,0.7749370336532593,0.7152372598648071,0.738111138343811,,,,,,,,
cloudsen12,seg-dpt,mIoU,0.6102139353752136,0.0,0.0,616,,0.001,16,4000,535,975,0,torchgeo_bench.models.TimmPatchBenchModel,efficientnet_b0,bandspec_zscore,224,bilinear,default,all,-6,4,40,True,200,0.7347956299781799,0.7606555223464966,0.722944974899292,0.7381904721260071,,,,,,,,
dynamic_earthnet,seg-fpn,mIoU,0.2788884043693542,0.0,0.0,1440,,0.001,16,700,100,200,0,torchgeo_bench.models.TimmPatchBenchModel,convnext_tiny,bandspec_zscore,224,bilinear,default,rgb,-6,4,40,True,200,0.3863621354103088,0.5184472799301147,0.3771354556083679,0.4040171504020691,,,,,,,,
pastis,seg-linear,mIoU,0.1022480279207229,0.0,0.0,2816,,0.001,16,1455,482,496,0,torchgeo_bench.models.TimmPatchBenchModel,densenet121,bandspec_zscore,224,bilinear,default,rgb,-6,4,40,True,200,0.3415955007076263,0.209264799952507,0.1530103981494903,0.1599829196929931,,,,,,,,
burn_scars,seg-linear,mIoU,0.2946402728557586,0.0,0.0,616,,0.001,16,524,160,120,0,torchgeo_bench.models.TimmPatchBenchModel,efficientnet_b0,bandspec_zscore,224,bilinear,default,all,-6,4,40,True,200,0.7796273827552795,0.6190506815910339,0.3336528539657593,0.3132612705230713,,,,,,,,
dynamic_earthnet,seg-fpn,mIoU,0.249917060136795,0.0,0.0,2816,,0.001,16,700,100,200,0,torchgeo_bench.models.TimmPatchBenchModel,densenet121,bandspec_zscore,224,bilinear,default,all,-6,4,40,True,200,0.3787131905555725,0.4937062561511993,0.3523039221763611,0.3542978167533874,,,,,,,,
caffe,seg-conv_block,mIoU,0.5500818490982056,0.0,0.0,1440,,0.001,16,4000,1000,2000,0,torchgeo_bench.models.TimmPatchBenchModel,convnext_tiny,bandspec_zscore,224,bilinear,default,all,-6,4,40,True,200,0.5827358961105347,0.6989197731018066,0.6755985617637634,0.6763832569122314,,,,,,,,
pastis,seg-dpt,mIoU,0.1159170866012573,0.0,0.0,960,,0.001,12,1455,482,496,0,torchgeo_bench.models.TimmPatchBenchModel,maxvit_tiny_tf_224,bandspec_zscore,224,bilinear,default,rgb,-6,4,40,True,200,0.3683015406131744,0.2441145330667495,0.1706277728080749,0.1812324672937393,,,,,,,,
dynamic_earthnet,seg-fpn,mIoU,0.2944319248199463,0.0,0.0,2816,,0.001,16,700,100,200,0,torchgeo_bench.models.TimmPatchBenchModel,densenet121,bandspec_zscore,224,bilinear,default,rgb,-6,4,40,True,200,0.4232337772846222,0.5010831952095032,0.3990534543991089,0.4274371862411499,,,,,,,,
kuro_siwo,seg-dpt,mIoU,0.555405855178833,0.0,0.0,960,,0.001,12,4000,1000,2000,0,torchgeo_bench.models.TimmPatchBenchModel,maxvit_tiny_tf_224,bandspec_zscore,224,bilinear,default,all,-6,4,40,True,200,0.9133738279342652,0.7909163236618042,0.611033022403717,0.6816949844360352,,,,,,,,
flair2,seg-linear,mIoU,0.4168028831481933,0.0,0.0,960,,0.001,12,4049,1022,3022,0,torchgeo_bench.models.TimmPatchBenchModel,maxvit_tiny_tf_224,bandspec_zscore,224,bilinear,default,rgb,-6,4,40,True,200,0.4711724519729614,0.6247222423553467,0.5626104474067688,0.5667003989219666,,,,,,,,
burn_scars,seg-conv_block,mIoU,0.7888336181640625,0.0,0.0,960,,0.001,12,524,160,120,0,torchgeo_bench.models.TimmPatchBenchModel,maxvit_tiny_tf_224,bandspec_zscore,224,bilinear,default,rgb,-6,4,40,True,200,0.8860530257225037,0.9098060131072998,0.8297278881072998,0.8627324104309082,,,,,,,,
kuro_siwo,seg-conv_block,mIoU,0.5522737503051758,0.0,0.0,2880,,0.001,8,4000,1000,2000,0,torchgeo_bench.models.TimmPatchBenchModel,convnext_large_dinov3,bandspec_zscore,224,bilinear,default,rgb,-6,4,40,True,200,0.9197583794593812,0.7920151352882385,0.6149402260780334,0.6821401119232178,,,,,,,,
kuro_siwo,seg-conv_block,mIoU,0.0032543474808335,0.0,0.0,616,,0.001,16,4000,1000,2000,0,torchgeo_bench.models.TimmPatchBenchModel,efficientnet_b0,bandspec_zscore,224,bilinear,default,all,-6,4,40,True,200,0.0001694524544291,0.0032543472480028,0.25,0.0064250570721924,,,,,,,,
pastis,seg-dpt,mIoU,0.0803816989064216,0.0,0.0,2816,,0.001,16,1455,482,496,0,torchgeo_bench.models.TimmPatchBenchModel,densenet121,bandspec_zscore,224,bilinear,default,all,-6,4,40,True,200,0.3320962488651275,0.1549983918666839,0.1251258850097656,0.1227795407176017,,,,,,,,
cloudsen12,seg-conv_block,mIoU,0.6271207332611084,0.0,0.0,1440,,0.001,16,4000,535,975,0,torchgeo_bench.models.TimmPatchBenchModel,convnext_tiny,bandspec_zscore,224,bilinear,default,rgb,-6,4,40,True,200,0.7545554637908936,0.7777915000915527,0.7348212599754333,0.7530122995376587,,,,,,,,
burn_scars,seg-dpt,mIoU,0.7669834494590759,0.0,0.0,1440,,0.001,16,524,160,120,0,torchgeo_bench.models.TimmPatchBenchModel,convnext_tiny,bandspec_zscore,224,bilinear,default,rgb,-6,4,40,True,200,0.870936930179596,0.8797160983085632,0.8176910281181335,0.8431971669197083,,,,,,,,
cloudsen12,seg-fpn,mIoU,0.6560570001602173,0.0,0.0,960,,0.001,12,4000,535,975,0,torchgeo_bench.models.TimmPatchBenchModel,maxvit_tiny_tf_224,bandspec_zscore,224,bilinear,default,rgb,-6,4,40,True,200,0.7727867364883423,0.8004249334335327,0.7601146697998047,0.7778067588806152,,,,,,,,
caffe,seg-fpn,mIoU,0.4934304356575012,0.0,0.0,1920,,0.001,8,4000,1000,2000,0,torchgeo_bench.models.TorchGeoSwinBench,tgeo_swinv2b_s2rgb_satlas_mi,bandspec_zscore,224,bilinear,default,all,-6,4,40,True,200,0.5248900651931763,0.6457107067108154,0.6603307127952576,0.6285003423690796,,,,,,,,
burn_scars,seg-conv_block,mIoU,0.7970055937767029,0.0,0.0,3840,,0.001,16,524,160,120,0,torchgeo_bench.models.TimmPatchBenchModel,resnet50,bandspec_zscore,224,bilinear,default,rgb,-6,4,40,True,200,0.887605607509613,0.9045294523239136,0.8430259227752686,0.868238091468811,,,,,,,,
pastis,seg-linear,mIoU,0.0822281464934349,0.0,0.0,2816,,0.001,16,1455,482,496,0,torchgeo_bench.models.TimmPatchBenchModel,densenet121,bandspec_zscore,224,bilinear,default,all,-6,4,40,True,200,0.3194129467010498,0.1680589318275451,0.1250376403331756,0.1283387541770935,,,,,,,,
dynamic_earthnet,seg-linear,mIoU,0.2393045872449875,0.0,0.0,3840,,0.001,16,700,100,200,0,torchgeo_bench.models.TimmPatchBenchModel,resnet50,bandspec_zscore,224,bilinear,default,all,-6,4,40,True,200,0.3489159345626831,0.4371929168701172,0.3421978950500488,0.3453221321105957,,,,,,,,
dynamic_earthnet,seg-conv_block,mIoU,0.2866535782814026,0.0,0.0,960,,0.001,12,700,100,200,0,torchgeo_bench.models.TimmPatchBenchModel,maxvit_tiny_tf_224,bandspec_zscore,224,bilinear,default,rgb,-6,4,40,True,200,0.4395856559276581,0.5362446904182434,0.3902203440666199,0.4117619395256042,,,,,,,,
burn_scars,seg-fpn,mIoU,0.592502236366272,0.0,0.0,616,,0.001,16,524,160,120,0,torchgeo_bench.models.TimmPatchBenchModel,efficientnet_b0,bandspec_zscore,224,bilinear,default,rgb,-6,4,40,True,200,0.8643127083778381,0.8974220156669617,0.6373949646949768,0.7193668484687805,,,,,,,,
dynamic_earthnet,seg-dpt,mIoU,0.2767838835716247,0.0,0.0,616,,0.001,16,700,100,200,0,torchgeo_bench.models.TimmPatchBenchModel,efficientnet_b0,bandspec_zscore,224,bilinear,default,rgb,-6,4,40,True,200,0.3897484540939331,0.5081679821014404,0.3784242272377014,0.4043866395950317,,,,,,,,
burn_scars,seg-linear,mIoU,0.2941931486129761,0.0,0.0,616,,0.001,16,524,160,120,0,torchgeo_bench.models.TimmPatchBenchModel,efficientnet_b0,bandspec_zscore,224,bilinear,default,rgb,-6,4,40,True,200,0.7784486413002014,0.3313877582550049,0.333186537027359,0.3129700422286987,,,,,,,,
pastis,seg-linear,mIoU,0.0931293368339538,0.0,0.0,3840,,0.001,16,1455,482,496,0,torchgeo_bench.models.TimmPatchBenchModel,resnet50,bandspec_zscore,224,bilinear,default,rgb,-6,4,40,True,200,0.3287554085254669,0.1797610074281692,0.1404299736022949,0.1465248763561248,,,,,,,,
pastis,seg-conv_block,mIoU,0.0549897626042366,0.0,0.0,616,,0.001,16,1455,482,496,0,torchgeo_bench.models.TimmPatchBenchModel,efficientnet_b0,bandspec_zscore,224,bilinear,default,rgb,-6,4,40,True,200,0.2746746242046356,0.1004571095108985,0.0901234969496727,0.0845585986971855,,,,,,,,
flair2,seg-conv_block,mIoU,0.4588573575019836,0.0,0.0,960,,0.001,12,4049,1022,3022,0,torchgeo_bench.models.TimmPatchBenchModel,maxvit_tiny_tf_224,bandspec_zscore,224,bilinear,default,rgb,-6,4,40,True,200,0.5118862390518188,0.6600346565246582,0.6048933267593384,0.6079410910606384,,,,,,,,
fotw,seg-linear,mIoU,0.4988012313842773,0.0,0.0,1920,,0.001,8,4000,1000,2000,0,torchgeo_bench.models.TorchGeoSwinBench,tgeo_swinv2b_s2rgb_satlas_mi,bandspec_zscore,224,bilinear,default,rgb,-6,4,40,True,200,0.6666872501373291,0.6722573637962341,0.5869797468185425,0.6033080220222473,,,,,,,,
burn_scars,seg-linear,mIoU,0.7211606502532959,0.0,0.0,960,,0.001,12,524,160,120,0,torchgeo_bench.models.TimmPatchBenchModel,maxvit_tiny_tf_224,bandspec_zscore,224,bilinear,default,rgb,-6,4,40,True,200,0.8670790791511536,0.879440426826477,0.7711087465286255,0.8163089752197266,,,,,,,,
flair2,seg-linear,mIoU,0.4242399334907532,0.0,0.0,1440,,0.001,16,4049,1022,3022,0,torchgeo_bench.models.TimmPatchBenchModel,convnext_tiny,bandspec_zscore,224,bilinear,default,all,-6,4,40,True,200,0.4854389727115631,0.6056817770004272,0.5756629705429077,0.5702087879180908,,,,,,,,
burn_scars,seg-fpn,mIoU,0.8753504157066345,0.0,0.0,1440,,0.001,16,524,160,120,0,torchgeo_bench.models.TimmPatchBenchModel,convnext_tiny,bandspec_zscore,224,bilinear,default,all,-6,4,40,True,200,0.9361788630485536,0.9412970542907716,0.9184836149215698,0.929006814956665,,,,,,,,
pastis,seg-dpt,mIoU,0.0766153708100318,0.0,0.0,3840,,0.001,16,1455,482,496,0,torchgeo_bench.models.TimmPatchBenchModel,resnet50,bandspec_zscore,224,bilinear,default,all,-6,4,40,True,200,0.3233279585838318,0.1547803729772567,0.1201706603169441,0.1176486909389495,,,,,,,,
dynamic_earthnet,seg-conv_block,mIoU,0.2462024688720703,0.0,0.0,1920,,0.001,8,700,100,200,0,torchgeo_bench.models.TorchGeoSwinBench,tgeo_swinv2b_s2rgb_satlas_mi,bandspec_zscore,224,bilinear,default,rgb,-6,4,40,True,200,0.3629754185676574,0.4657735526561737,0.3768522143363952,0.3686535060405731,,,,,,,,
burn_scars,seg-fpn,mIoU,0.7868422865867615,0.0,0.0,960,,0.001,12,524,160,120,0,torchgeo_bench.models.TimmPatchBenchModel,maxvit_tiny_tf_224,bandspec_zscore,224,bilinear,default,rgb,-6,4,40,True,200,0.8900596499443054,0.908350110054016,0.8314095139503479,0.8652839064598083,,,,,,,,
dynamic_earthnet,seg-linear,mIoU,0.2762404084205627,0.0,0.0,3840,,0.001,16,700,100,200,0,torchgeo_bench.models.TimmPatchBenchModel,resnet50,bandspec_zscore,224,bilinear,default,rgb,-6,4,40,True,200,0.3974028527736664,0.4877594709396362,0.3819499611854553,0.4051711559295654,,,,,,,,
burn_scars,seg-linear,mIoU,0.6634907722473145,0.0,0.0,1920,,0.001,8,524,160,120,0,torchgeo_bench.models.TorchGeoSwinBench,tgeo_swinv2b_s2rgb_satlas_mi,bandspec_zscore,224,bilinear,default,rgb,-6,4,40,True,200,0.8574435710906982,0.8900024890899658,0.7037655115127563,0.7689743638038635,,,,,,,,
burn_scars,seg-linear,mIoU,0.7754235863685608,0.0,0.0,960,,0.001,12,524,160,120,0,torchgeo_bench.models.TimmPatchBenchModel,maxvit_tiny_tf_224,bandspec_zscore,224,bilinear,default,all,-6,4,40,True,200,0.9030097723007202,0.9163985252380372,0.8234046101570129,0.8652969002723694,,,,,,,,
caffe,seg-dpt,mIoU,0.5434959530830383,0.0,0.0,616,,0.001,16,4000,1000,2000,0,torchgeo_bench.models.TimmPatchBenchModel,efficientnet_b0,bandspec_zscore,224,bilinear,default,all,-6,4,40,True,200,0.5567985773086548,0.7110879421234131,0.6715582013130188,0.6720389127731323,,,,,,,,
kuro_siwo,seg-dpt,mIoU,0.0032543474808335,0.0,0.0,616,,0.001,16,4000,1000,2000,0,torchgeo_bench.models.TimmPatchBenchModel,efficientnet_b0,bandspec_zscore,224,bilinear,default,rgb,-6,4,40,True,200,0.0001694524544291,0.0032543472480028,0.25,0.0064250570721924,,,,,,,,
pastis,seg-fpn,mIoU,0.0720933154225349,0.0,0.0,616,,0.001,16,1455,482,496,0,torchgeo_bench.models.TimmPatchBenchModel,efficientnet_b0,bandspec_zscore,224,bilinear,default,all,-6,4,40,True,200,0.3096146583557129,0.1727512329816818,0.1123872548341751,0.1117290779948234,,,,,,,,
fotw,seg-fpn,mIoU,0.5205573439598083,0.0,0.0,616,,0.001,16,4000,1000,2000,0,torchgeo_bench.models.TimmPatchBenchModel,efficientnet_b0,bandspec_zscore,224,bilinear,default,all,-6,4,40,True,200,0.6924685835838318,0.6364274621009827,0.6153594255447388,0.6131590008735657,,,,,,,,
dynamic_earthnet,seg-linear,mIoU,0.1326375305652618,0.0,0.0,616,,0.001,16,700,100,200,0,torchgeo_bench.models.TimmPatchBenchModel,efficientnet_b0,bandspec_zscore,224,bilinear,default,all,-6,4,40,True,200,0.2924854755401611,0.4632714688777923,0.2096269428730011,0.197200208902359,,,,,,,,
cloudsen12,seg-linear,mIoU,0.5813505053520203,0.0,0.0,1920,,0.001,8,4000,535,975,0,torchgeo_bench.models.TorchGeoSwinBench,tgeo_swinv2b_s2rgb_satlas_mi,bandspec_zscore,224,bilinear,default,all,-6,4,40,True,200,0.7116034030914307,0.7582957744598389,0.6862514615058899,0.7133249044418335,,,,,,,,
kuro_siwo,seg-conv_block,mIoU,0.5590546131134033,0.0,0.0,2880,,0.001,8,4000,1000,2000,0,torchgeo_bench.models.TimmPatchBenchModel,convnext_large_dinov3,bandspec_zscore,224,bilinear,default,all,-6,4,40,True,200,0.9192039966583252,0.788320779800415,0.6235933303833008,0.6881500482559204,,,,,,,,
dynamic_earthnet,seg-dpt,mIoU,0.2759318351745605,0.0,0.0,960,,0.001,12,700,100,200,0,torchgeo_bench.models.TimmPatchBenchModel,maxvit_tiny_tf_224,bandspec_zscore,224,bilinear,default,rgb,-6,4,40,True,200,0.4260553121566772,0.5130227208137512,0.3808040618896484,0.399350106716156,,,,,,,,
caffe,seg-fpn,mIoU,0.581836462020874,0.0,0.0,960,,0.001,12,4000,1000,2000,0,torchgeo_bench.models.TimmPatchBenchModel,maxvit_tiny_tf_224,bandspec_zscore,224,bilinear,default,all,-6,4,40,True,200,0.5916411876678467,0.7404202222824097,0.7072944641113281,0.7122976183891296,,,,,,,,
burn_scars,seg-dpt,mIoU,0.8760151863098145,0.0,0.0,616,,0.001,16,524,160,120,0,torchgeo_bench.models.TimmPatchBenchModel,efficientnet_b0,bandspec_zscore,224,bilinear,default,all,-6,4,40,True,200,0.9358112215995787,0.9394141435623168,0.9203782081604004,0.929365575313568,,,,,,,,
kuro_siwo,seg-linear,mIoU,0.4466776251792907,0.0,0.0,960,,0.001,12,4000,1000,2000,0,torchgeo_bench.models.TimmPatchBenchModel,maxvit_tiny_tf_224,bandspec_zscore,224,bilinear,default,all,-6,4,40,True,200,0.8925936818122864,0.766119122505188,0.4833481609821319,0.5596180558204651,,,,,,,,
dynamic_earthnet,seg-conv_block,mIoU,0.2266029864549636,0.0,0.0,616,,0.001,16,700,100,200,0,torchgeo_bench.models.TimmPatchBenchModel,efficientnet_b0,bandspec_zscore,224,bilinear,default,rgb,-6,4,40,True,200,0.3590066134929657,0.5268101096153259,0.3412353694438934,0.336156964302063,,,,,,,,
pastis,seg-fpn,mIoU,0.1226593255996704,0.0,0.0,2880,,0.001,8,1455,482,496,0,torchgeo_bench.models.TimmPatchBenchModel,convnext_large_dinov3,bandspec_zscore,224,bilinear,default,rgb,-6,4,40,True,200,0.3759254217147827,0.2276940494775772,0.1813068687915802,0.1896133720874786,,,,,,,,
pastis,seg-conv_block,mIoU,0.0851301774382591,0.0,0.0,3840,,0.001,16,1455,482,496,0,torchgeo_bench.models.TimmPatchBenchModel,resnet50,bandspec_zscore,224,bilinear,default,all,-6,4,40,True,200,0.3278852105140686,0.1706791222095489,0.1300036162137985,0.1323458403348922,,,,,,,,
kuro_siwo,seg-linear,mIoU,0.4792346358299255,0.0,0.0,1440,,0.001,16,4000,1000,2000,0,torchgeo_bench.models.TimmPatchBenchModel,convnext_tiny,bandspec_zscore,224,bilinear,default,all,-6,4,40,True,200,0.9060907959938048,0.7527240514755249,0.5315295457839966,0.6055609583854675,,,,,,,,
dynamic_earthnet,seg-dpt,mIoU,0.2266192138195037,0.0,0.0,3840,,0.001,16,700,100,200,0,torchgeo_bench.models.TimmPatchBenchModel,resnet50,bandspec_zscore,224,bilinear,default,all,-6,4,40,True,200,0.3352812826633453,0.4442145228385925,0.32768714427948,0.3298341035842895,,,,,,,,
burn_scars,seg-dpt,mIoU,0.8664456605911255,0.0,0.0,3840,,0.001,16,524,160,120,0,torchgeo_bench.models.TimmPatchBenchModel,resnet50,bandspec_zscore,224,bilinear,default,all,-6,4,40,True,200,0.9373794198036194,0.9268947839736938,0.9241273999214172,0.9248631596565248,,,,,,,,
fotw,seg-linear,mIoU,0.5285432934761047,0.0,0.0,1440,,0.001,16,4000,1000,2000,0,torchgeo_bench.models.TimmPatchBenchModel,convnext_tiny,bandspec_zscore,224,bilinear,default,all,-6,4,40,True,200,0.7034457921981812,0.6855363845825195,0.6150133609771729,0.6229836940765381,,,,,,,,
fotw,seg-dpt,mIoU,0.5587307214736938,0.0,0.0,1440,,0.001,16,4000,1000,2000,0,torchgeo_bench.models.TimmPatchBenchModel,convnext_tiny,bandspec_zscore,224,bilinear,default,rgb,-6,4,40,True,200,0.7377554178237915,0.7005130648612976,0.6380282640457153,0.6392552852630615,,,,,,,,
kuro_siwo,seg-fpn,mIoU,0.5373613834381104,0.0,0.0,960,,0.001,12,4000,1000,2000,0,torchgeo_bench.models.TimmPatchBenchModel,maxvit_tiny_tf_224,bandspec_zscore,224,bilinear,default,rgb,-6,4,40,True,200,0.9172580242156982,0.7863101363182068,0.6028505563735962,0.6633038520812988,,,,,,,,
kuro_siwo,seg-fpn,mIoU,0.4499547481536865,0.0,0.0,960,,0.001,12,4000,1000,2000,0,torchgeo_bench.models.TimmPatchBenchModel,maxvit_tiny_tf_224,bandspec_zscore,224,bilinear,default,all,-6,4,40,True,200,0.905921995639801,0.7626056671142578,0.5053796768188477,0.5634952187538147,,,,,,,,
caffe,seg-conv_block,mIoU,0.5859388709068298,0.0,0.0,960,,0.001,12,4000,1000,2000,0,torchgeo_bench.models.TimmPatchBenchModel,maxvit_tiny_tf_224,bandspec_zscore,224,bilinear,default,all,-6,4,40,True,200,0.6053405404090881,0.7189605832099915,0.7340771555900574,0.7150144577026367,,,,,,,,
cloudsen12,seg-dpt,mIoU,0.6297470331192017,0.0,0.0,616,,0.001,16,4000,535,975,0,torchgeo_bench.models.TimmPatchBenchModel,efficientnet_b0,bandspec_zscore,224,bilinear,default,rgb,-6,4,40,True,200,0.7472718358039856,0.7729737758636475,0.7455412149429321,0.7579939961433411,,,,,,,,
dynamic_earthnet,seg-linear,mIoU,0.2830806374549866,0.0,0.0,2816,,0.001,16,700,100,200,0,torchgeo_bench.models.TimmPatchBenchModel,densenet121,bandspec_zscore,224,bilinear,default,rgb,-6,4,40,True,200,0.4042494297027588,0.4879897236824035,0.3915684819221496,0.4150949418544769,,,,,,,,
dynamic_earthnet,seg-dpt,mIoU,0.2573533356189728,0.0,0.0,2880,,0.001,8,700,100,200,0,torchgeo_bench.models.TimmPatchBenchModel,convnext_large_dinov3,bandspec_zscore,224,bilinear,default,all,-6,4,40,True,200,0.3742795586585998,0.531531572341919,0.3521543741226196,0.3698435425758362,,,,,,,,
burn_scars,seg-linear,mIoU,0.7422727346420288,0.0,0.0,1440,,0.001,16,524,160,120,0,torchgeo_bench.models.TimmPatchBenchModel,convnext_tiny,bandspec_zscore,224,bilinear,default,rgb,-6,4,40,True,200,0.8637922406196594,0.8634766936302185,0.8003854155540466,0.8264012336730957,,,,,,,,
fotw,seg-conv_block,mIoU,0.4692090153694153,0.0,0.0,616,,0.001,16,4000,1000,2000,0,torchgeo_bench.models.TimmPatchBenchModel,efficientnet_b0,bandspec_zscore,224,bilinear,default,all,-6,4,40,True,200,0.653664231300354,0.6122913956642151,0.5616555213928223,0.5774176716804504,,,,,,,,
cloudsen12,seg-fpn,mIoU,0.627972424030304,0.0,0.0,960,,0.001,12,4000,535,975,0,torchgeo_bench.models.TimmPatchBenchModel,maxvit_tiny_tf_224,bandspec_zscore,224,bilinear,default,all,-6,4,40,True,200,0.7510620355606079,0.776972770690918,0.7357149124145508,0.7525619268417358,,,,,,,,
burn_scars,seg-fpn,mIoU,0.7972187995910645,0.0,0.0,3840,,0.001,16,524,160,120,0,torchgeo_bench.models.TimmPatchBenchModel,resnet50,bandspec_zscore,224,bilinear,default,rgb,-6,4,40,True,200,0.8927109837532043,0.8959389925003052,0.8558995723724365,0.8720310926437378,,,,,,,,
fotw,seg-fpn,mIoU,0.5878219604492188,0.0,0.0,1440,,0.001,16,4000,1000,2000,0,torchgeo_bench.models.TimmPatchBenchModel,convnext_tiny,bandspec_zscore,224,bilinear,default,rgb,-6,4,40,True,200,0.7652391195297241,0.7333498001098633,0.6636118292808533,0.6646885275840759,,,,,,,,
pastis,seg-linear,mIoU,0.07748344540596,0.0,0.0,3840,,0.001,16,1455,482,496,0,torchgeo_bench.models.TimmPatchBenchModel,resnet50,bandspec_zscore,224,bilinear,default,all,-6,4,40,True,200,0.3110560178756714,0.1452917456626892,0.1197973489761352,0.1215597987174987,,,,,,,,
dynamic_earthnet,seg-dpt,mIoU,0.2478739321231842,0.0,0.0,960,,0.001,12,700,100,200,0,torchgeo_bench.models.TimmPatchBenchModel,maxvit_tiny_tf_224,bandspec_zscore,224,bilinear,default,all,-6,4,40,True,200,0.3679699301719665,0.4896014630794525,0.3423052430152893,0.3626005053520202,,,,,,,,
dynamic_earthnet,seg-dpt,mIoU,0.2656780779361725,0.0,0.0,1920,,0.001,8,700,100,200,0,torchgeo_bench.models.TorchGeoSwinBench,tgeo_swinv2b_s2rgb_satlas_mi,bandspec_zscore,224,bilinear,default,all,-6,4,40,True,200,0.3652657270431518,0.4509751796722412,0.3845672011375427,0.3778739273548126,,,,,,,,
flair2,seg-conv_block,mIoU,0.4549581110477447,0.0,0.0,1440,,0.001,16,4049,1022,3022,0,torchgeo_bench.models.TimmPatchBenchModel,convnext_tiny,bandspec_zscore,224,bilinear,default,all,-6,4,40,True,200,0.5123987197875977,0.656796932220459,0.5917285680770874,0.5974277853965759,,,,,,,,
dynamic_earthnet,seg-conv_block,mIoU,0.2766780257225036,0.0,0.0,2880,,0.001,8,700,100,200,0,torchgeo_bench.models.TimmPatchBenchModel,convnext_large_dinov3,bandspec_zscore,224,bilinear,default,all,-6,4,40,True,200,0.398708164691925,0.5142068862915039,0.3853383064270019,0.3947485089302063,,,,,,,,
dynamic_earthnet,seg-linear,mIoU,0.2830184698104858,0.0,0.0,1920,,0.001,8,700,100,200,0,torchgeo_bench.models.TorchGeoSwinBench,tgeo_swinv2b_s2rgb_satlas_mi,bandspec_zscore,224,bilinear,default,all,-6,4,40,True,200,0.370227575302124,0.4291129112243652,0.4186505377292633,0.3993061482906341,,,,,,,,
caffe,seg-dpt,mIoU,0.5217695236206055,0.0,0.0,1440,,0.001,16,4000,1000,2000,0,torchgeo_bench.models.TimmPatchBenchModel,convnext_tiny,bandspec_zscore,224,bilinear,default,all,-6,4,40,True,200,0.5488401651382446,0.6812242269515991,0.6489687561988831,0.6471055150032043,,,,,,,,
kuro_siwo,seg-conv_block,mIoU,0.4867601692676544,0.0,0.0,3840,,0.001,16,4000,1000,2000,0,torchgeo_bench.models.TimmPatchBenchModel,resnet50,bandspec_zscore,224,bilinear,default,all,-6,4,40,True,200,0.9080960750579834,0.7603626847267151,0.5378925204277039,0.5987082719802856,,,,,,,,
cloudsen12,seg-fpn,mIoU,0.6462701559066772,0.0,0.0,1440,,0.001,16,4000,535,975,0,torchgeo_bench.models.TimmPatchBenchModel,convnext_tiny,bandspec_zscore,224,bilinear,default,rgb,-6,4,40,True,200,0.7681179642677307,0.7974069118499756,0.74812251329422,0.7691657543182373,,,,,,,,
cloudsen12,seg-conv_block,mIoU,0.6104632019996643,0.0,0.0,960,,0.001,12,4000,535,975,0,torchgeo_bench.models.TimmPatchBenchModel,maxvit_tiny_tf_224,bandspec_zscore,224,bilinear,default,all,-6,4,40,True,200,0.7410140037536621,0.7794889211654663,0.7115979194641113,0.7352620363235474,,,,,,,,
cloudsen12,seg-fpn,mIoU,0.612581193447113,0.0,0.0,1920,,0.001,8,4000,535,975,0,torchgeo_bench.models.TorchGeoSwinBench,tgeo_swinv2b_s2rgb_satlas_mi,bandspec_zscore,224,bilinear,default,all,-6,4,40,True,200,0.7358778119087219,0.7674043774604797,0.7243180871009827,0.7400587201118469,,,,,,,,
flair2,seg-conv_block,mIoU,0.5209215879440308,0.0,0.0,2880,,0.001,8,4049,1022,3022,0,torchgeo_bench.models.TimmPatchBenchModel,convnext_large_dinov3,bandspec_zscore,224,bilinear,default,rgb,-6,4,40,True,200,0.5567209720611572,0.707858681678772,0.655992865562439,0.664472222328186,,,,,,,,
kuro_siwo,seg-conv_block,mIoU,0.0250952299684286,0.0,0.0,1920,,0.001,8,4000,1000,2000,0,torchgeo_bench.models.TorchGeoSwinBench,tgeo_swinv2b_s2rgb_satlas_mi,bandspec_zscore,224,bilinear,default,rgb,-6,4,40,True,200,0.0034990599378943,0.3019609451293945,0.2761595845222473,0.0467036478221416,,,,,,,,
flair2,seg-fpn,mIoU,0.4667076468467712,0.0,0.0,1440,,0.001,16,4049,1022,3022,0,torchgeo_bench.models.TimmPatchBenchModel,convnext_tiny,bandspec_zscore,224,bilinear,default,all,-6,4,40,True,200,0.5238856673240662,0.6472418308258057,0.6150364875793457,0.6102620959281921,,,,,,,,
cloudsen12,seg-linear,mIoU,0.5796038508415222,0.0,0.0,960,,0.001,12,4000,535,975,0,torchgeo_bench.models.TimmPatchBenchModel,maxvit_tiny_tf_224,bandspec_zscore,224,bilinear,default,all,-6,4,40,True,200,0.7148742079734802,0.7525613307952881,0.6872749328613281,0.7097575664520264,,,,,,,,
pastis,seg-dpt,mIoU,0.1066585481166839,0.0,0.0,2816,,0.001,16,1455,482,496,0,torchgeo_bench.models.TimmPatchBenchModel,densenet121,bandspec_zscore,224,bilinear,default,rgb,-6,4,40,True,200,0.3576163351535797,0.2331492602825164,0.1586090624332428,0.1640940457582473,,,,,,,,
fotw,seg-dpt,mIoU,0.5938453674316406,0.0,0.0,960,,0.001,12,4000,1000,2000,0,torchgeo_bench.models.TimmPatchBenchModel,maxvit_tiny_tf_224,bandspec_zscore,224,bilinear,default,rgb,-6,4,40,True,200,0.7737904787063599,0.7441518306732178,0.6661633253097534,0.6704075336456299,,,,,,,,
caffe,seg-fpn,mIoU,0.5355597138404846,0.0,0.0,3840,,0.001,16,4000,1000,2000,0,torchgeo_bench.models.TimmPatchBenchModel,resnet50,bandspec_zscore,224,bilinear,default,rgb,-6,4,40,True,200,0.5576604008674622,0.6961484551429749,0.6671966910362244,0.6645520329475403,,,,,,,,
fotw,seg-linear,mIoU,0.573266863822937,0.0,0.0,2880,,0.001,8,4000,1000,2000,0,torchgeo_bench.models.TimmPatchBenchModel,convnext_large_dinov3,bandspec_zscore,224,bilinear,default,rgb,-6,4,40,True,200,0.741658091545105,0.7121281623840332,0.6574385166168213,0.6556007862091064,,,,,,,,
kuro_siwo,seg-linear,mIoU,0.0032543474808335,0.0,0.0,2816,,0.001,16,4000,1000,2000,0,torchgeo_bench.models.TimmPatchBenchModel,densenet121,bandspec_zscore,224,bilinear,default,all,-6,4,40,True,200,0.0001694524544291,0.0032543472480028,0.25,0.0064250570721924,,,,,,,,
flair2,seg-fpn,mIoU,0.4732050597667694,0.0,0.0,2816,,0.001,16,4049,1022,3022,0,torchgeo_bench.models.TimmPatchBenchModel,densenet121,bandspec_zscore,224,bilinear,default,all,-6,4,40,True,200,0.5254279971122742,0.6635037660598755,0.6211669445037842,0.6201258897781372,,,,,,,,
fotw,seg-conv_block,mIoU,0.5468275547027588,0.0,0.0,1920,,0.001,8,4000,1000,2000,0,torchgeo_bench.models.TorchGeoSwinBench,tgeo_swinv2b_s2rgb_satlas_mi,bandspec_zscore,224,bilinear,default,all,-6,4,40,True,200,0.7157377600669861,0.6999695301055908,0.6334407329559326,0.63615882396698,,,,,,,,
fotw,seg-fpn,mIoU,0.5313490629196167,0.0,0.0,1920,,0.001,8,4000,1000,2000,0,torchgeo_bench.models.TorchGeoSwinBench,tgeo_swinv2b_s2rgb_satlas_mi,bandspec_zscore,224,bilinear,default,rgb,-6,4,40,True,200,0.7013319134712219,0.7086859941482544,0.6132411956787109,0.622610330581665,,,,,,,,
cloudsen12,seg-fpn,mIoU,0.6435626745223999,0.0,0.0,2880,,0.001,8,4000,535,975,0,torchgeo_bench.models.TimmPatchBenchModel,convnext_large_dinov3,bandspec_zscore,224,bilinear,default,all,-6,4,40,True,200,0.7612254619598389,0.7880239486694336,0.750586986541748,0.7665796279907227,,,,,,,,
cloudsen12,seg-dpt,mIoU,0.63553786277771,0.0,0.0,3840,,0.001,16,4000,535,975,0,torchgeo_bench.models.TimmPatchBenchModel,resnet50,bandspec_zscore,224,bilinear,default,rgb,-6,4,40,True,200,0.7616618871688843,0.7767663598060608,0.7459396123886108,0.7597360014915466,,,,,,,,
flair2,seg-dpt,mIoU,0.4399440288543701,0.0,0.0,3840,,0.001,16,4049,1022,3022,0,torchgeo_bench.models.TimmPatchBenchModel,resnet50,bandspec_zscore,224,bilinear,default,all,-6,4,40,True,200,0.5016749501228333,0.6300248503684998,0.5857722759246826,0.5824109315872192,,,,,,,,
fotw,seg-conv_block,mIoU,0.5969012975692749,0.0,0.0,2880,,0.001,8,4000,1000,2000,0,torchgeo_bench.models.TimmPatchBenchModel,convnext_large_dinov3,bandspec_zscore,224,bilinear,default,all,-6,4,40,True,200,0.7764139175415039,0.734731137752533,0.6715397834777832,0.6685268878936768,,,,,,,,
cloudsen12,seg-fpn,mIoU,0.6234831213951111,0.0,0.0,2816,,0.001,16,4000,535,975,0,torchgeo_bench.models.TimmPatchBenchModel,densenet121,bandspec_zscore,224,bilinear,default,all,-6,4,40,True,200,0.7454838156700134,0.7724154591560364,0.7339813709259033,0.7495763301849365,,,,,,,,
flair2,seg-fpn,mIoU,0.4540151059627533,0.0,0.0,3840,,0.001,16,4049,1022,3022,0,torchgeo_bench.models.TimmPatchBenchModel,resnet50,bandspec_zscore,224,bilinear,default,all,-6,4,40,True,200,0.5117919445037842,0.6176310181617737,0.603847086429596,0.5975647568702698,,,,,,,,
cloudsen12,seg-linear,mIoU,0.6110016107559204,0.0,0.0,2816,,0.001,16,4000,535,975,0,torchgeo_bench.models.TimmPatchBenchModel,densenet121,bandspec_zscore,224,bilinear,default,rgb,-6,4,40,True,200,0.7386555671691895,0.7706605792045593,0.7177392840385437,0.7403426170349121,,,,,,,,
cloudsen12,seg-linear,mIoU,0.5957156419754028,0.0,0.0,2816,,0.001,16,4000,535,975,0,torchgeo_bench.models.TimmPatchBenchModel,densenet121,bandspec_zscore,224,bilinear,default,all,-6,4,40,True,200,0.7236711978912354,0.7527664303779602,0.7106152772903442,0.7272214889526367,,,,,,,,
kuro_siwo,seg-fpn,mIoU,0.4480335116386413,0.0,0.0,1920,,0.001,8,4000,1000,2000,0,torchgeo_bench.models.TorchGeoSwinBench,tgeo_swinv2b_s2rgb_satlas_mi,bandspec_zscore,224,bilinear,default,rgb,-6,4,40,True,200,0.9073050022125244,0.7091473340988159,0.5081250667572021,0.5449647307395935,,,,,,,,
cloudsen12,seg-conv_block,mIoU,0.6182460784912109,0.0,0.0,2816,,0.001,16,4000,535,975,0,torchgeo_bench.models.TimmPatchBenchModel,densenet121,bandspec_zscore,224,bilinear,default,all,-6,4,40,True,200,0.7425664663314819,0.7717406749725342,0.7274969816207886,0.7452207803726196,,,,,,,,
flair2,seg-linear,mIoU,0.4342602491378784,0.0,0.0,3840,,0.001,16,4049,1022,3022,0,torchgeo_bench.models.TimmPatchBenchModel,resnet50,bandspec_zscore,224,bilinear,default,all,-6,4,40,True,200,0.4943378567695617,0.6109951734542847,0.587990939617157,0.5794374942779541,,,,,,,,
caffe,seg-fpn,mIoU,0.5492668747901917,0.0,0.0,2816,,0.001,16,4000,1000,2000,0,torchgeo_bench.models.TimmPatchBenchModel,densenet121,bandspec_zscore,224,bilinear,default,rgb,-6,4,40,True,200,0.5566486120223999,0.7165607810020447,0.6851257085800171,0.6783639192581177,,,,,,,,
kuro_siwo,seg-dpt,mIoU,0.2296866178512573,0.0,0.0,1920,,0.001,8,4000,1000,2000,0,torchgeo_bench.models.TorchGeoSwinBench,tgeo_swinv2b_s2rgb_satlas_mi,bandspec_zscore,224,bilinear,default,all,-6,4,40,True,200,0.8440951704978943,0.2296866178512573,0.25,0.2394132018089294,,,,,,,,
cloudsen12,seg-dpt,mIoU,0.6163061261177063,0.0,0.0,3840,,0.001,16,4000,535,975,0,torchgeo_bench.models.TimmPatchBenchModel,resnet50,bandspec_zscore,224,bilinear,default,all,-6,4,40,True,200,0.7453981637954712,0.7652230262756348,0.7254419326782227,0.7420159578323364,,,,,,,,
fotw,seg-conv_block,mIoU,0.5986561179161072,0.0,0.0,2880,,0.001,8,4000,1000,2000,0,torchgeo_bench.models.TimmPatchBenchModel,convnext_large_dinov3,bandspec_zscore,224,bilinear,default,rgb,-6,4,40,True,200,0.7727876901626587,0.7418694496154785,0.6694019436836243,0.6692217588424683,,,,,,,,
cloudsen12,seg-fpn,mIoU,0.6443426012992859,0.0,0.0,2816,,0.001,16,4000,535,975,0,torchgeo_bench.models.TimmPatchBenchModel,densenet121,bandspec_zscore,224,bilinear,default,rgb,-6,4,40,True,200,0.7617825865745544,0.7792026996612549,0.7601069211959839,0.7688228487968445,,,,,,,,
cloudsen12,seg-conv_block,mIoU,0.6135636568069458,0.0,0.0,3840,,0.001,16,4000,535,975,0,torchgeo_bench.models.TimmPatchBenchModel,resnet50,bandspec_zscore,224,bilinear,default,all,-6,4,40,True,200,0.7412692904472351,0.7631919384002686,0.7261425256729126,0.7403771877288818,,,,,,,,
flair2,seg-dpt,mIoU,0.4423393011093139,0.0,0.0,1440,,0.001,16,4049,1022,3022,0,torchgeo_bench.models.TimmPatchBenchModel,convnext_tiny,bandspec_zscore,224,bilinear,default,all,-6,4,40,True,200,0.5029556155204773,0.6103565692901611,0.5955718755722046,0.5868269205093384,,,,,,,,
flair2,seg-fpn,mIoU,0.5165499448776245,0.0,0.0,2880,,0.001,8,4049,1022,3022,0,torchgeo_bench.models.TimmPatchBenchModel,convnext_large_dinov3,bandspec_zscore,224,bilinear,default,all,-6,4,40,True,200,0.560781717300415,0.6778343319892883,0.6713792085647583,0.6601111888885498,,,,,,,,
kuro_siwo,seg-dpt,mIoU,0.5316042304039001,0.0,0.0,2816,,0.001,16,4000,1000,2000,0,torchgeo_bench.models.TimmPatchBenchModel,densenet121,bandspec_zscore,224,bilinear,default,all,-6,4,40,True,200,0.9088907837867736,0.8035941123962402,0.5785093307495117,0.6602156758308411,,,,,,,,
caffe,seg-dpt,mIoU,0.5462275743484497,0.0,0.0,3840,,0.001,16,4000,1000,2000,0,torchgeo_bench.models.TimmPatchBenchModel,resnet50,bandspec_zscore,224,bilinear,default,all,-6,4,40,True,200,0.556709349155426,0.7065459489822388,0.6850510239601135,0.6745014190673828,,,,,,,,
kuro_siwo,seg-fpn,mIoU,0.3219866752624511,0.0,0.0,1920,,0.001,8,4000,1000,2000,0,torchgeo_bench.models.TorchGeoSwinBench,tgeo_swinv2b_s2rgb_satlas_mi,bandspec_zscore,224,bilinear,default,all,-6,4,40,True,200,0.8528731465339661,0.476844310760498,0.3417275846004486,0.3736574053764343,,,,,,,,
flair2,seg-dpt,mIoU,0.5164211988449097,0.0,0.0,2880,,0.001,8,4049,1022,3022,0,torchgeo_bench.models.TimmPatchBenchModel,convnext_large_dinov3,bandspec_zscore,224,bilinear,default,rgb,-6,4,40,True,200,0.557765543460846,0.7069340944290161,0.6557358503341675,0.6591490507125854,,,,,,,,
cloudsen12,seg-dpt,mIoU,0.6174890995025635,0.0,0.0,2816,,0.001,16,4000,535,975,0,torchgeo_bench.models.TimmPatchBenchModel,densenet121,bandspec_zscore,224,bilinear,default,all,-6,4,40,True,200,0.7434048056602478,0.771249532699585,0.7253105640411377,0.7448893785476685,,,,,,,,
caffe,seg-dpt,mIoU,0.4964648783206939,0.0,0.0,1920,,0.001,8,4000,1000,2000,0,torchgeo_bench.models.TorchGeoSwinBench,tgeo_swinv2b_s2rgb_satlas_mi,bandspec_zscore,224,bilinear,default,all,-6,4,40,True,200,0.5333461165428162,0.6421085596084595,0.6670342683792114,0.6277787685394287,,,,,,,,
fotw,seg-fpn,mIoU,0.5707221627235413,0.0,0.0,3840,,0.001,16,4000,1000,2000,0,torchgeo_bench.models.TimmPatchBenchModel,resnet50,bandspec_zscore,224,bilinear,default,rgb,-6,4,40,True,200,0.7468895316123962,0.726447582244873,0.6474008560180664,0.6499846577644348,,,,,,,,
caffe,seg-dpt,mIoU,0.5480781197547913,0.0,0.0,3840,,0.001,16,4000,1000,2000,0,torchgeo_bench.models.TimmPatchBenchModel,resnet50,bandspec_zscore,224,bilinear,default,rgb,-6,4,40,True,200,0.5613645315170288,0.7069638967514038,0.6830607056617737,0.6769403219223022,,,,,,,,
flair2,seg-conv_block,mIoU,0.5111731290817261,0.0,0.0,2880,,0.001,8,4049,1022,3022,0,torchgeo_bench.models.TimmPatchBenchModel,convnext_large_dinov3,bandspec_zscore,224,bilinear,default,all,-6,4,40,True,200,0.556240439414978,0.6706511974334717,0.6684402823448181,0.6549825072288513,,,,,,,,
fotw,seg-fpn,mIoU,0.5656551122665405,0.0,0.0,3840,,0.001,16,4000,1000,2000,0,torchgeo_bench.models.TimmPatchBenchModel,resnet50,bandspec_zscore,224,bilinear,default,all,-6,4,40,True,200,0.7460993528366089,0.721723735332489,0.6433460116386414,0.6466221809387207,,,,,,,,
fotw,seg-dpt,mIoU,0.5884135961532593,0.0,0.0,2816,,0.001,16,4000,1000,2000,0,torchgeo_bench.models.TimmPatchBenchModel,densenet121,bandspec_zscore,224,bilinear,default,rgb,-6,4,40,True,200,0.7656434774398804,0.7170631289482117,0.6620643734931946,0.6581774950027466,,,,,,,,
caffe,seg-linear,mIoU,0.551445484161377,0.0,0.0,3840,,0.001,16,4000,1000,2000,0,torchgeo_bench.models.TimmPatchBenchModel,resnet50,bandspec_zscore,224,bilinear,default,all,-6,4,40,True,200,0.5844626426696777,0.6874383687973022,0.693985104560852,0.6801630258560181,,,,,,,,
flair2,seg-dpt,mIoU,0.5001419186592102,0.0,0.0,2880,,0.001,8,4049,1022,3022,0,torchgeo_bench.models.TimmPatchBenchModel,convnext_large_dinov3,bandspec_zscore,224,bilinear,default,all,-6,4,40,True,200,0.5500597357749939,0.6731436252593994,0.6495492458343506,0.6430171132087708,,,,,,,,
fotw,seg-linear,mIoU,0.558489203453064,0.0,0.0,2816,,0.001,16,4000,1000,2000,0,torchgeo_bench.models.TimmPatchBenchModel,densenet121,bandspec_zscore,224,bilinear,default,rgb,-6,4,40,True,200,0.7281071543693542,0.6906834840774536,0.6436358690261841,0.6438774466514587,,,,,,,,
caffe,seg-dpt,mIoU,0.5210251212120056,0.0,0.0,2816,,0.001,16,4000,1000,2000,0,torchgeo_bench.models.TimmPatchBenchModel,densenet121,bandspec_zscore,224,bilinear,default,rgb,-6,4,40,True,200,0.5367707014083862,0.7102739810943604,0.6452397704124451,0.6461913585662842,,,,,,,,
flair2,seg-dpt,mIoU,0.4410145878791809,0.0,0.0,1920,,0.001,8,4049,1022,3022,0,torchgeo_bench.models.TorchGeoSwinBench,tgeo_swinv2b_s2rgb_satlas_mi,bandspec_zscore,224,bilinear,default,all,-6,4,40,True,200,0.4941700100898742,0.6311347484588623,0.5861554145812988,0.5852653980255127,,,,,,,,
caffe,seg-linear,mIoU,0.5333554148674011,0.0,0.0,2816,,0.001,16,4000,1000,2000,0,torchgeo_bench.models.TimmPatchBenchModel,densenet121,bandspec_zscore,224,bilinear,default,rgb,-6,4,40,True,200,0.5569466352462769,0.6914762258529663,0.6665172576904297,0.6604282855987549,,,,,,,,
cloudsen12,seg-dpt,mIoU,0.6183341145515442,0.0,0.0,1920,,0.001,8,4000,535,975,0,torchgeo_bench.models.TorchGeoSwinBench,tgeo_swinv2b_s2rgb_satlas_mi,bandspec_zscore,224,bilinear,default,all,-6,4,40,True,200,0.7438355684280396,0.7652254104614258,0.7293223142623901,0.7445769309997559,,,,,,,,
fotw,seg-conv_block,mIoU,0.5183473229408264,0.0,0.0,3840,,0.001,16,4000,1000,2000,0,torchgeo_bench.models.TimmPatchBenchModel,resnet50,bandspec_zscore,224,bilinear,default,rgb,-6,4,40,True,200,0.6873273253440857,0.6492223739624023,0.6294880509376526,0.6117703914642334,,,,,,,,
fotw,seg-conv_block,mIoU,0.5879144668579102,0.0,0.0,2816,,0.001,16,4000,1000,2000,0,torchgeo_bench.models.TimmPatchBenchModel,densenet121,bandspec_zscore,224,bilinear,default,all,-6,4,40,True,200,0.7667718529701233,0.7303940057754517,0.6630341410636902,0.6604499220848083,,,,,,,,
flair2,seg-fpn,mIoU,0.442419171333313,0.0,0.0,1920,,0.001,8,4049,1022,3022,0,torchgeo_bench.models.TorchGeoSwinBench,tgeo_swinv2b_s2rgb_satlas_mi,bandspec_zscore,224,bilinear,default,rgb,-6,4,40,True,200,0.4948697686195373,0.6452131271362305,0.5858995914459229,0.5908275842666626,,,,,,,,
fotw,seg-fpn,mIoU,0.5579681396484375,0.0,0.0,1920,,0.001,8,4000,1000,2000,0,torchgeo_bench.models.TorchGeoSwinBench,tgeo_swinv2b_s2rgb_satlas_mi,bandspec_zscore,224,bilinear,default,all,-6,4,40,True,200,0.7315870523452759,0.7153184413909912,0.639495313167572,0.6399781107902527,,,,,,,,
cloudsen12,seg-conv_block,mIoU,0.6387941837310791,0.0,0.0,2816,,0.001,16,4000,535,975,0,torchgeo_bench.models.TimmPatchBenchModel,densenet121,bandspec_zscore,224,bilinear,default,rgb,-6,4,40,True,200,0.7591323852539062,0.7821100950241089,0.7494208812713623,0.7638528943061829,,,,,,,,
flair2,seg-linear,mIoU,0.5034404993057251,0.0,0.0,2880,,0.001,8,4049,1022,3022,0,torchgeo_bench.models.TimmPatchBenchModel,convnext_large_dinov3,bandspec_zscore,224,bilinear,default,rgb,-6,4,40,True,200,0.5472502708435059,0.6817684769630432,0.6529451608657837,0.6495148539543152,,,,,,,,
fotw,seg-dpt,mIoU,0.5663814544677734,0.0,0.0,3840,,0.001,16,4000,1000,2000,0,torchgeo_bench.models.TimmPatchBenchModel,resnet50,bandspec_zscore,224,bilinear,default,all,-6,4,40,True,200,0.7514017820358276,0.7077066898345947,0.645457923412323,0.6450124979019165,,,,,,,,
flair2,seg-dpt,mIoU,0.4212781190872192,0.0,0.0,1920,,0.001,8,4049,1022,3022,0,torchgeo_bench.models.TorchGeoSwinBench,tgeo_swinv2b_s2rgb_satlas_mi,bandspec_zscore,224,bilinear,default,rgb,-6,4,40,True,200,0.4782725870609283,0.6147271990776062,0.5594439506530762,0.5656119585037231,,,,,,,,
kuro_siwo,seg-conv_block,mIoU,0.0032543474808335,0.0,0.0,2816,,0.001,16,4000,1000,2000,0,torchgeo_bench.models.TimmPatchBenchModel,densenet121,bandspec_zscore,224,bilinear,default,all,-6,4,40,True,200,0.0001694524544291,0.0032543472480028,0.25,0.0064250570721924,,,,,,,,
fotw,seg-linear,mIoU,0.5322369337081909,0.0,0.0,3840,,0.001,16,4000,1000,2000,0,torchgeo_bench.models.TimmPatchBenchModel,resnet50,bandspec_zscore,224,bilinear,default,rgb,-6,4,40,True,200,0.7076921463012695,0.6907750964164734,0.6117442846298218,0.6256735324859619,,,,,,,,
kuro_siwo,seg-conv_block,mIoU,0.0032543474808335,0.0,0.0,2816,,0.001,16,4000,1000,2000,0,torchgeo_bench.models.TimmPatchBenchModel,densenet121,bandspec_zscore,224,bilinear,default,rgb,-6,4,40,True,200,0.0001694524544291,0.0032543472480028,0.25,0.0064250570721924,,,,,,,,
flair2,seg-dpt,mIoU,0.4463537931442261,0.0,0.0,2816,,0.001,16,4049,1022,3022,0,torchgeo_bench.models.TimmPatchBenchModel,densenet121,bandspec_zscore,224,bilinear,default,rgb,-6,4,40,True,200,0.5010932087898254,0.6481598615646362,0.591793954372406,0.5957301259040833,,,,,,,,
flair2,seg-linear,mIoU,0.4243612289428711,0.0,0.0,3840,,0.001,16,4049,1022,3022,0,torchgeo_bench.models.TimmPatchBenchModel,resnet50,bandspec_zscore,224,bilinear,default,rgb,-6,4,40,True,200,0.4753201305866241,0.6163182258605957,0.5750727653503418,0.5762138962745667,,,,,,,,
kuro_siwo,seg-dpt,mIoU,0.2296866178512573,0.0,0.0,1920,,0.001,8,4000,1000,2000,0,torchgeo_bench.models.TorchGeoSwinBench,tgeo_swinv2b_s2rgb_satlas_mi,bandspec_zscore,224,bilinear,default,rgb,-6,4,40,True,200,0.8440951704978943,0.2296866178512573,0.25,0.2394132018089294,,,,,,,,
flair2,seg-linear,mIoU,0.4049332737922668,0.0,0.0,1920,,0.001,8,4049,1022,3022,0,torchgeo_bench.models.TorchGeoSwinBench,tgeo_swinv2b_s2rgb_satlas_mi,bandspec_zscore,224,bilinear,default,all,-6,4,40,True,200,0.462489515542984,0.5839387774467468,0.5618039965629578,0.5465235114097595,,,,,,,,
kuro_siwo,seg-dpt,mIoU,0.5701569318771362,0.0,0.0,2880,,0.001,8,4000,1000,2000,0,torchgeo_bench.models.TimmPatchBenchModel,convnext_large_dinov3,bandspec_zscore,224,bilinear,default,all,-6,4,40,True,200,0.9194427728652954,0.78828364610672,0.6320732831954956,0.6948779821395874,,,,,,,,
caffe,seg-fpn,mIoU,0.5353817343711853,0.0,0.0,3840,,0.001,16,4000,1000,2000,0,torchgeo_bench.models.TimmPatchBenchModel,resnet50,bandspec_zscore,224,bilinear,default,all,-6,4,40,True,200,0.5575084686279297,0.6958727240562439,0.667019248008728,0.6643328666687012,,,,,,,,
fotw,seg-linear,mIoU,0.571731448173523,0.0,0.0,2880,,0.001,8,4000,1000,2000,0,torchgeo_bench.models.TimmPatchBenchModel,convnext_large_dinov3,bandspec_zscore,224,bilinear,default,all,-6,4,40,True,200,0.7443283200263977,0.7074745893478394,0.6567749977111816,0.6549329161643982,,,,,,,,
caffe,seg-fpn,mIoU,0.5492968559265137,0.0,0.0,2816,,0.001,16,4000,1000,2000,0,torchgeo_bench.models.TimmPatchBenchModel,densenet121,bandspec_zscore,224,bilinear,default,all,-6,4,40,True,200,0.5567640662193298,0.7165017127990723,0.6850608587265015,0.6784024238586426,,,,,,,,
fotw,seg-dpt,mIoU,0.6028906106948853,0.0,0.0,2880,,0.001,8,4000,1000,2000,0,torchgeo_bench.models.TimmPatchBenchModel,convnext_large_dinov3,bandspec_zscore,224,bilinear,default,all,-6,4,40,True,200,0.7847944498062134,0.7349110841751099,0.6786437034606934,0.6707065105438232,,,,,,,,
caffe,seg-fpn,mIoU,0.6100900173187256,0.0,0.0,2880,,0.001,8,4000,1000,2000,0,torchgeo_bench.models.TimmPatchBenchModel,convnext_large_dinov3,bandspec_zscore,224,bilinear,default,all,-6,4,40,True,200,0.5971924066543579,0.7572368383407593,0.7493103742599487,0.7362298965454102,,,,,,,,
kuro_siwo,seg-dpt,mIoU,0.5383089780807495,0.0,0.0,2880,,0.001,8,4000,1000,2000,0,torchgeo_bench.models.TimmPatchBenchModel,convnext_large_dinov3,bandspec_zscore,224,bilinear,default,rgb,-6,4,40,True,200,0.9160900712013244,0.8036593794822693,0.5909643173217773,0.6664048433303833,,,,,,,,
fotw,seg-dpt,mIoU,0.6094515323638916,0.0,0.0,2880,,0.001,8,4000,1000,2000,0,torchgeo_bench.models.TimmPatchBenchModel,convnext_large_dinov3,bandspec_zscore,224,bilinear,default,rgb,-6,4,40,True,200,0.7881777286529541,0.7521201968193054,0.6762025356292725,0.6760618686676025,,,,,,,,
kuro_siwo,seg-linear,mIoU,0.4552087783813476,0.0,0.0,3840,,0.001,16,4000,1000,2000,0,torchgeo_bench.models.TimmPatchBenchModel,resnet50,bandspec_zscore,224,bilinear,default,all,-6,4,40,True,200,0.8960053324699402,0.6942743062973022,0.5050749778747559,0.5691521763801575,,,,,,,,
kuro_siwo,seg-conv_block,mIoU,0.540224015712738,0.0,0.0,3840,,0.001,16,4000,1000,2000,0,torchgeo_bench.models.TimmPatchBenchModel,resnet50,bandspec_zscore,224,bilinear,default,rgb,-6,4,40,True,200,0.9181520938873292,0.7816012501716614,0.6039845943450928,0.6679476499557495,,,,,,,,
cloudsen12,seg-dpt,mIoU,0.64521324634552,0.0,0.0,2880,,0.001,8,4000,535,975,0,torchgeo_bench.models.TimmPatchBenchModel,convnext_large_dinov3,bandspec_zscore,224,bilinear,default,all,-6,4,40,True,200,0.7643281817436218,0.782775342464447,0.7562123537063599,0.7679693102836609,,,,,,,,
caffe,seg-linear,mIoU,0.5333550572395325,0.0,0.0,2816,,0.001,16,4000,1000,2000,0,torchgeo_bench.models.TimmPatchBenchModel,densenet121,bandspec_zscore,224,bilinear,default,all,-6,4,40,True,200,0.5569477677345276,0.6914796829223633,0.6665128469467163,0.6604276895523071,,,,,,,,
flair2,seg-conv_block,mIoU,0.4435453414916992,0.0,0.0,1920,,0.001,8,4049,1022,3022,0,torchgeo_bench.models.TorchGeoSwinBench,tgeo_swinv2b_s2rgb_satlas_mi,bandspec_zscore,224,bilinear,default,all,-6,4,40,True,200,0.5007245540618896,0.6354547739028931,0.587550163269043,0.5846973657608032,,,,,,,,
kuro_siwo,seg-fpn,mIoU,0.0032543474808335,0.0,0.0,2816,,0.001,16,4000,1000,2000,0,torchgeo_bench.models.TimmPatchBenchModel,densenet121,bandspec_zscore,224,bilinear,default,all,-6,4,40,True,200,0.0001694524544291,0.0032543472480028,0.25,0.0064250570721924,,,,,,,,
kuro_siwo,seg-linear,mIoU,0.5408320426940918,0.0,0.0,2880,,0.001,8,4000,1000,2000,0,torchgeo_bench.models.TimmPatchBenchModel,convnext_large_dinov3,bandspec_zscore,224,bilinear,default,all,-6,4,40,True,200,0.915988266468048,0.7841537594795227,0.598504900932312,0.6689029335975647,,,,,,,,
kuro_siwo,seg-fpn,mIoU,0.5565194487571716,0.0,0.0,2880,,0.001,8,4000,1000,2000,0,torchgeo_bench.models.TimmPatchBenchModel,convnext_large_dinov3,bandspec_zscore,224,bilinear,default,all,-6,4,40,True,200,0.9187955260276794,0.7614799737930298,0.629970908164978,0.6846052408218384,,,,,,,,
cloudsen12,seg-fpn,mIoU,0.6130520701408386,0.0,0.0,3840,,0.001,16,4000,535,975,0,torchgeo_bench.models.TimmPatchBenchModel,resnet50,bandspec_zscore,224,bilinear,default,all,-6,4,40,True,200,0.7402485013008118,0.7624167203903198,0.7233704924583435,0.7396636605262756,,,,,,,,
caffe,seg-dpt,mIoU,0.4940529465675354,0.0,0.0,1920,,0.001,8,4000,1000,2000,0,torchgeo_bench.models.TorchGeoSwinBench,tgeo_swinv2b_s2rgb_satlas_mi,bandspec_zscore,224,bilinear,default,rgb,-6,4,40,True,200,0.5311998724937439,0.6414384245872498,0.6635984778404236,0.6230019927024841,,,,,,,,
caffe,seg-dpt,mIoU,0.6056381464004517,0.0,0.0,2880,,0.001,8,4000,1000,2000,0,torchgeo_bench.models.TimmPatchBenchModel,convnext_large_dinov3,bandspec_zscore,224,bilinear,default,all,-6,4,40,True,200,0.595241904258728,0.7688968181610107,0.7369250655174255,0.7318248748779297,,,,,,,,
kuro_siwo,seg-dpt,mIoU,0.4958371520042419,0.0,0.0,3840,,0.001,16,4000,1000,2000,0,torchgeo_bench.models.TimmPatchBenchModel,resnet50,bandspec_zscore,224,bilinear,default,all,-6,4,40,True,200,0.9066043496131896,0.7701929807662964,0.542317271232605,0.6159661412239075,,,,,,,,
fotw,seg-conv_block,mIoU,0.5861429572105408,0.0,0.0,2816,,0.001,16,4000,1000,2000,0,torchgeo_bench.models.TimmPatchBenchModel,densenet121,bandspec_zscore,224,bilinear,default,rgb,-6,4,40,True,200,0.7592545747756958,0.7239388227462769,0.6620835661888123,0.6604936122894287,,,,,,,,
caffe,seg-linear,mIoU,0.5908026695251465,0.0,0.0,2880,,0.001,8,4000,1000,2000,0,torchgeo_bench.models.TimmPatchBenchModel,convnext_large_dinov3,bandspec_zscore,224,bilinear,default,rgb,-6,4,40,True,200,0.6078686714172363,0.7414563298225403,0.7233150005340576,0.7186859250068665,,,,,,,,
kuro_siwo,seg-dpt,mIoU,0.0604027286171913,0.0,0.0,2816,,0.001,16,4000,1000,2000,0,torchgeo_bench.models.TimmPatchBenchModel,densenet121,bandspec_zscore,224,bilinear,default,rgb,-6,4,40,True,200,0.2123454958200454,0.2391019463539123,0.1661707907915115,0.0991250798106193,,,,,,,,
caffe,seg-dpt,mIoU,0.5203633308410645,0.0,0.0,2816,,0.001,16,4000,1000,2000,0,torchgeo_bench.models.TimmPatchBenchModel,densenet121,bandspec_zscore,224,bilinear,default,all,-6,4,40,True,200,0.5368366837501526,0.7094577550888062,0.6436330080032349,0.6453152894973755,,,,,,,,
fotw,seg-fpn,mIoU,0.5966928005218506,0.0,0.0,2816,,0.001,16,4000,1000,2000,0,torchgeo_bench.models.TimmPatchBenchModel,densenet121,bandspec_zscore,224,bilinear,default,all,-6,4,40,True,200,0.7757081389427185,0.7403135895729065,0.6716809272766113,0.666519284248352,,,,,,,,
fotw,seg-conv_block,mIoU,0.5301424860954285,0.0,0.0,3840,,0.001,16,4000,1000,2000,0,torchgeo_bench.models.TimmPatchBenchModel,resnet50,bandspec_zscore,224,bilinear,default,all,-6,4,40,True,200,0.7044885754585266,0.672403872013092,0.6376519203186035,0.6198763847351074,,,,,,,,
flair2,seg-fpn,mIoU,0.4507701992988586,0.0,0.0,3840,,0.001,16,4049,1022,3022,0,torchgeo_bench.models.TimmPatchBenchModel,resnet50,bandspec_zscore,224,bilinear,default,rgb,-6,4,40,True,200,0.5014839172363281,0.6424281597137451,0.593140721321106,0.6007109880447388,,,,,,,,
fotw,seg-dpt,mIoU,0.2943388223648071,0.0,0.0,1920,,0.001,8,4000,1000,2000,0,torchgeo_bench.models.TorchGeoSwinBench,tgeo_swinv2b_s2rgb_satlas_mi,bandspec_zscore,224,bilinear,default,all,-6,4,40,True,200,0.5626197457313538,0.3426336050033569,0.3891682624816894,0.3643991947174072,,,,,,,,
caffe,seg-conv_block,mIoU,0.547571063041687,0.0,0.0,3840,,0.001,16,4000,1000,2000,0,torchgeo_bench.models.TimmPatchBenchModel,resnet50,bandspec_zscore,224,bilinear,default,rgb,-6,4,40,True,200,0.5668248534202576,0.6970828771591187,0.6921586394309998,0.6767383217811584,,,,,,,,
fotw,seg-dpt,mIoU,0.5684370994567871,0.0,0.0,3840,,0.001,16,4000,1000,2000,0,torchgeo_bench.models.TimmPatchBenchModel,resnet50,bandspec_zscore,224,bilinear,default,rgb,-6,4,40,True,200,0.7480072975158691,0.7236835956573486,0.6479434967041016,0.64647376537323,,,,,,,,
caffe,seg-conv_block,mIoU,0.5448743104934692,0.0,0.0,2816,,0.001,16,4000,1000,2000,0,torchgeo_bench.models.TimmPatchBenchModel,densenet121,bandspec_zscore,224,bilinear,default,rgb,-6,4,40,True,200,0.5628790855407715,0.705227255821228,0.6756758689880371,0.6734704375267029,,,,,,,,
caffe,seg-linear,mIoU,0.4915913939476013,0.0,0.0,1920,,0.001,8,4000,1000,2000,0,torchgeo_bench.models.TorchGeoSwinBench,tgeo_swinv2b_s2rgb_satlas_mi,bandspec_zscore,224,bilinear,default,all,-6,4,40,True,200,0.5229490995407104,0.6508687734603882,0.6564083099365234,0.6220396161079407,,,,,,,,
kuro_siwo,seg-fpn,mIoU,0.492800772190094,0.0,0.0,3840,,0.001,16,4000,1000,2000,0,torchgeo_bench.models.TimmPatchBenchModel,resnet50,bandspec_zscore,224,bilinear,default,rgb,-6,4,40,True,200,0.9051395654678344,0.6937154531478882,0.5704134106636047,0.6201740503311157,,,,,,,,
fotw,seg-dpt,mIoU,0.5931073427200317,0.0,0.0,2816,,0.001,16,4000,1000,2000,0,torchgeo_bench.models.TimmPatchBenchModel,densenet121,bandspec_zscore,224,bilinear,default,all,-6,4,40,True,200,0.7733623385429382,0.7387409210205078,0.6659649610519409,0.6613785624504089,,,,,,,,
cloudsen12,seg-dpt,mIoU,0.636411726474762,0.0,0.0,2816,,0.001,16,4000,535,975,0,torchgeo_bench.models.TimmPatchBenchModel,densenet121,bandspec_zscore,224,bilinear,default,rgb,-6,4,40,True,200,0.7585160732269287,0.7774055004119873,0.7495812773704529,0.7618841528892517,,,,,,,,
flair2,seg-conv_block,mIoU,0.4447649121284485,0.0,0.0,3840,,0.001,16,4049,1022,3022,0,torchgeo_bench.models.TimmPatchBenchModel,resnet50,bandspec_zscore,224,bilinear,default,all,-6,4,40,True,200,0.5050378441810608,0.6132046580314636,0.6041226983070374,0.5889407396316528,,,,,,,,
kuro_siwo,seg-linear,mIoU,0.4917485415935516,0.0,0.0,3840,,0.001,16,4000,1000,2000,0,torchgeo_bench.models.TimmPatchBenchModel,resnet50,bandspec_zscore,224,bilinear,default,rgb,-6,4,40,True,200,0.9011273980140686,0.7576335668563843,0.5418828129768372,0.6184697151184082,,,,,,,,
fotw,seg-dpt,mIoU,0.4580754935741424,0.0,0.0,1920,,0.001,8,4000,1000,2000,0,torchgeo_bench.models.TorchGeoSwinBench,tgeo_swinv2b_s2rgb_satlas_mi,bandspec_zscore,224,bilinear,default,rgb,-6,4,40,True,200,0.6545599102973938,0.6744982004165649,0.5428640246391296,0.5651600956916809,,,,,,,,
caffe,seg-dpt,mIoU,0.6074944734573364,0.0,0.0,2880,,0.001,8,4000,1000,2000,0,torchgeo_bench.models.TimmPatchBenchModel,convnext_large_dinov3,bandspec_zscore,224,bilinear,default,rgb,-6,4,40,True,200,0.5909890532493591,0.7671397924423218,0.7443244457244873,0.7327289581298828,,,,,,,,
caffe,seg-linear,mIoU,0.5908079147338867,0.0,0.0,2880,,0.001,8,4000,1000,2000,0,torchgeo_bench.models.TimmPatchBenchModel,convnext_large_dinov3,bandspec_zscore,224,bilinear,default,all,-6,4,40,True,200,0.6078715324401855,0.7414582371711731,0.7233195304870605,0.7186917662620544,,,,,,,,
flair2,seg-linear,mIoU,0.4314852058887481,0.0,0.0,2816,,0.001,16,4049,1022,3022,0,torchgeo_bench.models.TimmPatchBenchModel,densenet121,bandspec_zscore,224,bilinear,default,rgb,-6,4,40,True,200,0.4815617799758911,0.6304616928100586,0.5823857188224792,0.5828086733818054,,,,,,,,
flair2,seg-conv_block,mIoU,0.4401762187480926,0.0,0.0,1920,,0.001,8,4049,1022,3022,0,torchgeo_bench.models.TorchGeoSwinBench,tgeo_swinv2b_s2rgb_satlas_mi,bandspec_zscore,224,bilinear,default,rgb,-6,4,40,True,200,0.4886009097099304,0.6440731883049011,0.5836572647094727,0.5894228219985962,,,,,,,,
kuro_siwo,seg-fpn,mIoU,0.0032543474808335,0.0,0.0,2816,,0.001,16,4000,1000,2000,0,torchgeo_bench.models.TimmPatchBenchModel,densenet121,bandspec_zscore,224,bilinear,default,rgb,-6,4,40,True,200,0.0001694524544291,0.0032543472480028,0.25,0.0064250570721924,,,,,,,,
fotw,seg-fpn,mIoU,0.5914041996002197,0.0,0.0,2816,,0.001,16,4000,1000,2000,0,torchgeo_bench.models.TimmPatchBenchModel,densenet121,bandspec_zscore,224,bilinear,default,rgb,-6,4,40,True,200,0.7682788372039795,0.7366892099380493,0.6621743440628052,0.6628250479698181,,,,,,,,
kuro_siwo,seg-dpt,mIoU,0.5384635329246521,0.0,0.0,3840,,0.001,16,4000,1000,2000,0,torchgeo_bench.models.TimmPatchBenchModel,resnet50,bandspec_zscore,224,bilinear,default,rgb,-6,4,40,True,200,0.916015625,0.7934996485710144,0.5941376090049744,0.6674589514732361,,,,,,,,
cloudsen12,seg-linear,mIoU,0.6243634223937988,0.0,0.0,4096,,0.001,8,4000,535,975,0,torchgeo_bench.models.TorchGeoScaleMAEBench,tgeo_scalemae_large_fmow,bandspec_zscore,224,bilinear,default,rgb,-6,4,40,True,200,0.7429285645484924,0.7732423543930054,0.7407019138336182,0.7547105550765991,,,,,,,,
flair2,seg-linear,mIoU,0.4912341237068176,0.0,0.0,2880,,0.001,8,4049,1022,3022,0,torchgeo_bench.models.TimmPatchBenchModel,convnext_large_dinov3,bandspec_zscore,224,bilinear,default,all,-6,4,40,True,200,0.5350883603096008,0.6489152312278748,0.6560399532318115,0.637956440448761,,,,,,,,
fotw,seg-conv_block,mIoU,0.5940499305725098,0.0,0.0,4096,,0.001,8,4000,1000,2000,0,torchgeo_bench.models.TorchGeoScaleMAEBench,tgeo_scalemae_large_fmow,bandspec_zscore,224,bilinear,default,rgb,-6,4,40,True,200,0.7711535692214966,0.6947685480117798,0.664002001285553,0.6612364053726196,,,,,,,,
flair2,seg-fpn,mIoU,0.4819929599761963,0.0,0.0,4096,,0.001,8,4049,1022,3022,0,torchgeo_bench.models.TorchGeoScaleMAEBench,tgeo_scalemae_large_fmow,bandspec_zscore,224,bilinear,default,rgb,-6,4,40,True,200,0.5329198837280273,0.6631838083267212,0.6273984313011169,0.6298969984054565,,,,,,,,
flair2,seg-dpt,mIoU,0.43456900119781494,0.0,0.0,3840,,0.001,16,4049,1022,3022,0,torchgeo_bench.models.TimmPatchBenchModel,resnet50,bandspec_zscore,224,bilinear,default,rgb,-6,4,40,True,200,0.4927242696285248,0.6366720795631409,0.5773717164993286,0.5840538740158081,,,,,,,,
fotw,seg-fpn,mIoU,0.5936250686645508,0.0,0.0,4096,,0.001,8,4000,1000,2000,0,torchgeo_bench.models.TorchGeoScaleMAEBench,tgeo_scalemae_large_fmow,bandspec_zscore,224,bilinear,default,rgb,-6,4,40,True,200,0.77033531665802,0.690122663974762,0.6669938564300537,0.6610112190246582,,,,,,,,
cloudsen12,seg-dpt,mIoU,0.6508797407150269,0.0,0.0,4096,,0.001,8,4000,535,975,0,torchgeo_bench.models.TorchGeoScaleMAEBench,tgeo_scalemae_large_fmow,bandspec_zscore,224,bilinear,default,rgb,-6,4,40,True,200,0.7665141224861145,0.7917723059654236,0.761749267578125,0.7752957940101624,,,,,,,,
cloudsen12,seg-conv_block,mIoU,0.633877158164978,0.0,0.0,4096,,0.001,8,4000,535,975,0,torchgeo_bench.models.TorchGeoScaleMAEBench,tgeo_scalemae_large_fmow,bandspec_zscore,224,bilinear,default,rgb,-6,4,40,True,200,0.7494015097618103,0.7777644991874695,0.7518556118011475,0.7626664638519287,,,,,,,,
cloudsen12,seg-linear,mIoU,0.6058893203735352,0.0,0.0,2880,,0.001,8,4000,535,975,0,torchgeo_bench.models.TimmPatchBenchModel,convnext_large_dinov3,bandspec_zscore,224,bilinear,default,all,-6,4,40,True,200,0.7333942651748657,0.7638964653015137,0.7156477570533752,0.7348082065582275,,,,,,,,
flair2,seg-linear,mIoU,0.453743577003479,0.0,0.0,2816,,0.001,16,4049,1022,3022,0,torchgeo_bench.models.TimmPatchBenchModel,densenet121,bandspec_zscore,224,bilinear,default,all,-6,4,40,True,200,0.5079827308654785,0.6396826505661011,0.6091463565826416,0.601304292678833,,,,,,,,
fotw,seg-conv_block,mIoU,0.5298087000846863,0.0,0.0,1920,,0.001,8,4000,1000,2000,0,torchgeo_bench.models.TorchGeoSwinBench,tgeo_swinv2b_s2rgb_satlas_mi,bandspec_zscore,224,bilinear,default,rgb,-6,4,40,True,200,0.6981929540634155,0.7052985429763794,0.6134577393531799,0.6233335733413696,,,,,,,,
kuro_siwo,seg-linear,mIoU,0.0032543474808335304,0.0,0.0,2816,,0.001,16,4000,1000,2000,0,torchgeo_bench.models.TimmPatchBenchModel,densenet121,bandspec_zscore,224,bilinear,default,rgb,-6,4,40,True,200,0.00016945245442911983,0.0032543472480028868,0.25,0.0064250570721924305,,,,,,,,
flair2,seg-conv_block,mIoU,0.4458697438240051,0.0,0.0,3840,,0.001,16,4049,1022,3022,0,torchgeo_bench.models.TimmPatchBenchModel,resnet50,bandspec_zscore,224,bilinear,default,rgb,-6,4,40,True,200,0.4986216723918915,0.6434612274169922,0.5921383500099182,0.5955835580825806,,,,,,,,
caffe,seg-linear,mIoU,0.4915763735771179,0.0,0.0,1920,,0.001,8,4000,1000,2000,0,torchgeo_bench.models.TorchGeoSwinBench,tgeo_swinv2b_s2rgb_satlas_mi,bandspec_zscore,224,bilinear,default,rgb,-6,4,40,True,200,0.5229286551475525,0.6508750915527344,0.6563835144042969,0.6220229864120483,,,,,,,,
pastis,seg-conv_block,mIoU,0.09087654948234558,0.0,0.0,4096,,0.001,8,1455,482,496,0,torchgeo_bench.models.TorchGeoScaleMAEBench,tgeo_scalemae_large_fmow,bandspec_zscore,224,bilinear,default,rgb,-6,4,40,True,200,0.34025341272354126,0.21340906620025635,0.13728973269462585,0.13877525925636292,,,,,,,,
cloudsen12,seg-fpn,mIoU,0.6349785327911377,0.0,0.0,4096,,0.001,8,4000,535,975,0,torchgeo_bench.models.TorchGeoScaleMAEBench,tgeo_scalemae_large_fmow,bandspec_zscore,224,bilinear,default,rgb,-6,4,40,True,200,0.7504408359527588,0.7786311507225037,0.7518311738967896,0.7634636163711548,,,,,,,,
flair2,seg-conv_block,mIoU,0.47741997241973877,0.0,0.0,4096,,0.001,8,4049,1022,3022,0,torchgeo_bench.models.TorchGeoScaleMAEBench,tgeo_scalemae_large_fmow,bandspec_zscore,224,bilinear,default,rgb,-6,4,40,True,200,0.5329412221908569,0.666777491569519,0.6173686385154724,0.6233139038085938,,,,,,,,
flair2,seg-linear,mIoU,0.4175686240196228,0.0,0.0,1440,,0.001,16,4049,1022,3022,0,torchgeo_bench.models.TimmPatchBenchModel,convnext_tiny,bandspec_zscore,224,bilinear,default,rgb,-6,4,40,True,200,0.4798066020011902,0.6200405955314636,0.5606725215911865,0.5674248933792114,,,,,,,,
burn_scars,seg-dpt,mIoU,0.8063604235649109,0.0,0.0,4096,,0.001,8,524,160,120,0,torchgeo_bench.models.TorchGeoScaleMAEBench,tgeo_scalemae_large_fmow,bandspec_zscore,224,bilinear,default,rgb,-6,4,40,True,200,0.897089958190918,0.9200160503387451,0.8492149114608765,0.8776470422744751,,,,,,,,
fotw,seg-linear,mIoU,0.5738519430160522,0.0,0.0,4096,,0.001,8,4000,1000,2000,0,torchgeo_bench.models.TorchGeoScaleMAEBench,tgeo_scalemae_large_fmow,bandspec_zscore,224,bilinear,default,rgb,-6,4,40,True,200,0.7458787560462952,0.6922476887702942,0.6547053456306458,0.6483417749404907,,,,,,,,
burn_scars,seg-fpn,mIoU,0.8231781125068665,0.0,0.0,4096,,0.001,8,524,160,120,0,torchgeo_bench.models.TorchGeoScaleMAEBench,tgeo_scalemae_large_fmow,bandspec_zscore,224,bilinear,default,rgb,-6,4,40,True,200,0.9030318260192871,0.9088515043258667,0.8760937452316284,0.890860378742218,,,,,,,,
fotw,seg-fpn,mIoU,0.6094882488250732,0.0,0.0,2880,,0.001,8,4000,1000,2000,0,torchgeo_bench.models.TimmPatchBenchModel,convnext_large_dinov3,bandspec_zscore,224,bilinear,default,all,-6,4,40,True,200,0.7893930077552795,0.7538719177246094,0.6770080327987671,0.6764311790466309,,,,,,,,
pastis,seg-linear,mIoU,0.085130974650383,0.0,0.0,4096,,0.001,8,1455,482,496,0,torchgeo_bench.models.TorchGeoScaleMAEBench,tgeo_scalemae_large_fmow,bandspec_zscore,224,bilinear,default,rgb,-6,4,40,True,200,0.324669748544693,0.23077932000160217,0.1271660029888153,0.13192981481552124,,,,,,,,
burn_scars,seg-linear,mIoU,0.8163415789604187,0.0,0.0,4096,,0.001,8,524,160,120,0,torchgeo_bench.models.TorchGeoScaleMAEBench,tgeo_scalemae_large_fmow,bandspec_zscore,224,bilinear,default,rgb,-6,4,40,True,200,0.8981444835662842,0.8976765871047974,0.875584065914154,0.8857954740524292,,,,,,,,
cloudsen12,seg-conv_block,mIoU,0.6400911808013916,0.0,0.0,3840,,0.001,16,4000,535,975,0,torchgeo_bench.models.TimmPatchBenchModel,resnet50,bandspec_zscore,224,bilinear,default,rgb,-6,4,40,True,200,0.7617689371109009,0.7818528413772583,0.7505313754081726,0.7645609378814697,,,,,,,,
flair2,seg-dpt,mIoU,0.46216607093811035,0.0,0.0,2816,,0.001,16,4049,1022,3022,0,torchgeo_bench.models.TimmPatchBenchModel,densenet121,bandspec_zscore,224,bilinear,default,all,-6,4,40,True,200,0.5167244076728821,0.6493701338768005,0.6145811676979065,0.6092557311058044,,,,,,,,
flair2,seg-linear,mIoU,0.47660958766937256,0.0,0.0,4096,,0.001,8,4049,1022,3022,0,torchgeo_bench.models.TorchGeoScaleMAEBench,tgeo_scalemae_large_fmow,bandspec_zscore,224,bilinear,default,rgb,-6,4,40,True,200,0.5223803520202637,0.6484151482582092,0.6281837224960327,0.6243796348571777,,,,,,,,
flair2,seg-dpt,mIoU,0.4366251230239868,0.0,0.0,1440,,0.001,16,4049,1022,3022,0,torchgeo_bench.models.TimmPatchBenchModel,convnext_tiny,bandspec_zscore,224,bilinear,default,rgb,-6,4,40,True,200,0.4944626986980438,0.6418766975402832,0.5791596174240112,0.5872873067855835,,,,,,,,
pastis,seg-dpt,mIoU,0.12147364020347595,0.0,0.0,4096,,0.001,8,1455,482,496,0,torchgeo_bench.models.TorchGeoScaleMAEBench,tgeo_scalemae_large_fmow,bandspec_zscore,224,bilinear,default,rgb,-6,4,40,True,200,0.3623703122138977,0.24517405033111572,0.18270565569400787,0.1905093938112259,,,,,,,,
pastis,seg-fpn,mIoU,0.11766184121370316,0.0,0.0,4096,,0.001,8,1455,482,496,0,torchgeo_bench.models.TorchGeoScaleMAEBench,tgeo_scalemae_large_fmow,bandspec_zscore,224,bilinear,default,rgb,-6,4,40,True,200,0.36136746406555176,0.253987580537796,0.17566101253032684,0.18343204259872437,,,,,,,,
flair2,seg-fpn,mIoU,0.4367547929286957,0.0,0.0,1920,,0.001,8,4049,1022,3022,0,torchgeo_bench.models.TorchGeoSwinBench,tgeo_swinv2b_s2rgb_satlas_mi,bandspec_zscore,224,bilinear,default,all,-6,4,40,True,200,0.4948672652244568,0.6200225949287415,0.5857939720153809,0.5787922739982605,,,,,,,,
burn_scars,seg-conv_block,mIoU,0.8230896592140198,0.0,0.0,4096,,0.001,8,524,160,120,0,torchgeo_bench.models.TorchGeoScaleMAEBench,tgeo_scalemae_large_fmow,bandspec_zscore,224,bilinear,default,rgb,-6,4,40,True,200,0.9025294780731201,0.9114357233047485,0.8730167746543884,0.8905318379402161,,,,,,,,
fotw,seg-dpt,mIoU,0.5750796794891357,0.0,0.0,4096,,0.001,8,4000,1000,2000,0,torchgeo_bench.models.TorchGeoScaleMAEBench,tgeo_scalemae_large_fmow,bandspec_zscore,224,bilinear,default,rgb,-6,4,40,True,200,0.749076247215271,0.6529238224029541,0.6489414572715759,0.6492264866828918,,,,,,,,
flair2,seg-fpn,mIoU,0.4624129831790924,0.0,0.0,2816,,0.001,16,4049,1022,3022,0,torchgeo_bench.models.TimmPatchBenchModel,densenet121,bandspec_zscore,224,bilinear,default,rgb,-6,4,40,True,200,0.5107829570770264,0.6590985059738159,0.6065819263458252,0.610419750213623,,,,,,,,
flair2,seg-dpt,mIoU,0.4583643674850464,0.0,0.0,4096,,0.001,8,4049,1022,3022,0,torchgeo_bench.models.TorchGeoScaleMAEBench,tgeo_scalemae_large_fmow,bandspec_zscore,224,bilinear,default,rgb,-6,4,40,True,200,0.5153765082359314,0.633863627910614,0.6019976139068604,0.6014273166656494,,,,,,,,
